2026-07-17T12:42:34.1842518+00:00 ContainerStatus: State: Starting, Action: EstablishingSiteNetworks, LastError: ContainerTimeout, LastErrorTimestamp: 07/16/2026 05:58:10, LastErrorDetails: Container did not start within expected time limit of 230s. Please inspect your container logs for more details., Details: Site stopped at 07/16/2026 05:58:11 (UTC), DetailsLevel: WARN
2026-07-17T12:42:36.9974830+00:00 ContainerStatus: State: Starting, Action: StartingSiteContainers, LastError: ContainerTimeout, LastErrorTimestamp: 07/16/2026 05:58:10, LastErrorDetails: Container did not start within expected time limit of 230s. Please inspect your container logs for more details., Details: Site stopped at 07/16/2026 05:58:11 (UTC), DetailsLevel: WARN
2026-07-17T12:42:36.9978709+00:00 ContainerStatus: Container start method called.
2026-07-17T12:42:37.0052535+00:00 ContainerStatus: State: Starting, Action: PullingImage, LastError: ContainerTimeout, LastErrorTimestamp: 07/16/2026 05:58:10, LastErrorDetails: Container did not start within expected time limit of 230s. Please inspect your container logs for more details., Details: Pulling image 10.1.0.4:13209/appsvc/node:22-lts_20260504.4.tuxprod for babitk-app., DetailsLevel: INFO
2026-07-17T12:42:37.0053653+00:00 ContainerStatus: Establishing network.
2026-07-17T12:42:37.0054811+00:00 ContainerStatus: Pulling image: appsvc/node:22-lts_20260504.4.tuxprod.
2026-07-17T12:42:37.5059624+00:00 ContainerStatus: Container is starting.
2026-07-17T12:42:37.5060659+00:00 ContainerStatus: State: Starting, Action: MountingVolumes, LastError: ContainerTimeout, LastErrorTimestamp: 07/16/2026 05:58:10, LastErrorDetails: Container did not start within expected time limit of 230s. Please inspect your container logs for more details., Details: Mounting volumes for babitk-app., DetailsLevel: INFO
2026-07-17T12:42:37.5061426+00:00 ContainerStatus: Establishing user namespace if not established already.
2026-07-17T12:42:37.5132291+00:00 ContainerStatus: Establishing network if not established already.
2026-07-17T12:42:37.5133922+00:00 ContainerStatus: Mounting volumes.
2026-07-17T12:42:37.5135878+00:00 ContainerStatus: Nested mountpoint 
2026-07-17T12:42:37.6249897+00:00 ContainerStatus: Nested mountpoint volatile/logs
2026-07-17T12:42:37.6636974+00:00 ContainerStatus: Nested mountpoint 
2026-07-17T12:42:37.7238493+00:00 ContainerStatus: Nested mountpoint 
2026-07-17T12:42:37.7349636+00:00 ContainerStatus: Nested mountpoint 
2026-07-17T12:42:37.8930498+00:00 ContainerStatus: Nested mountpoint 
2026-07-17T12:42:38.3144208+00:00 ContainerStatus: State: Starting, Action: CreatingContainer, LastError: ContainerTimeout, LastErrorTimestamp: 07/16/2026 05:58:10, LastErrorDetails: Container did not start within expected time limit of 230s. Please inspect your container logs for more details., Details: Finished pulling container image and mounting volumes for babitk-app. Allocatinng the rest of the container resources to finish container creation., DetailsLevel: INFO
2026-07-17T12:42:38.3150536+00:00 ContainerStatus: Creating container.
2026-07-17T12:42:38.3159165+00:00 ContainerStatus: Creating pipes for streaming container io.
2026-07-17T12:42:38.3163048+00:00 ContainerStatus: Creating stdout named pipe at /podr/container/pipe/f23537911e44_babitk-app/stdout_ce24729e30424a9b92f2f8d171701d97.
2026-07-17T12:42:38.3167975+00:00 ContainerStatus: Successfully created stdout named pipe at: /podr/container/pipe/f23537911e44_babitk-app/stdout_ce24729e30424a9b92f2f8d171701d97.
2026-07-17T12:42:38.3240980+00:00 ContainerStatus: Opening named pipe /podr/container/pipe/f23537911e44_babitk-app/stdout_ce24729e30424a9b92f2f8d171701d97 for reading in non-blocking mode.
2026-07-17T12:42:38.3242548+00:00 ContainerStatus: Successfully opened named pipe: /podr/container/pipe/f23537911e44_babitk-app/stdout_ce24729e30424a9b92f2f8d171701d97.
2026-07-17T12:42:38.3245405+00:00 ContainerStatus: Successfully removed non-blocking flag from /podr/container/pipe/f23537911e44_babitk-app/stdout_ce24729e30424a9b92f2f8d171701d97.
2026-07-17T12:42:38.3249502+00:00 ContainerStatus: Creating stderr named pipe at /podr/container/pipe/f23537911e44_babitk-app/stderr_ca25412187b04f85ade84bb2f2816280.
2026-07-17T12:42:38.3250940+00:00 ContainerStatus: Successfully created stderr named pipe at: /podr/container/pipe/f23537911e44_babitk-app/stderr_ca25412187b04f85ade84bb2f2816280.
2026-07-17T12:42:38.3263855+00:00 ContainerStatus: Opening named pipe /podr/container/pipe/f23537911e44_babitk-app/stderr_ca25412187b04f85ade84bb2f2816280 for reading in non-blocking mode.
2026-07-17T12:42:38.3265720+00:00 ContainerStatus: Successfully opened named pipe: /podr/container/pipe/f23537911e44_babitk-app/stderr_ca25412187b04f85ade84bb2f2816280.
2026-07-17T12:42:38.3266560+00:00 ContainerStatus: Successfully removed non-blocking flag from /podr/container/pipe/f23537911e44_babitk-app/stderr_ca25412187b04f85ade84bb2f2816280.
2026-07-17T12:42:38.3341811+00:00 ContainerStatus: Creating container with image: appsvc/node:22-lts_20260504.4.tuxprod from registry: 10.1.0.4:13209 and fully qualified image name: 10.1.0.4:13209/appsvc/node:22-lts_20260504.4.tuxprod
2026-07-17T12:42:39.5270524+00:00 ContainerStatus: Starting container: f23537911e44_babitk-app.
2026-07-17T12:42:39.6030954+00:00 ContainerStatus: Starting watchers and probes.
2026-07-17T12:42:39.6034120+00:00 ContainerStatus: Starting metrics collection.
2026-07-17T12:42:39.6126076+00:00 ContainerStatus: Container is running.
2026-07-17T12:42:39.6132389+00:00 ContainerStatus: State: Starting, Action: CreatingContainer, LastError: ContainerTimeout, LastErrorTimestamp: 07/16/2026 05:58:10, LastErrorDetails: Container did not start within expected time limit of 230s. Please inspect your container logs for more details., Details: Container babitk-app successfully created and is running., DetailsLevel: INFO
2026-07-17T12:42:39.9421747+00:00 ContainerStatus: Container start method finished after 2944 ms.
2026-07-17T12:42:39.9423379+00:00 ContainerStatus: State: Starting, Action: InitiatingSiteWarmUpProbe, LastError: ContainerTimeout, LastErrorTimestamp: 07/16/2026 05:58:10, LastErrorDetails: Container did not start within expected time limit of 230s. Please inspect your container logs for more details., Details: Container babitk-app successfully created and is running., DetailsLevel: INFO
2026-07-17T12:42:39.9515984+00:00 ContainerStatus: State: Starting, Action: WaitingForSiteWarmUpProbeSuccess, LastError: ContainerTimeout, LastErrorTimestamp: 07/16/2026 05:58:10, LastErrorDetails: Container did not start within expected time limit of 230s. Please inspect your container logs for more details., Details: Pinging warmup path to ensure container is ready to receive requests., DetailsLevel: INFO
2026-07-17T12:42:40.6530376+00:00 ContainerStream:    _____                               
2026-07-17T12:42:40.6531852+00:00 ContainerStream:   /  _  \ __________ _________   ____  
2026-07-17T12:42:40.6531885+00:00 ContainerStream:  /  /_\  \\___   /  |  \_  __ \_/ __ \ 
2026-07-17T12:42:40.6531903+00:00 ContainerStream: /    |    \/    /|  |  /|  | \/\  ___/ 
2026-07-17T12:42:40.6531921+00:00 ContainerStream: \____|__  /_____ \____/ |__|    \___  >
2026-07-17T12:42:40.6531945+00:00 ContainerStream:         \/      \/                  \/ 
2026-07-17T12:42:40.6531987+00:00 ContainerStream: A P P   S E R V I C E   O N   L I N U X
2026-07-17T12:42:40.6532002+00:00 ContainerStream: 
2026-07-17T12:42:40.6532030+00:00 ContainerStream: Documentation    : http://aka.ms/webapp-linux
2026-07-17T12:42:40.6532050+00:00 ContainerStream: NodeJS quickstart: https://aka.ms/node-qs
2026-07-17T12:42:40.6532068+00:00 ContainerStream: NodeJS Version   : v22.22.2
2026-07-17T12:42:40.6532086+00:00 ContainerStream: Instance Name    : lw1sdlwk0000OJ
2026-07-17T12:42:40.6532126+00:00 ContainerStream: Instance Id      : e853b0d521c13ae8cb31bbb09a3a1872c5b2865061d0d453c8b371a72b35cb7a
2026-07-17T12:42:40.6532143+00:00 ContainerStream: 
2026-07-17T12:42:40.6532159+00:00 ContainerStream: Note: Any data outside '/home' is not persisted
2026-07-17T12:42:43.8197585+00:00 ContainerStream: Starting OpenBSD Secure Shell server: sshd.
2026-07-17T12:42:43.8403911+00:00 ContainerStream: WEBSITES_INCLUDE_CLOUD_CERTS is not set to true.
2026-07-17T12:42:43.8978483+00:00 ContainerStream: Updating certificates in /etc/ssl/certs...
2026-07-17T12:42:57.8503187+00:00 ContainerStream: rehash: warning: skipping duplicate certificate in azl_SSL.com_TLS_ECC_Root_CA_2022.pem
2026-07-17T12:42:57.8675281+00:00 ContainerStream: rehash: warning: skipping duplicate certificate in azl_SSL.com_TLS_RSA_Root_CA_2022.pem
2026-07-17T12:42:58.1475330+00:00 ContainerStream: rehash: warning: skipping ca-certificates.crt,it does not contain exactly one certificate or CRL
2026-07-17T12:42:58.2183125+00:00 ContainerStream: 4 added, 0 removed; done.
2026-07-17T12:42:58.2541623+00:00 ContainerStream: Running hooks in /etc/ca-certificates/update.d...
2026-07-17T12:42:58.2900371+00:00 ContainerStream: done.
2026-07-17T12:42:58.3380405+00:00 ContainerStream: CA certificates copied and updated successfully.
2026-07-17T12:42:58.5806854+00:00 ContainerStream: Starting periodic command scheduler: cron.
2026-07-17T12:42:59.2861048+00:00 ContainerStream: Could not find build manifest file at '/home/site/wwwroot/oryx-manifest.toml'
2026-07-17T12:42:59.2861522+00:00 ContainerStream: Could not find operation ID in manifest. Generating an operation id...
2026-07-17T12:42:59.2861553+00:00 ContainerStream: Build Operation ID: d1c14377-9ceb-43f9-837b-11ce5efcb7ee
2026-07-17T12:42:59.6983688+00:00 ContainerStream: Environment Variables for Application Insight's IPA Codeless Configuration exists..
2026-07-17T12:42:59.7205831+00:00 ContainerStream: Writing output script to '/opt/startup/startup.sh'
2026-07-17T12:42:59.7557643+00:00 ContainerStream: Running #!/bin/sh
2026-07-17T12:42:59.7733879+00:00 ContainerStream: 
2026-07-17T12:42:59.7734027+00:00 ContainerStream: # Enter the source directory to make sure the script runs where the user expects
2026-07-17T12:42:59.7734057+00:00 ContainerStream: cd "/home/site/wwwroot"
2026-07-17T12:42:59.7734075+00:00 ContainerStream: 
2026-07-17T12:42:59.7734093+00:00 ContainerStream: export NODE_PATH=/usr/local/lib/node_modules:$NODE_PATH
2026-07-17T12:42:59.7734110+00:00 ContainerStream: if [ -z "$PORT" ]; then
2026-07-17T12:42:59.7734127+00:00 ContainerStream: 		export PORT=8080
2026-07-17T12:42:59.7734142+00:00 ContainerStream: fi
2026-07-17T12:42:59.7734179+00:00 ContainerStream: 
2026-07-17T12:42:59.7736220+00:00 ContainerStream: PATH="$PATH:/home/site/wwwroot" npx --yes serve -s . -l $PORT
2026-07-17T12:43:02.9572569+00:00 ContainerStream: npm info using npm@10.9.2
2026-07-17T12:43:02.9572921+00:00 ContainerStream: npm info using node@v22.22.2
2026-07-17T12:43:06.7889243+00:00 ContainerStream: npm http fetch GET 200 https://registry.npmjs.org/npm 291ms
2026-07-17T12:43:07.1305299+00:00 ContainerStream: npm http fetch GET 200 https://registry.npmjs.org/serve 451ms (cache miss)
2026-07-17T12:43:08.2435847+00:00 ContainerStream: npm http fetch GET 200 https://registry.npmjs.org/serve 120ms (cache miss)
2026-07-17T12:43:08.3339012+00:00 ContainerStream: npm http fetch GET 200 https://registry.npmjs.org/@zeit%2fschemas 61ms (cache miss)
2026-07-17T12:43:08.4476877+00:00 ContainerStream: npm http fetch GET 200 https://registry.npmjs.org/ajv 104ms (cache miss)
2026-07-17T12:43:08.5174819+00:00 ContainerStream: npm http fetch GET 200 https://registry.npmjs.org/arg 40ms (cache miss)
2026-07-17T12:43:08.5696693+00:00 ContainerStream: npm http fetch GET 200 https://registry.npmjs.org/boxen 43ms (cache miss)
2026-07-17T12:43:08.7288166+00:00 ContainerStream: npm http fetch GET 200 https://registry.npmjs.org/chalk 149ms (cache miss)
2026-07-17T12:43:08.7805241+00:00 ContainerStream: npm http fetch GET 200 https://registry.npmjs.org/chalk-template 33ms (cache miss)
2026-07-17T12:43:08.8304034+00:00 ContainerStream: npm http fetch GET 200 https://registry.npmjs.org/clipboardy 40ms (cache miss)
2026-07-17T12:43:08.8815513+00:00 ContainerStream: npm http fetch GET 200 https://registry.npmjs.org/compression 41ms (cache miss)
2026-07-17T12:43:09.1048226+00:00 ContainerStream: npm http fetch GET 200 https://registry.npmjs.org/is-port-reachable 214ms (cache miss)
2026-07-17T12:43:09.1661342+00:00 ContainerStream: npm http fetch GET 200 https://registry.npmjs.org/serve-handler 52ms (cache miss)
2026-07-17T12:43:09.2186122+00:00 ContainerStream: npm http fetch GET 200 https://registry.npmjs.org/update-check 41ms (cache miss)
2026-07-17T12:43:09.3134227+00:00 ContainerStream: npm http fetch GET 200 https://registry.npmjs.org/fast-uri 45ms (cache miss)
2026-07-17T12:43:09.3539369+00:00 ContainerStream: npm http fetch GET 200 https://registry.npmjs.org/fast-deep-equal 30ms (cache miss)
2026-07-17T12:43:09.3952475+00:00 ContainerStream: npm http fetch GET 200 https://registry.npmjs.org/require-from-string 40ms (cache miss)
2026-07-17T12:43:09.4346519+00:00 ContainerStream: npm http fetch GET 200 https://registry.npmjs.org/json-schema-traverse 34ms (cache miss)
2026-07-17T12:43:09.4558595+00:00 ContainerStream: npm http cache https://registry.npmjs.org/chalk 20ms (cache hit)
2026-07-17T12:43:09.4981461+00:00 ContainerStream: npm http fetch GET 200 https://registry.npmjs.org/camelcase 32ms (cache miss)
2026-07-17T12:43:09.5383712+00:00 ContainerStream: npm http fetch GET 200 https://registry.npmjs.org/cli-boxes 35ms (cache miss)
2026-07-17T12:43:09.6207672+00:00 ContainerStream: npm http fetch GET 200 https://registry.npmjs.org/type-fest 80ms (cache miss)
2026-07-17T12:43:09.7898100+00:00 ContainerStream: npm http fetch GET 200 https://registry.npmjs.org/wrap-ansi 110ms (cache miss)
2026-07-17T12:43:09.8684218+00:00 ContainerStream: npm http fetch GET 200 https://registry.npmjs.org/ansi-align 86ms (cache miss)
2026-07-17T12:43:09.9384716+00:00 ContainerStream: npm http fetch GET 200 https://registry.npmjs.org/widest-line 51ms (cache miss)
2026-07-17T12:43:10.0288851+00:00 ContainerStream: npm http fetch GET 200 https://registry.npmjs.org/string-width 50ms (cache miss)
2026-07-17T12:43:10.1191145+00:00 ContainerStream: npm http fetch GET 200 https://registry.npmjs.org/arch 79ms (cache miss)
2026-07-17T12:43:10.1897402+00:00 ContainerStream: npm http fetch GET 200 https://registry.npmjs.org/execa 71ms (cache miss)
2026-07-17T12:43:10.2510374+00:00 ContainerStream: npm http fetch GET 200 https://registry.npmjs.org/is-wsl 31ms (cache miss)
2026-07-17T12:43:10.2923137+00:00 ContainerStream: npm http fetch GET 200 https://registry.npmjs.org/vary 40ms (cache miss)
2026-07-17T12:43:10.3445990+00:00 ContainerStream: npm http fetch GET 200 https://registry.npmjs.org/bytes 51ms (cache miss)
2026-07-17T12:43:10.4159207+00:00 ContainerStream: npm http fetch GET 200 https://registry.npmjs.org/debug 61ms (cache miss)
2026-07-17T12:43:10.4572467+00:00 ContainerStream: npm http fetch GET 200 https://registry.npmjs.org/negotiator 32ms (cache miss)
2026-07-17T12:43:10.4964702+00:00 ContainerStream: npm http fetch GET 200 https://registry.npmjs.org/on-headers 30ms (cache miss)
2026-07-17T12:43:10.5277713+00:00 ContainerStream: npm http fetch GET 200 https://registry.npmjs.org/safe-buffer 23ms (cache miss)
2026-07-17T12:43:10.5863147+00:00 ContainerStream: npm http fetch GET 200 https://registry.npmjs.org/compressible 40ms (cache miss)
2026-07-17T12:43:10.6082162+00:00 ContainerStream: npm http cache https://registry.npmjs.org/bytes 11ms (cache hit)
2026-07-17T12:43:10.6680628+00:00 ContainerStream: npm http fetch GET 200 https://registry.npmjs.org/content-disposition 40ms (cache miss)
2026-07-17T12:43:10.7089025+00:00 ContainerStream: npm http fetch GET 200 https://registry.npmjs.org/mime-types 32ms (cache miss)
2026-07-17T12:43:10.7618459+00:00 ContainerStream: npm http fetch GET 200 https://registry.npmjs.org/minimatch 43ms (cache miss)
2026-07-17T12:43:10.8218977+00:00 ContainerStream: npm http fetch GET 200 https://registry.npmjs.org/path-is-inside 41ms (cache miss)
2026-07-17T12:43:10.8656130+00:00 ContainerStream: npm http fetch GET 200 https://registry.npmjs.org/path-to-regexp 42ms (cache miss)
2026-07-17T12:43:10.9132772+00:00 ContainerStream: npm http fetch GET 200 https://registry.npmjs.org/range-parser 38ms (cache miss)
2026-07-17T12:43:10.9556897+00:00 ContainerStream: npm http fetch GET 200 https://registry.npmjs.org/registry-auth-token 40ms (cache miss)
2026-07-17T12:43:11.0059574+00:00 ContainerStream: npm http fetch GET 200 https://registry.npmjs.org/registry-url 34ms (cache miss)
2026-07-17T12:43:11.1146516+00:00 ContainerStream: npm http cache https://registry.npmjs.org/string-width 29ms (cache hit)
2026-07-17T12:43:11.1860537+00:00 ContainerStream: npm http fetch GET 200 https://registry.npmjs.org/strip-ansi 78ms (cache miss)
2026-07-17T12:43:11.2486510+00:00 ContainerStream: npm http fetch GET 200 https://registry.npmjs.org/emoji-regex 54ms (cache miss)
2026-07-17T12:43:11.2888126+00:00 ContainerStream: npm http fetch GET 200 https://registry.npmjs.org/eastasianwidth 30ms (cache miss)
2026-07-17T12:43:11.3303248+00:00 ContainerStream: npm http fetch GET 200 https://registry.npmjs.org/ansi-styles 40ms (cache miss)
2026-07-17T12:43:11.3522270+00:00 ContainerStream: npm http cache https://registry.npmjs.org/strip-ansi 11ms (cache hit)
2026-07-17T12:43:11.3793414+00:00 ContainerStream: npm http cache https://registry.npmjs.org/emoji-regex 11ms (cache hit)
2026-07-17T12:43:11.4144900+00:00 ContainerStream: npm http fetch GET 200 https://registry.npmjs.org/is-fullwidth-code-point 33ms (cache miss)
2026-07-17T12:43:11.4348590+00:00 ContainerStream: npm http cache https://registry.npmjs.org/ansi-styles 10ms (cache hit)
2026-07-17T12:43:11.4944202+00:00 ContainerStream: npm http fetch GET 200 https://registry.npmjs.org/supports-color 51ms (cache miss)
2026-07-17T12:43:11.6943183+00:00 ContainerStream: npm http fetch GET 200 https://registry.npmjs.org/onetime 179ms (cache miss)
2026-07-17T12:43:11.7449726+00:00 ContainerStream: npm http fetch GET 200 https://registry.npmjs.org/is-stream 31ms (cache miss)
2026-07-17T12:43:11.7847332+00:00 ContainerStream: npm http fetch GET 200 https://registry.npmjs.org/get-stream 31ms (cache miss)
2026-07-17T12:43:11.8357042+00:00 ContainerStream: npm http fetch GET 200 https://registry.npmjs.org/cross-spawn 41ms (cache miss)
2026-07-17T12:43:11.8771525+00:00 ContainerStream: npm http fetch GET 200 https://registry.npmjs.org/signal-exit 31ms (cache miss)
2026-07-17T12:43:11.9168965+00:00 ContainerStream: npm http fetch GET 200 https://registry.npmjs.org/merge-stream 36ms (cache miss)
2026-07-17T12:43:11.9495652+00:00 ContainerStream: npm http fetch GET 200 https://registry.npmjs.org/npm-run-path 31ms (cache miss)
2026-07-17T12:43:11.9983755+00:00 ContainerStream: npm http fetch GET 200 https://registry.npmjs.org/human-signals 41ms (cache miss)
2026-07-17T12:43:12.0304734+00:00 ContainerStream: npm http fetch GET 200 https://registry.npmjs.org/strip-final-newline 31ms (cache miss)
2026-07-17T12:43:12.0909610+00:00 ContainerStream: npm http fetch GET 200 https://registry.npmjs.org/is-docker 50ms (cache miss)
2026-07-17T12:43:12.1624944+00:00 ContainerStream: npm http fetch GET 200 https://registry.npmjs.org/mime-db 41ms (cache miss)
2026-07-17T12:43:12.2110961+00:00 ContainerStream: npm http fetch GET 200 https://registry.npmjs.org/ms 39ms (cache miss)
2026-07-17T12:43:12.3019324+00:00 ContainerStream: npm http fetch GET 200 https://registry.npmjs.org/which 40ms (cache miss)
2026-07-17T12:43:12.3521463+00:00 ContainerStream: npm http fetch GET 200 https://registry.npmjs.org/path-key 48ms (cache miss)
2026-07-17T12:43:12.3823319+00:00 ContainerStream: npm http fetch GET 200 https://registry.npmjs.org/shebang-command 29ms (cache miss)
2026-07-17T12:43:12.3937867+00:00 ContainerStream: npm http cache https://registry.npmjs.org/path-key 9ms (cache hit)
2026-07-17T12:43:12.4340995+00:00 ContainerStream: npm http fetch GET 200 https://registry.npmjs.org/mimic-fn 31ms (cache miss)
2026-07-17T12:43:12.5048439+00:00 ContainerStream: npm http fetch GET 200 https://registry.npmjs.org/shebang-regex 48ms (cache miss)
2026-07-17T12:43:12.5361331+00:00 ContainerStream: npm http fetch GET 200 https://registry.npmjs.org/isexe 29ms (cache miss)
2026-07-17T12:43:12.6063122+00:00 ContainerStream: npm http cache https://registry.npmjs.org/mime-db 20ms (cache hit)
2026-07-17T12:43:12.6479735+00:00 ContainerStream: npm http fetch GET 200 https://registry.npmjs.org/brace-expansion 32ms (cache miss)
2026-07-17T12:43:12.8743864+00:00 ContainerStream: npm http fetch GET 200 https://registry.npmjs.org/concat-map 179ms (cache miss)
2026-07-17T12:43:12.9633906+00:00 ContainerStream: npm http fetch GET 200 https://registry.npmjs.org/balanced-match 71ms (cache miss)
2026-07-17T12:43:13.1333573+00:00 ContainerStream: npm http fetch GET 200 https://registry.npmjs.org/ansi-regex 49ms (cache miss)
2026-07-17T12:43:13.1945684+00:00 ContainerStream: npm http fetch GET 200 https://registry.npmjs.org/rc 40ms (cache miss)
2026-07-17T12:43:13.2135230+00:00 ContainerStream: npm http cache https://registry.npmjs.org/rc 3ms (cache hit)
2026-07-17T12:43:13.2750563+00:00 ContainerStream: npm http fetch GET 200 https://registry.npmjs.org/ini 50ms (cache miss)
2026-07-17T12:43:13.3361204+00:00 ContainerStream: npm http fetch GET 200 https://registry.npmjs.org/minimist 49ms (cache miss)
2026-07-17T12:43:13.3957797+00:00 ContainerStream: npm http fetch GET 200 https://registry.npmjs.org/deep-extend 48ms (cache miss)
2026-07-17T12:43:13.4359894+00:00 ContainerStream: npm http fetch GET 200 https://registry.npmjs.org/strip-json-comments 37ms (cache miss)
2026-07-17T12:43:13.5068937+00:00 ContainerStream: npm http cache https://registry.npmjs.org/ansi-regex 20ms (cache hit)
2026-07-17T12:43:13.5591560+00:00 ContainerStream: npm http fetch GET 200 https://registry.npmjs.org/color-convert 33ms (cache miss)
2026-07-17T12:43:13.6284562+00:00 ContainerStream: npm http fetch GET 200 https://registry.npmjs.org/has-flag 60ms (cache miss)
2026-07-17T12:43:13.7380626+00:00 ContainerStream: npm http fetch GET 200 https://registry.npmjs.org/color-name 80ms (cache miss)
2026-07-17T12:43:13.9273239+00:00 ContainerStream: npm http cache color-name@https://registry.npmjs.org/color-name/-/color-name-1.1.4.tgz 0ms (cache hit)
2026-07-17T12:43:13.9295458+00:00 ContainerStream: npm http cache color-convert@https://registry.npmjs.org/color-convert/-/color-convert-2.0.1.tgz 0ms (cache hit)
2026-07-17T12:43:13.9378777+00:00 ContainerStream: npm http cache has-flag@https://registry.npmjs.org/has-flag/-/has-flag-4.0.0.tgz 0ms (cache hit)
2026-07-17T12:43:13.9394469+00:00 ContainerStream: npm http cache supports-color@https://registry.npmjs.org/supports-color/-/supports-color-7.2.0.tgz 0ms (cache hit)
2026-07-17T12:43:13.9493767+00:00 ContainerStream: npm http cache is-fullwidth-code-point@https://registry.npmjs.org/is-fullwidth-code-point/-/is-fullwidth-code-point-3.0.0.tgz 0ms (cache hit)
2026-07-17T12:43:13.9576287+00:00 ContainerStream: npm http cache ansi-styles@https://registry.npmjs.org/ansi-styles/-/ansi-styles-6.2.3.tgz 0ms (cache hit)
2026-07-17T12:43:13.9587624+00:00 ContainerStream: npm http cache isexe@https://registry.npmjs.org/isexe/-/isexe-2.0.0.tgz 0ms (cache hit)
2026-07-17T12:43:13.9596610+00:00 ContainerStream: npm http cache strip-json-comments@https://registry.npmjs.org/strip-json-comments/-/strip-json-comments-2.0.1.tgz 0ms (cache hit)
2026-07-17T12:43:13.9681245+00:00 ContainerStream: npm http cache minimist@https://registry.npmjs.org/minimist/-/minimist-1.2.8.tgz 0ms (cache hit)
2026-07-17T12:43:13.9692663+00:00 ContainerStream: npm http cache deep-extend@https://registry.npmjs.org/deep-extend/-/deep-extend-0.6.0.tgz 0ms (cache hit)
2026-07-17T12:43:13.9773135+00:00 ContainerStream: npm http cache rc@https://registry.npmjs.org/rc/-/rc-1.2.8.tgz 0ms (cache hit)
2026-07-17T12:43:13.9781412+00:00 ContainerStream: npm http cache registry-url@https://registry.npmjs.org/registry-url/-/registry-url-3.1.0.tgz 0ms (cache hit)
2026-07-17T12:43:13.9790425+00:00 ContainerStream: npm http cache registry-auth-token@https://registry.npmjs.org/registry-auth-token/-/registry-auth-token-3.3.2.tgz 0ms (cache hit)
2026-07-17T12:43:13.9870573+00:00 ContainerStream: npm http cache ansi-regex@https://registry.npmjs.org/ansi-regex/-/ansi-regex-6.2.2.tgz 0ms (cache hit)
2026-07-17T12:43:13.9876938+00:00 ContainerStream: npm http cache strip-ansi@https://registry.npmjs.org/strip-ansi/-/strip-ansi-7.2.0.tgz 0ms (cache hit)
2026-07-17T12:43:13.9882029+00:00 ContainerStream: npm http cache emoji-regex@https://registry.npmjs.org/emoji-regex/-/emoji-regex-9.2.2.tgz 0ms (cache hit)
2026-07-17T12:43:13.9885496+00:00 ContainerStream: npm http cache eastasianwidth@https://registry.npmjs.org/eastasianwidth/-/eastasianwidth-0.2.0.tgz 0ms (cache hit)
2026-07-17T12:43:13.9889619+00:00 ContainerStream: npm http cache shebang-regex@https://registry.npmjs.org/shebang-regex/-/shebang-regex-3.0.0.tgz 0ms (cache hit)
2026-07-17T12:43:13.9893671+00:00 ContainerStream: npm http cache concat-map@https://registry.npmjs.org/concat-map/-/concat-map-0.0.1.tgz 0ms (cache hit)
2026-07-17T12:43:13.9979243+00:00 ContainerStream: npm http cache balanced-match@https://registry.npmjs.org/balanced-match/-/balanced-match-1.0.2.tgz 0ms (cache hit)
2026-07-17T12:43:13.9985289+00:00 ContainerStream: npm http cache brace-expansion@https://registry.npmjs.org/brace-expansion/-/brace-expansion-1.1.16.tgz 0ms (cache hit)
2026-07-17T12:43:13.9993053+00:00 ContainerStream: npm http cache range-parser@https://registry.npmjs.org/range-parser/-/range-parser-1.2.0.tgz 0ms (cache hit)
2026-07-17T12:43:13.9997151+00:00 ContainerStream: npm http cache path-to-regexp@https://registry.npmjs.org/path-to-regexp/-/path-to-regexp-3.3.0.tgz 0ms (cache hit)
2026-07-17T12:43:14.0072339+00:00 ContainerStream: npm http cache path-is-inside@https://registry.npmjs.org/path-is-inside/-/path-is-inside-1.0.2.tgz 0ms (cache hit)
2026-07-17T12:43:14.0076876+00:00 ContainerStream: npm http cache minimatch@https://registry.npmjs.org/minimatch/-/minimatch-3.1.5.tgz 0ms (cache hit)
2026-07-17T12:43:14.0080665+00:00 ContainerStream: npm http cache mime-types@https://registry.npmjs.org/mime-types/-/mime-types-2.1.18.tgz 1ms (cache hit)
2026-07-17T12:43:14.0084380+00:00 ContainerStream: npm http cache content-disposition@https://registry.npmjs.org/content-disposition/-/content-disposition-0.5.2.tgz 0ms (cache hit)
2026-07-17T12:43:14.0088142+00:00 ContainerStream: npm http cache mimic-fn@https://registry.npmjs.org/mimic-fn/-/mimic-fn-2.1.0.tgz 0ms (cache hit)
2026-07-17T12:43:14.0092594+00:00 ContainerStream: npm http cache is-docker@https://registry.npmjs.org/is-docker/-/is-docker-2.2.1.tgz 0ms (cache hit)
2026-07-17T12:43:14.0096724+00:00 ContainerStream: npm http cache which@https://registry.npmjs.org/which/-/which-2.0.2.tgz 0ms (cache hit)
2026-07-17T12:43:14.0197649+00:00 ContainerStream: npm http cache shebang-command@https://registry.npmjs.org/shebang-command/-/shebang-command-2.0.0.tgz 0ms (cache hit)
2026-07-17T12:43:14.0369507+00:00 ContainerStream: npm http cache path-key@https://registry.npmjs.org/path-key/-/path-key-3.1.1.tgz 0ms (cache hit)
2026-07-17T12:43:14.0369587+00:00 ContainerStream: npm http cache strip-final-newline@https://registry.npmjs.org/strip-final-newline/-/strip-final-newline-2.0.0.tgz 0ms (cache hit)
2026-07-17T12:43:14.0369685+00:00 ContainerStream: npm http cache signal-exit@https://registry.npmjs.org/signal-exit/-/signal-exit-3.0.7.tgz 0ms (cache hit)
2026-07-17T12:43:14.0369715+00:00 ContainerStream: npm http cache onetime@https://registry.npmjs.org/onetime/-/onetime-5.1.2.tgz 0ms (cache hit)
2026-07-17T12:43:14.0369744+00:00 ContainerStream: npm http cache npm-run-path@https://registry.npmjs.org/npm-run-path/-/npm-run-path-4.0.1.tgz 0ms (cache hit)
2026-07-17T12:43:14.0369772+00:00 ContainerStream: npm http cache merge-stream@https://registry.npmjs.org/merge-stream/-/merge-stream-2.0.0.tgz 0ms (cache hit)
2026-07-17T12:43:14.0369798+00:00 ContainerStream: npm http cache is-stream@https://registry.npmjs.org/is-stream/-/is-stream-2.0.1.tgz 0ms (cache hit)
2026-07-17T12:43:14.0369840+00:00 ContainerStream: npm http cache human-signals@https://registry.npmjs.org/human-signals/-/human-signals-2.1.0.tgz 0ms (cache hit)
2026-07-17T12:43:14.0369867+00:00 ContainerStream: npm http cache get-stream@https://registry.npmjs.org/get-stream/-/get-stream-6.0.1.tgz 0ms (cache hit)
2026-07-17T12:43:14.0369894+00:00 ContainerStream: npm http cache cross-spawn@https://registry.npmjs.org/cross-spawn/-/cross-spawn-7.0.6.tgz 0ms (cache hit)
2026-07-17T12:43:14.0369920+00:00 ContainerStream: npm http cache ms@https://registry.npmjs.org/ms/-/ms-2.0.0.tgz 0ms (cache hit)
2026-07-17T12:43:14.0369946+00:00 ContainerStream: npm http cache mime-db@https://registry.npmjs.org/mime-db/-/mime-db-1.54.0.tgz 0ms (cache hit)
2026-07-17T12:43:14.0369986+00:00 ContainerStream: npm http cache safe-buffer@https://registry.npmjs.org/safe-buffer/-/safe-buffer-5.2.1.tgz 0ms (cache hit)
2026-07-17T12:43:14.0370013+00:00 ContainerStream: npm http cache vary@https://registry.npmjs.org/vary/-/vary-1.1.2.tgz 0ms (cache hit)
2026-07-17T12:43:14.0370041+00:00 ContainerStream: npm http cache on-headers@https://registry.npmjs.org/on-headers/-/on-headers-1.1.0.tgz 0ms (cache hit)
2026-07-17T12:43:14.0370068+00:00 ContainerStream: npm http cache negotiator@https://registry.npmjs.org/negotiator/-/negotiator-0.6.4.tgz 0ms (cache hit)
2026-07-17T12:43:14.0370120+00:00 ContainerStream: npm http cache debug@https://registry.npmjs.org/debug/-/debug-2.6.9.tgz 0ms (cache hit)
2026-07-17T12:43:14.0370164+00:00 ContainerStream: npm http cache compressible@https://registry.npmjs.org/compressible/-/compressible-2.0.18.tgz 0ms (cache hit)
2026-07-17T12:43:14.0370191+00:00 ContainerStream: npm http cache bytes@https://registry.npmjs.org/bytes/-/bytes-3.1.2.tgz 0ms (cache hit)
2026-07-17T12:43:14.0370480+00:00 ContainerStream: npm http cache is-wsl@https://registry.npmjs.org/is-wsl/-/is-wsl-2.2.0.tgz 0ms (cache hit)
2026-07-17T12:43:14.0370509+00:00 ContainerStream: npm http cache execa@https://registry.npmjs.org/execa/-/execa-5.1.1.tgz 0ms (cache hit)
2026-07-17T12:43:14.0370535+00:00 ContainerStream: npm http cache arch@https://registry.npmjs.org/arch/-/arch-2.2.0.tgz 0ms (cache hit)
2026-07-17T12:43:14.0370562+00:00 ContainerStream: npm http cache wrap-ansi@https://registry.npmjs.org/wrap-ansi/-/wrap-ansi-8.1.0.tgz 0ms (cache hit)
2026-07-17T12:43:14.0370607+00:00 ContainerStream: npm http cache widest-line@https://registry.npmjs.org/widest-line/-/widest-line-4.0.1.tgz 0ms (cache hit)
2026-07-17T12:43:14.0370633+00:00 ContainerStream: npm http cache type-fest@https://registry.npmjs.org/type-fest/-/type-fest-2.19.0.tgz 0ms (cache hit)
2026-07-17T12:43:14.0370660+00:00 ContainerStream: npm http cache string-width@https://registry.npmjs.org/string-width/-/string-width-5.1.2.tgz 0ms (cache hit)
2026-07-17T12:43:14.0370686+00:00 ContainerStream: npm http cache cli-boxes@https://registry.npmjs.org/cli-boxes/-/cli-boxes-3.0.0.tgz 0ms (cache hit)
2026-07-17T12:43:14.0370711+00:00 ContainerStream: npm http cache camelcase@https://registry.npmjs.org/camelcase/-/camelcase-7.0.1.tgz 0ms (cache hit)
2026-07-17T12:43:14.0370750+00:00 ContainerStream: npm http cache ini@https://registry.npmjs.org/ini/-/ini-1.3.8.tgz 0ms (cache hit)
2026-07-17T12:43:14.0370777+00:00 ContainerStream: npm http cache ansi-align@https://registry.npmjs.org/ansi-align/-/ansi-align-3.0.1.tgz 0ms (cache hit)
2026-07-17T12:43:14.0370806+00:00 ContainerStream: npm http cache require-from-string@https://registry.npmjs.org/require-from-string/-/require-from-string-2.0.2.tgz 0ms (cache hit)
2026-07-17T12:43:14.0370865+00:00 ContainerStream: npm http cache json-schema-traverse@https://registry.npmjs.org/json-schema-traverse/-/json-schema-traverse-1.0.0.tgz 0ms (cache hit)
2026-07-17T12:43:14.0370914+00:00 ContainerStream: npm http cache fast-uri@https://registry.npmjs.org/fast-uri/-/fast-uri-3.1.3.tgz 0ms (cache hit)
2026-07-17T12:43:14.0387028+00:00 ContainerStream: npm http cache fast-deep-equal@https://registry.npmjs.org/fast-deep-equal/-/fast-deep-equal-3.1.3.tgz 0ms (cache hit)
2026-07-17T12:43:14.0393004+00:00 ContainerStream: npm http cache update-check@https://registry.npmjs.org/update-check/-/update-check-1.5.4.tgz 0ms (cache hit)
2026-07-17T12:43:14.0397505+00:00 ContainerStream: npm http cache serve-handler@https://registry.npmjs.org/serve-handler/-/serve-handler-6.1.7.tgz 0ms (cache hit)
2026-07-17T12:43:14.0473493+00:00 ContainerStream: npm http cache is-port-reachable@https://registry.npmjs.org/is-port-reachable/-/is-port-reachable-4.0.0.tgz 0ms (cache hit)
2026-07-17T12:43:14.0478291+00:00 ContainerStream: npm http cache compression@https://registry.npmjs.org/compression/-/compression-1.8.1.tgz 0ms (cache hit)
2026-07-17T12:43:14.0482036+00:00 ContainerStream: npm http cache clipboardy@https://registry.npmjs.org/clipboardy/-/clipboardy-3.0.0.tgz 0ms (cache hit)
2026-07-17T12:43:14.0486267+00:00 ContainerStream: npm http cache chalk-template@https://registry.npmjs.org/chalk-template/-/chalk-template-0.4.0.tgz 0ms (cache hit)
2026-07-17T12:43:14.0490360+00:00 ContainerStream: npm http cache chalk@https://registry.npmjs.org/chalk/-/chalk-5.0.1.tgz 0ms (cache hit)
2026-07-17T12:43:14.0494039+00:00 ContainerStream: npm http cache boxen@https://registry.npmjs.org/boxen/-/boxen-7.0.0.tgz 0ms (cache hit)
2026-07-17T12:43:14.0786343+00:00 ContainerStream: npm http cache arg@https://registry.npmjs.org/arg/-/arg-5.0.2.tgz 10ms (cache hit)
2026-07-17T12:43:14.0786712+00:00 ContainerStream: npm http cache ajv@https://registry.npmjs.org/ajv/-/ajv-8.18.0.tgz 0ms (cache hit)
2026-07-17T12:43:14.0786736+00:00 ContainerStream: npm http cache @zeit/schemas@https://registry.npmjs.org/@zeit/schemas/-/schemas-2.36.0.tgz 0ms (cache hit)
2026-07-17T12:43:14.0786762+00:00 ContainerStream: npm http cache serve@https://registry.npmjs.org/serve/-/serve-14.2.6.tgz 0ms (cache hit)
2026-07-17T12:43:14.0786791+00:00 ContainerStream: npm http cache mime-db@https://registry.npmjs.org/mime-db/-/mime-db-1.33.0.tgz 0ms (cache hit)
2026-07-17T12:43:14.0981786+00:00 ContainerStream: npm http cache ansi-regex@https://registry.npmjs.org/ansi-regex/-/ansi-regex-5.0.1.tgz 0ms (cache hit)
2026-07-17T12:43:14.0982079+00:00 ContainerStream: npm http cache strip-ansi@https://registry.npmjs.org/strip-ansi/-/strip-ansi-6.0.1.tgz 0ms (cache hit)
2026-07-17T12:43:14.0982103+00:00 ContainerStream: npm http cache emoji-regex@https://registry.npmjs.org/emoji-regex/-/emoji-regex-8.0.0.tgz 0ms (cache hit)
2026-07-17T12:43:14.0991917+00:00 ContainerStream: npm http cache string-width@https://registry.npmjs.org/string-width/-/string-width-4.2.3.tgz 1ms (cache hit)
2026-07-17T12:43:14.0997999+00:00 ContainerStream: npm http cache bytes@https://registry.npmjs.org/bytes/-/bytes-3.0.0.tgz 0ms (cache hit)
2026-07-17T12:43:14.1002217+00:00 ContainerStream: npm http cache ansi-styles@https://registry.npmjs.org/ansi-styles/-/ansi-styles-4.3.0.tgz 0ms (cache hit)
2026-07-17T12:43:14.1076024+00:00 ContainerStream: npm http cache chalk@https://registry.npmjs.org/chalk/-/chalk-4.1.2.tgz 0ms (cache hit)
2026-07-17T12:43:14.5711027+00:00 ContainerStream: npm http fetch POST 200 https://registry.npmjs.org/-/npm/v1/security/advisories/bulk 743ms
2026-07-17T12:43:16.7372236+00:00 ContainerStream: npm http fetch GET 200 https://registry.npmjs.org/color-name/-/color-name-1.1.4.tgz 2627ms (cache miss)
2026-07-17T12:43:16.7981865+00:00 ContainerStream: npm http fetch GET 200 https://registry.npmjs.org/eastasianwidth/-/eastasianwidth-0.2.0.tgz 2653ms (cache miss)
2026-07-17T12:43:16.8076815+00:00 ContainerStream: npm http fetch GET 200 https://registry.npmjs.org/color-convert/-/color-convert-2.0.1.tgz 2691ms (cache miss)
2026-07-17T12:43:16.8487120+00:00 ContainerStream: npm http fetch GET 200 https://registry.npmjs.org/balanced-match/-/balanced-match-1.0.2.tgz 2703ms (cache miss)
2026-07-17T12:43:16.8971523+00:00 ContainerStream: npm http fetch GET 200 https://registry.npmjs.org/shebang-regex/-/shebang-regex-3.0.0.tgz 2751ms (cache miss)
2026-07-17T12:43:16.9065242+00:00 ContainerStream: npm http fetch GET 200 https://registry.npmjs.org/path-to-regexp/-/path-to-regexp-3.3.0.tgz 2753ms (cache miss)
2026-07-17T12:43:16.9551243+00:00 ContainerStream: npm http fetch GET 200 https://registry.npmjs.org/path-is-inside/-/path-is-inside-1.0.2.tgz 2794ms (cache miss)
2026-07-17T12:43:16.9854943+00:00 ContainerStream: npm http fetch GET 200 https://registry.npmjs.org/range-parser/-/range-parser-1.2.0.tgz 2839ms (cache miss)
2026-07-17T12:43:16.9951806+00:00 ContainerStream: npm http fetch GET 200 https://registry.npmjs.org/strip-final-newline/-/strip-final-newline-2.0.0.tgz 2825ms (cache miss)
2026-07-17T12:43:17.0266385+00:00 ContainerStream: npm http fetch GET 200 https://registry.npmjs.org/shebang-command/-/shebang-command-2.0.0.tgz 2863ms (cache miss)
2026-07-17T12:43:17.0366545+00:00 ContainerStream: npm http fetch GET 200 https://registry.npmjs.org/registry-url/-/registry-url-3.1.0.tgz 2899ms (cache miss)
2026-07-17T12:43:17.0758684+00:00 ContainerStream: npm http fetch GET 200 https://registry.npmjs.org/on-headers/-/on-headers-1.1.0.tgz 2874ms (cache miss)
2026-07-17T12:43:17.1371178+00:00 ContainerStream: npm http fetch GET 200 https://registry.npmjs.org/is-fullwidth-code-point/-/is-fullwidth-code-point-3.0.0.tgz 3018ms (cache miss)
2026-07-17T12:43:17.1453083+00:00 ContainerStream: npm http fetch GET 200 https://registry.npmjs.org/strip-json-comments/-/strip-json-comments-2.0.1.tgz 3011ms (cache miss)
2026-07-17T12:43:17.1465885+00:00 ContainerStream: npm http fetch GET 200 https://registry.npmjs.org/minimatch/-/minimatch-3.1.5.tgz 2992ms (cache miss)
2026-07-17T12:43:17.1553876+00:00 ContainerStream: npm http fetch GET 200 https://registry.npmjs.org/is-docker/-/is-docker-2.2.1.tgz 2993ms (cache miss)
2026-07-17T12:43:17.1568750+00:00 ContainerStream: npm http fetch GET 200 https://registry.npmjs.org/path-key/-/path-key-3.1.1.tgz 2993ms (cache miss)
2026-07-17T12:43:17.1578039+00:00 ContainerStream: npm http fetch GET 200 https://registry.npmjs.org/has-flag/-/has-flag-4.0.0.tgz 3040ms (cache miss)
2026-07-17T12:43:17.1675576+00:00 ContainerStream: npm http fetch GET 200 https://registry.npmjs.org/wrap-ansi/-/wrap-ansi-8.1.0.tgz 2965ms (cache miss)
2026-07-17T12:43:17.1951842+00:00 ContainerStream: npm http fetch GET 200 https://registry.npmjs.org/supports-color/-/supports-color-7.2.0.tgz 3069ms (cache miss)
2026-07-17T12:43:17.1952252+00:00 ContainerStream: npm http fetch GET 200 https://registry.npmjs.org/isexe/-/isexe-2.0.0.tgz 3068ms (cache miss)
2026-07-17T12:43:17.1965532+00:00 ContainerStream: npm http fetch GET 200 https://registry.npmjs.org/mimic-fn/-/mimic-fn-2.1.0.tgz 3041ms (cache miss)
2026-07-17T12:43:17.2067264+00:00 ContainerStream: npm http fetch GET 200 https://registry.npmjs.org/which/-/which-2.0.2.tgz 3041ms (cache miss)
2026-07-17T12:43:17.2155202+00:00 ContainerStream: npm http fetch GET 200 https://registry.npmjs.org/ms/-/ms-2.0.0.tgz 3034ms (cache miss)
2026-07-17T12:43:17.2170800+00:00 ContainerStream: npm http fetch GET 200 https://registry.npmjs.org/compressible/-/compressible-2.0.18.tgz 3025ms (cache miss)
2026-07-17T12:43:17.2178827+00:00 ContainerStream: npm http fetch GET 200 https://registry.npmjs.org/is-stream/-/is-stream-2.0.1.tgz 3045ms (cache miss)
2026-07-17T12:43:17.2264516+00:00 ContainerStream: npm http fetch GET 200 https://registry.npmjs.org/npm-run-path/-/npm-run-path-4.0.1.tgz 3053ms (cache miss)
2026-07-17T12:43:17.2353096+00:00 ContainerStream: npm http fetch GET 200 https://registry.npmjs.org/fast-deep-equal/-/fast-deep-equal-3.1.3.tgz 2984ms (cache miss)
2026-07-17T12:43:17.3059909+00:00 ContainerStream: npm http fetch GET 200 https://registry.npmjs.org/ansi-styles/-/ansi-styles-6.2.3.tgz 3178ms (cache miss)
2026-07-17T12:43:17.3070745+00:00 ContainerStream: npm http fetch GET 200 https://registry.npmjs.org/content-disposition/-/content-disposition-0.5.2.tgz 3151ms (cache miss)
2026-07-17T12:43:17.3076434+00:00 ContainerStream: npm http fetch GET 200 https://registry.npmjs.org/deep-extend/-/deep-extend-0.6.0.tgz 3178ms (cache miss)
2026-07-17T12:43:17.3263741+00:00 ContainerStream: npm http fetch GET 200 https://registry.npmjs.org/onetime/-/onetime-5.1.2.tgz 3162ms (cache miss)
2026-07-17T12:43:17.3361114+00:00 ContainerStream: npm http fetch GET 200 https://registry.npmjs.org/merge-stream/-/merge-stream-2.0.0.tgz 3155ms (cache miss)
2026-07-17T12:43:17.3371395+00:00 ContainerStream: npm http fetch GET 200 https://registry.npmjs.org/ansi-regex/-/ansi-regex-6.2.2.tgz 3199ms (cache miss)
2026-07-17T12:43:17.3570479+00:00 ContainerStream: npm http fetch GET 200 https://registry.npmjs.org/cli-boxes/-/cli-boxes-3.0.0.tgz 3136ms (cache miss)
2026-07-17T12:43:17.3662009+00:00 ContainerStream: npm http fetch GET 200 https://registry.npmjs.org/require-from-string/-/require-from-string-2.0.2.tgz 3124ms (cache miss)
2026-07-17T12:43:17.3760278+00:00 ContainerStream: npm http fetch GET 200 https://registry.npmjs.org/get-stream/-/get-stream-6.0.1.tgz 3186ms (cache miss)
2026-07-17T12:43:17.3971538+00:00 ContainerStream: npm http fetch GET 200 https://registry.npmjs.org/string-width/-/string-width-5.1.2.tgz 3183ms (cache miss)
2026-07-17T12:43:17.4464432+00:00 ContainerStream: npm http fetch GET 200 https://registry.npmjs.org/mime-types/-/mime-types-2.1.18.tgz 3290ms (cache miss)
2026-07-17T12:43:17.4474838+00:00 ContainerStream: npm http fetch GET 200 https://registry.npmjs.org/signal-exit/-/signal-exit-3.0.7.tgz 3283ms (cache miss)
2026-07-17T12:43:17.4680234+00:00 ContainerStream: npm http fetch GET 200 https://registry.npmjs.org/is-wsl/-/is-wsl-2.2.0.tgz 3266ms (cache miss)
2026-07-17T12:43:17.4776635+00:00 ContainerStream: npm http fetch GET 200 https://registry.npmjs.org/widest-line/-/widest-line-4.0.1.tgz 3265ms (cache miss)
2026-07-17T12:43:17.4859632+00:00 ContainerStream: npm http fetch GET 200 https://registry.npmjs.org/camelcase/-/camelcase-7.0.1.tgz 3264ms (cache miss)
2026-07-17T12:43:17.4961076+00:00 ContainerStream: npm http fetch GET 200 https://registry.npmjs.org/ansi-align/-/ansi-align-3.0.1.tgz 3254ms (cache miss)
2026-07-17T12:43:17.4973337+00:00 ContainerStream: npm http fetch GET 200 https://registry.npmjs.org/update-check/-/update-check-1.5.4.tgz 3247ms (cache miss)
2026-07-17T12:43:17.5153209+00:00 ContainerStream: npm http fetch GET 200 https://registry.npmjs.org/is-port-reachable/-/is-port-reachable-4.0.0.tgz 3256ms (cache miss)
2026-07-17T12:43:17.5168763+00:00 ContainerStream: npm http fetch GET 200 https://registry.npmjs.org/concat-map/-/concat-map-0.0.1.tgz 3274ms (cache miss)
2026-07-17T12:43:17.5258538+00:00 ContainerStream: npm http fetch GET 200 https://registry.npmjs.org/arch/-/arch-2.2.0.tgz 3322ms (cache miss)
2026-07-17T12:43:17.5356288+00:00 ContainerStream: npm http fetch GET 200 https://registry.npmjs.org/strip-ansi/-/strip-ansi-7.2.0.tgz 3398ms (cache miss)
2026-07-17T12:43:17.5470996+00:00 ContainerStream: npm http fetch GET 200 https://registry.npmjs.org/ansi-regex/-/ansi-regex-5.0.1.tgz 3275ms (cache miss)
2026-07-17T12:43:17.5670780+00:00 ContainerStream: npm http fetch GET 200 https://registry.npmjs.org/ini/-/ini-1.3.8.tgz 3333ms (cache miss)
2026-07-17T12:43:17.5760519+00:00 ContainerStream: npm http fetch GET 200 https://registry.npmjs.org/serve/-/serve-14.2.6.tgz 3305ms (cache miss)
2026-07-17T12:43:17.5775595+00:00 ContainerStream: npm http fetch GET 200 https://registry.npmjs.org/chalk-template/-/chalk-template-0.4.0.tgz 3325ms (cache miss)
2026-07-17T12:43:17.5864310+00:00 ContainerStream: npm http fetch GET 200 https://registry.npmjs.org/negotiator/-/negotiator-0.6.4.tgz 3403ms (cache miss)
2026-07-17T12:43:17.5958379+00:00 ContainerStream: npm http fetch GET 200 https://registry.npmjs.org/boxen/-/boxen-7.0.0.tgz 3342ms (cache miss)
2026-07-17T12:43:17.5974462+00:00 ContainerStream: npm http fetch GET 200 https://registry.npmjs.org/mime-db/-/mime-db-1.33.0.tgz 3326ms (cache miss)
2026-07-17T12:43:17.5980786+00:00 ContainerStream: npm http fetch GET 200 https://registry.npmjs.org/strip-ansi/-/strip-ansi-6.0.1.tgz 3326ms (cache miss)
2026-07-17T12:43:17.6073092+00:00 ContainerStream: npm http fetch GET 200 https://registry.npmjs.org/arg/-/arg-5.0.2.tgz 3346ms (cache miss)
2026-07-17T12:43:17.6172772+00:00 ContainerStream: npm http fetch GET 200 https://registry.npmjs.org/rc/-/rc-1.2.8.tgz 3472ms (cache miss)
2026-07-17T12:43:17.6257169+00:00 ContainerStream: npm http fetch GET 200 https://registry.npmjs.org/emoji-regex/-/emoji-regex-8.0.0.tgz 3353ms (cache miss)
2026-07-17T12:43:17.6264717+00:00 ContainerStream: npm http fetch GET 200 https://registry.npmjs.org/bytes/-/bytes-3.0.0.tgz 3354ms (cache miss)
2026-07-17T12:43:17.6470729+00:00 ContainerStream: npm http fetch GET 200 https://registry.npmjs.org/string-width/-/string-width-4.2.3.tgz 3374ms (cache miss)
2026-07-17T12:43:17.6480829+00:00 ContainerStream: npm http fetch GET 200 https://registry.npmjs.org/ansi-styles/-/ansi-styles-4.3.0.tgz 3374ms (cache miss)
2026-07-17T12:43:17.6751666+00:00 ContainerStream: npm http fetch GET 200 https://registry.npmjs.org/json-schema-traverse/-/json-schema-traverse-1.0.0.tgz 3425ms (cache miss)
2026-07-17T12:43:17.6876444+00:00 ContainerStream: npm http fetch GET 200 https://registry.npmjs.org/compression/-/compression-1.8.1.tgz 3436ms (cache miss)
2026-07-17T12:43:17.6970516+00:00 ContainerStream: npm http fetch GET 200 https://registry.npmjs.org/cross-spawn/-/cross-spawn-7.0.6.tgz 3523ms (cache miss)
2026-07-17T12:43:17.7380297+00:00 ContainerStream: npm http fetch GET 200 https://registry.npmjs.org/chalk/-/chalk-4.1.2.tgz 3464ms (cache miss)
2026-07-17T12:43:17.7758714+00:00 ContainerStream: npm http fetch GET 200 https://registry.npmjs.org/emoji-regex/-/emoji-regex-9.2.2.tgz 3638ms (cache miss)
2026-07-17T12:43:17.7769672+00:00 ContainerStream: npm http fetch GET 200 https://registry.npmjs.org/human-signals/-/human-signals-2.1.0.tgz 3603ms (cache miss)
2026-07-17T12:43:17.7968828+00:00 ContainerStream: npm http fetch GET 200 https://registry.npmjs.org/@zeit/schemas/-/schemas-2.36.0.tgz 3535ms (cache miss)
2026-07-17T12:43:17.8055215+00:00 ContainerStream: npm http fetch GET 200 https://registry.npmjs.org/serve-handler/-/serve-handler-6.1.7.tgz 3554ms (cache miss)
2026-07-17T12:43:17.8178867+00:00 ContainerStream: npm http fetch GET 200 https://registry.npmjs.org/brace-expansion/-/brace-expansion-1.1.16.tgz 3671ms (cache miss)
2026-07-17T12:43:17.8365145+00:00 ContainerStream: npm http fetch GET 200 https://registry.npmjs.org/debug/-/debug-2.6.9.tgz 3646ms (cache miss)
2026-07-17T12:43:17.8464216+00:00 ContainerStream: npm http fetch GET 200 https://registry.npmjs.org/registry-auth-token/-/registry-auth-token-3.3.2.tgz 3644ms (cache miss)
2026-07-17T12:43:17.8577923+00:00 ContainerStream: npm http fetch GET 200 https://registry.npmjs.org/chalk/-/chalk-5.0.1.tgz 3605ms (cache miss)
2026-07-17T12:43:17.8674852+00:00 ContainerStream: npm http fetch GET 200 https://registry.npmjs.org/execa/-/execa-5.1.1.tgz 3665ms (cache miss)
2026-07-17T12:43:17.8871664+00:00 ContainerStream: npm http fetch GET 200 https://registry.npmjs.org/minimist/-/minimist-1.2.8.tgz 3758ms (cache miss)
2026-07-17T12:43:17.9972069+00:00 ContainerStream: npm http fetch GET 200 https://registry.npmjs.org/fast-uri/-/fast-uri-3.1.3.tgz 3754ms (cache miss)
2026-07-17T12:43:18.1333623+00:00 ContainerStream: npm http fetch GET 200 https://registry.npmjs.org/type-fest/-/type-fest-2.19.0.tgz 3922ms (cache miss)
2026-07-17T12:43:18.1941810+00:00 ContainerStream: npm http fetch GET 200 https://registry.npmjs.org/clipboardy/-/clipboardy-3.0.0.tgz 3931ms (cache miss)
2026-07-17T12:43:18.6215055+00:00 ContainerStream: npm http fetch GET 200 https://registry.npmjs.org/ajv/-/ajv-8.18.0.tgz 4353ms (cache miss)
2026-07-17T12:43:20.4385676+00:00 ContainerStream:  ERROR  Could not parse /home/site/wwwroot/package.json as JSON: Unexpected token '﻿', "﻿{
2026-07-17T12:43:20.4386407+00:00 ContainerStream:   "name"... is not valid JSON
2026-07-17T12:43:20.5087256+00:00 ContainerStream: npm notice
2026-07-17T12:43:20.5087748+00:00 ContainerStream: npm notice New major version of npm available! 10.9.2 -> 12.0.1
2026-07-17T12:43:20.5087790+00:00 ContainerStream: npm notice Changelog: https://github.com/npm/cli/releases/tag/v12.0.1
2026-07-17T12:43:20.5087815+00:00 ContainerStream: npm notice To update run: npm install -g npm@12.0.1
2026-07-17T12:43:20.5087832+00:00 ContainerStream: npm notice
2026-07-17T12:43:20.6288419+00:00 ContainerStatus: Container has finished running with exit code: 1.
2026-07-17T12:43:20.6297335+00:00 ContainerStatus: Container is terminating. Grace period: 5 seconds.
2026-07-17T12:43:20.6396943+00:00 ContainerStatus: Stop and delete container. Retry count = 0
2026-07-17T12:43:20.6398319+00:00 ContainerStatus: Stopping container: f23537911e44_babitk-app.
2026-07-17T12:43:20.7311378+00:00 ContainerStatus: Deleting container: f23537911e44_babitk-app. Retry count = 0
2026-07-17T12:43:21.1442784+00:00 ContainerStatus: Container spec TerminationMessagePolicy  path 
2026-07-17T12:43:21.1453366+00:00 ContainerStatus: Container is terminated. Total time elapsed: 514 ms.
2026-07-17T12:43:21.1459749+00:00 ContainerStatus: Site container: babitk-app terminated during site startup.
2026-07-17T12:43:21.1545552+00:00 ContainerStatus: State: Stopping, Action: CancellingStartup, LastError: ContainerTimeout, LastErrorTimestamp: 07/16/2026 05:58:10, LastErrorDetails: Container did not start within expected time limit of 230s. Please inspect your container logs for more details., Details: Site container: babitk-app terminated during site startup. Cancelling site startup., DetailsLevel: ERR
2026-07-17T12:43:21.4763311+00:00 ContainerStatus: Site startup probe failed after 41.4329709 seconds.
2026-07-17T12:43:21.6469199+00:00 ContainerStatus: State: Stopping, Action: CancellingStartup, LastError: ContainerTimeout, LastErrorTimestamp: 07/17/2026 12:43:21, LastErrorDetails: Container did not start within expected time limit of 230s. Please inspect your container logs for more details., Details: Site container: babitk-app terminated during site startup. Cancelling site startup., DetailsLevel: ERR
2026-07-17T12:43:21.6772673+00:00 ContainerStatus: Failed to start site. Revert by stopping site.
2026-07-17T12:43:21.6867494+00:00 ContainerStatus: State: Stopping, Action: StoppingSite, LastError: ContainerTimeout, LastErrorTimestamp: 07/17/2026 12:43:21, LastErrorDetails: Container did not start within expected time limit of 230s. Please inspect your container logs for more details., Details: Site container: babitk-app terminated during site startup. Cancelling site startup., DetailsLevel: ERR
2026-07-17T12:43:21.6949974+00:00 ContainerStatus: State: Stopping, Action: StoppingSiteContainers, LastError: ContainerTimeout, LastErrorTimestamp: 07/17/2026 12:43:21, LastErrorDetails: Container did not start within expected time limit of 230s. Please inspect your container logs for more details., Details: Site container: babitk-app terminated during site startup. Cancelling site startup., DetailsLevel: ERR
2026-07-17T12:43:21.6951824+00:00 ContainerStatus: Site: babitk-app stopped.
========== New Cold Start Attempt (2026-07-17T12:44:09.2296758+00:00) ==========
2026-07-17T12:44:09.2296758+00:00 ContainerStatus: State: Starting, Action: EstablishingSiteNetworks, LastError: ContainerTimeout, LastErrorTimestamp: 07/17/2026 12:43:21, LastErrorDetails: Container did not start within expected time limit of 230s. Please inspect your container logs for more details., Details: Site stopped at 07/17/2026 12:43:22 (UTC), DetailsLevel: ERR
2026-07-17T12:44:10.9633340+00:00 ContainerStatus: State: Starting, Action: StartingSiteContainers, LastError: ContainerTimeout, LastErrorTimestamp: 07/17/2026 12:43:21, LastErrorDetails: Container did not start within expected time limit of 230s. Please inspect your container logs for more details., Details: Site stopped at 07/17/2026 12:43:22 (UTC), DetailsLevel: ERR
2026-07-17T12:44:10.9636550+00:00 ContainerStatus: Container start method called.
2026-07-17T12:44:10.9637239+00:00 ContainerStatus: State: Starting, Action: PullingImage, LastError: ContainerTimeout, LastErrorTimestamp: 07/17/2026 12:43:21, LastErrorDetails: Container did not start within expected time limit of 230s. Please inspect your container logs for more details., Details: Pulling image 10.1.0.4:13209/appsvc/node:22-lts_20260504.4.tuxprod for babitk-app., DetailsLevel: INFO
2026-07-17T12:44:10.9637832+00:00 ContainerStatus: Establishing network.
2026-07-17T12:44:10.9638785+00:00 ContainerStatus: Pulling image: appsvc/node:22-lts_20260504.4.tuxprod.
2026-07-17T12:44:11.3043106+00:00 ContainerStatus: Container is starting.
2026-07-17T12:44:11.3045494+00:00 ContainerStatus: State: Starting, Action: MountingVolumes, LastError: ContainerTimeout, LastErrorTimestamp: 07/17/2026 12:43:21, LastErrorDetails: Container did not start within expected time limit of 230s. Please inspect your container logs for more details., Details: Mounting volumes for babitk-app., DetailsLevel: INFO
2026-07-17T12:44:11.3046344+00:00 ContainerStatus: Establishing user namespace if not established already.
2026-07-17T12:44:11.3046890+00:00 ContainerStatus: Establishing network if not established already.
2026-07-17T12:44:11.3047586+00:00 ContainerStatus: Mounting volumes.
2026-07-17T12:44:11.3048657+00:00 ContainerStatus: Nested mountpoint 
2026-07-17T12:44:11.3436399+00:00 ContainerStatus: Nested mountpoint volatile/logs
2026-07-17T12:44:11.3553752+00:00 ContainerStatus: Nested mountpoint 
2026-07-17T12:44:11.3754820+00:00 ContainerStatus: Nested mountpoint 
2026-07-17T12:44:11.4244506+00:00 ContainerStatus: Nested mountpoint 
2026-07-17T12:44:11.4935213+00:00 ContainerStatus: Nested mountpoint 
2026-07-17T12:44:11.8537790+00:00 ContainerStatus: State: Starting, Action: CreatingContainer, LastError: ContainerTimeout, LastErrorTimestamp: 07/17/2026 12:43:21, LastErrorDetails: Container did not start within expected time limit of 230s. Please inspect your container logs for more details., Details: Finished pulling container image and mounting volumes for babitk-app. Allocatinng the rest of the container resources to finish container creation., DetailsLevel: INFO
2026-07-17T12:44:11.8538724+00:00 ContainerStatus: Creating container.
2026-07-17T12:44:11.8539246+00:00 ContainerStatus: Creating pipes for streaming container io.
2026-07-17T12:44:11.8539783+00:00 ContainerStatus: Creating stdout named pipe at /podr/container/pipe/370952a456ee_babitk-app/stdout_8d213675a42f4971acff29d7a89fb0e0.
2026-07-17T12:44:11.8732476+00:00 ContainerStatus: Successfully created stdout named pipe at: /podr/container/pipe/370952a456ee_babitk-app/stdout_8d213675a42f4971acff29d7a89fb0e0.
2026-07-17T12:44:11.8733942+00:00 ContainerStatus: Opening named pipe /podr/container/pipe/370952a456ee_babitk-app/stdout_8d213675a42f4971acff29d7a89fb0e0 for reading in non-blocking mode.
2026-07-17T12:44:11.8737179+00:00 ContainerStatus: Successfully opened named pipe: /podr/container/pipe/370952a456ee_babitk-app/stdout_8d213675a42f4971acff29d7a89fb0e0.
2026-07-17T12:44:11.8738042+00:00 ContainerStatus: Successfully removed non-blocking flag from /podr/container/pipe/370952a456ee_babitk-app/stdout_8d213675a42f4971acff29d7a89fb0e0.
2026-07-17T12:44:11.8740152+00:00 ContainerStatus: Creating stderr named pipe at /podr/container/pipe/370952a456ee_babitk-app/stderr_90f5d0f6e404489ea2901c2d44bca582.
2026-07-17T12:44:11.8741468+00:00 ContainerStatus: Successfully created stderr named pipe at: /podr/container/pipe/370952a456ee_babitk-app/stderr_90f5d0f6e404489ea2901c2d44bca582.
2026-07-17T12:44:11.8742179+00:00 ContainerStatus: Opening named pipe /podr/container/pipe/370952a456ee_babitk-app/stderr_90f5d0f6e404489ea2901c2d44bca582 for reading in non-blocking mode.
2026-07-17T12:44:11.8743005+00:00 ContainerStatus: Successfully opened named pipe: /podr/container/pipe/370952a456ee_babitk-app/stderr_90f5d0f6e404489ea2901c2d44bca582.
2026-07-17T12:44:11.8743688+00:00 ContainerStatus: Successfully removed non-blocking flag from /podr/container/pipe/370952a456ee_babitk-app/stderr_90f5d0f6e404489ea2901c2d44bca582.
2026-07-17T12:44:11.8745197+00:00 ContainerStatus: Creating container with image: appsvc/node:22-lts_20260504.4.tuxprod from registry: 10.1.0.4:13209 and fully qualified image name: 10.1.0.4:13209/appsvc/node:22-lts_20260504.4.tuxprod
2026-07-17T12:44:12.5973957+00:00 ContainerStatus: Starting container: 370952a456ee_babitk-app.
2026-07-17T12:44:12.8242356+00:00 ContainerStatus: Starting watchers and probes.
2026-07-17T12:44:12.8259863+00:00 ContainerStatus: Starting metrics collection.
2026-07-17T12:44:12.8264789+00:00 ContainerStatus: Container is running.
2026-07-17T12:44:12.8265552+00:00 ContainerStatus: State: Starting, Action: CreatingContainer, LastError: ContainerTimeout, LastErrorTimestamp: 07/17/2026 12:43:21, LastErrorDetails: Container did not start within expected time limit of 230s. Please inspect your container logs for more details., Details: Container babitk-app successfully created and is running., DetailsLevel: INFO
2026-07-17T12:44:13.1449220+00:00 ContainerStatus: Container start method finished after 2181 ms.
2026-07-17T12:44:13.1450817+00:00 ContainerStatus: State: Starting, Action: InitiatingSiteWarmUpProbe, LastError: ContainerTimeout, LastErrorTimestamp: 07/17/2026 12:43:21, LastErrorDetails: Container did not start within expected time limit of 230s. Please inspect your container logs for more details., Details: Container babitk-app successfully created and is running., DetailsLevel: INFO
2026-07-17T12:44:13.1450980+00:00 ContainerStatus: State: Starting, Action: WaitingForSiteWarmUpProbeSuccess, LastError: ContainerTimeout, LastErrorTimestamp: 07/17/2026 12:43:21, LastErrorDetails: Container did not start within expected time limit of 230s. Please inspect your container logs for more details., Details: Pinging warmup path to ensure container is ready to receive requests., DetailsLevel: INFO
2026-07-17T12:44:13.5845162+00:00 ContainerStream:    _____                               
2026-07-17T12:44:13.5847107+00:00 ContainerStream:   /  _  \ __________ _________   ____  
2026-07-17T12:44:13.5847149+00:00 ContainerStream:  /  /_\  \\___   /  |  \_  __ \_/ __ \ 
2026-07-17T12:44:13.5847214+00:00 ContainerStream: /    |    \/    /|  |  /|  | \/\  ___/ 
2026-07-17T12:44:13.5847233+00:00 ContainerStream: \____|__  /_____ \____/ |__|    \___  >
2026-07-17T12:44:13.5847256+00:00 ContainerStream:         \/      \/                  \/ 
2026-07-17T12:44:13.5847273+00:00 ContainerStream: A P P   S E R V I C E   O N   L I N U X
2026-07-17T12:44:13.5847289+00:00 ContainerStream: 
2026-07-17T12:44:13.5847314+00:00 ContainerStream: Documentation    : http://aka.ms/webapp-linux
2026-07-17T12:44:13.5847347+00:00 ContainerStream: NodeJS quickstart: https://aka.ms/node-qs
2026-07-17T12:44:13.5847365+00:00 ContainerStream: NodeJS Version   : v22.22.2
2026-07-17T12:44:13.5847382+00:00 ContainerStream: Instance Name    : lw1sdlwk0000OJ
2026-07-17T12:44:13.5847404+00:00 ContainerStream: Instance Id      : e853b0d521c13ae8cb31bbb09a3a1872c5b2865061d0d453c8b371a72b35cb7a
2026-07-17T12:44:13.5847421+00:00 ContainerStream: 
2026-07-17T12:44:13.5847438+00:00 ContainerStream: Note: Any data outside '/home' is not persisted
2026-07-17T12:44:16.2737674+00:00 ContainerStream: Starting OpenBSD Secure Shell server: sshd.
2026-07-17T12:44:16.2933333+00:00 ContainerStream: WEBSITES_INCLUDE_CLOUD_CERTS is not set to true.
2026-07-17T12:44:16.3925933+00:00 ContainerStream: Updating certificates in /etc/ssl/certs...
2026-07-17T12:44:32.4704102+00:00 ContainerStream: rehash: warning: skipping duplicate certificate in azl_SSL.com_TLS_ECC_Root_CA_2022.pem
2026-07-17T12:44:32.4796887+00:00 ContainerStream: rehash: warning: skipping duplicate certificate in azl_SSL.com_TLS_RSA_Root_CA_2022.pem
2026-07-17T12:44:32.6893358+00:00 ContainerStream: rehash: warning: skipping ca-certificates.crt,it does not contain exactly one certificate or CRL
2026-07-17T12:44:32.7288125+00:00 ContainerStream: 4 added, 0 removed; done.
2026-07-17T12:44:32.7297363+00:00 ContainerStream: Running hooks in /etc/ca-certificates/update.d...
2026-07-17T12:44:32.7486717+00:00 ContainerStream: done.
2026-07-17T12:44:32.7700919+00:00 ContainerStream: CA certificates copied and updated successfully.
2026-07-17T12:44:33.0286425+00:00 ContainerStream: Starting periodic command scheduler: cron.
2026-07-17T12:44:33.3180058+00:00 ContainerStream: Could not find build manifest file at '/home/site/wwwroot/oryx-manifest.toml'
2026-07-17T12:44:33.3180629+00:00 ContainerStream: Could not find operation ID in manifest. Generating an operation id...
2026-07-17T12:44:33.3180665+00:00 ContainerStream: Build Operation ID: 9f4ca6a4-6ab2-4fe4-81af-67adbf2a533f
2026-07-17T12:44:33.7911696+00:00 ContainerStream: Environment Variables for Application Insight's IPA Codeless Configuration exists..
2026-07-17T12:44:33.8221037+00:00 ContainerStream: Writing output script to '/opt/startup/startup.sh'
2026-07-17T12:44:33.9026118+00:00 ContainerStream: Running #!/bin/sh
2026-07-17T12:44:33.9026672+00:00 ContainerStream: 
2026-07-17T12:44:33.9026712+00:00 ContainerStream: # Enter the source directory to make sure the script runs where the user expects
2026-07-17T12:44:33.9026751+00:00 ContainerStream: cd "/home/site/wwwroot"
2026-07-17T12:44:33.9026767+00:00 ContainerStream: 
2026-07-17T12:44:33.9026786+00:00 ContainerStream: export NODE_PATH=/usr/local/lib/node_modules:$NODE_PATH
2026-07-17T12:44:33.9026861+00:00 ContainerStream: if [ -z "$PORT" ]; then
2026-07-17T12:44:33.9026878+00:00 ContainerStream: 		export PORT=8080
2026-07-17T12:44:33.9026893+00:00 ContainerStream: fi
2026-07-17T12:44:33.9026908+00:00 ContainerStream: 
2026-07-17T12:44:33.9026926+00:00 ContainerStream: PATH="$PATH:/home/site/wwwroot" npx --yes serve -s . -l $PORT
2026-07-17T12:44:35.8292638+00:00 ContainerStream: npm info using npm@10.9.2
2026-07-17T12:44:35.8401263+00:00 ContainerStream: npm info using node@v22.22.2
2026-07-17T12:44:40.1200192+00:00 ContainerStream: npm http fetch GET 200 https://registry.npmjs.org/npm 389ms
2026-07-17T12:44:40.3991156+00:00 ContainerStream: npm http fetch GET 200 https://registry.npmjs.org/serve 358ms (cache miss)
2026-07-17T12:44:41.4642353+00:00 ContainerStream: npm http fetch GET 200 https://registry.npmjs.org/serve 62ms (cache miss)
2026-07-17T12:44:41.5772108+00:00 ContainerStream: npm http fetch GET 200 https://registry.npmjs.org/@zeit%2fschemas 81ms (cache miss)
2026-07-17T12:44:41.6697555+00:00 ContainerStream: npm http fetch GET 200 https://registry.npmjs.org/ajv 82ms (cache miss)
2026-07-17T12:44:41.8875272+00:00 ContainerStream: npm http fetch GET 200 https://registry.npmjs.org/arg 150ms (cache miss)
2026-07-17T12:44:41.9303113+00:00 ContainerStream: npm http fetch GET 200 https://registry.npmjs.org/boxen 40ms (cache miss)
2026-07-17T12:44:41.9917005+00:00 ContainerStream: npm http fetch GET 200 https://registry.npmjs.org/chalk 50ms (cache miss)
2026-07-17T12:44:42.0352709+00:00 ContainerStream: npm http fetch GET 200 https://registry.npmjs.org/chalk-template 33ms (cache miss)
2026-07-17T12:44:42.0855335+00:00 ContainerStream: npm http fetch GET 200 https://registry.npmjs.org/clipboardy 41ms (cache miss)
2026-07-17T12:44:42.1632457+00:00 ContainerStream: npm http fetch GET 200 https://registry.npmjs.org/compression 51ms (cache miss)
2026-07-17T12:44:42.2034952+00:00 ContainerStream: npm http fetch GET 200 https://registry.npmjs.org/is-port-reachable 38ms (cache miss)
2026-07-17T12:44:42.2744718+00:00 ContainerStream: npm http fetch GET 200 https://registry.npmjs.org/serve-handler 69ms (cache miss)
2026-07-17T12:44:42.3165276+00:00 ContainerStream: npm http fetch GET 200 https://registry.npmjs.org/update-check 31ms (cache miss)
2026-07-17T12:44:42.3980524+00:00 ContainerStream: npm http fetch GET 200 https://registry.npmjs.org/fast-uri 39ms (cache miss)
2026-07-17T12:44:42.4475675+00:00 ContainerStream: npm http fetch GET 200 https://registry.npmjs.org/fast-deep-equal 40ms (cache miss)
2026-07-17T12:44:42.4705350+00:00 ContainerStream: npm http fetch GET 200 https://registry.npmjs.org/require-from-string 21ms (cache miss)
2026-07-17T12:44:42.5088126+00:00 ContainerStream: npm http fetch GET 200 https://registry.npmjs.org/json-schema-traverse 30ms (cache miss)
2026-07-17T12:44:42.5284359+00:00 ContainerStream: npm http cache https://registry.npmjs.org/chalk 12ms (cache hit)
2026-07-17T12:44:42.5687003+00:00 ContainerStream: npm http fetch GET 200 https://registry.npmjs.org/camelcase 32ms (cache miss)
2026-07-17T12:44:42.5993747+00:00 ContainerStream: npm http fetch GET 200 https://registry.npmjs.org/cli-boxes 29ms (cache miss)
2026-07-17T12:44:42.6538813+00:00 ContainerStream: npm http fetch GET 200 https://registry.npmjs.org/type-fest 53ms (cache miss)
2026-07-17T12:44:42.7132440+00:00 ContainerStream: npm http fetch GET 200 https://registry.npmjs.org/wrap-ansi 41ms (cache miss)
2026-07-17T12:44:42.7442701+00:00 ContainerStream: npm http fetch GET 200 https://registry.npmjs.org/ansi-align 30ms (cache miss)
2026-07-17T12:44:42.7798650+00:00 ContainerStream: npm http fetch GET 200 https://registry.npmjs.org/widest-line 34ms (cache miss)
2026-07-17T12:44:42.8072209+00:00 ContainerStream: npm http fetch GET 200 https://registry.npmjs.org/string-width 24ms (cache miss)
2026-07-17T12:44:42.8673369+00:00 ContainerStream: npm http fetch GET 200 https://registry.npmjs.org/arch 51ms (cache miss)
2026-07-17T12:44:42.9085029+00:00 ContainerStream: npm http fetch GET 200 https://registry.npmjs.org/execa 39ms (cache miss)
2026-07-17T12:44:42.9867811+00:00 ContainerStream: npm http fetch GET 200 https://registry.npmjs.org/is-wsl 58ms (cache miss)
2026-07-17T12:44:43.0093869+00:00 ContainerStream: npm http fetch GET 200 https://registry.npmjs.org/vary 21ms (cache miss)
2026-07-17T12:44:43.0487601+00:00 ContainerStream: npm http fetch GET 200 https://registry.npmjs.org/bytes 35ms (cache miss)
2026-07-17T12:44:43.0915231+00:00 ContainerStream: npm http fetch GET 200 https://registry.npmjs.org/debug 41ms (cache miss)
2026-07-17T12:44:43.1519377+00:00 ContainerStream: npm http fetch GET 200 https://registry.npmjs.org/negotiator 40ms (cache miss)
2026-07-17T12:44:43.1912711+00:00 ContainerStream: npm http fetch GET 200 https://registry.npmjs.org/on-headers 40ms (cache miss)
2026-07-17T12:44:43.2518793+00:00 ContainerStream: npm http fetch GET 200 https://registry.npmjs.org/safe-buffer 51ms (cache miss)
2026-07-17T12:44:43.2916098+00:00 ContainerStream: npm http fetch GET 200 https://registry.npmjs.org/compressible 29ms (cache miss)
2026-07-17T12:44:43.3023407+00:00 ContainerStream: npm http cache https://registry.npmjs.org/bytes 9ms (cache hit)
2026-07-17T12:44:43.3418640+00:00 ContainerStream: npm http fetch GET 200 https://registry.npmjs.org/content-disposition 35ms (cache miss)
2026-07-17T12:44:43.3732147+00:00 ContainerStream: npm http fetch GET 200 https://registry.npmjs.org/mime-types 30ms (cache miss)
2026-07-17T12:44:43.4368544+00:00 ContainerStream: npm http fetch GET 200 https://registry.npmjs.org/minimatch 54ms (cache miss)
2026-07-17T12:44:43.5170100+00:00 ContainerStream: npm http fetch GET 200 https://registry.npmjs.org/path-is-inside 60ms (cache miss)
2026-07-17T12:44:43.5692149+00:00 ContainerStream: npm http fetch GET 200 https://registry.npmjs.org/path-to-regexp 50ms (cache miss)
2026-07-17T12:44:43.6188477+00:00 ContainerStream: npm http fetch GET 200 https://registry.npmjs.org/range-parser 40ms (cache miss)
2026-07-17T12:44:43.6610610+00:00 ContainerStream: npm http fetch GET 200 https://registry.npmjs.org/registry-auth-token 39ms (cache miss)
2026-07-17T12:44:43.7015576+00:00 ContainerStream: npm http fetch GET 200 https://registry.npmjs.org/registry-url 38ms (cache miss)
2026-07-17T12:44:43.7693902+00:00 ContainerStream: npm http cache https://registry.npmjs.org/string-width 10ms (cache hit)
2026-07-17T12:44:43.8096460+00:00 ContainerStream: npm http fetch GET 200 https://registry.npmjs.org/strip-ansi 38ms (cache miss)
2026-07-17T12:44:44.0297343+00:00 ContainerStream: npm http fetch GET 200 https://registry.npmjs.org/emoji-regex 209ms (cache miss)
2026-07-17T12:44:44.0723169+00:00 ContainerStream: npm http fetch GET 200 https://registry.npmjs.org/eastasianwidth 41ms (cache miss)
2026-07-17T12:44:44.1108918+00:00 ContainerStream: npm http fetch GET 200 https://registry.npmjs.org/ansi-styles 30ms (cache miss)
2026-07-17T12:44:44.1310684+00:00 ContainerStream: npm http cache https://registry.npmjs.org/strip-ansi 10ms (cache hit)
2026-07-17T12:44:44.1502362+00:00 ContainerStream: npm http cache https://registry.npmjs.org/emoji-regex 11ms (cache hit)
2026-07-17T12:44:44.1907928+00:00 ContainerStream: npm http fetch GET 200 https://registry.npmjs.org/is-fullwidth-code-point 31ms (cache miss)
2026-07-17T12:44:44.2127894+00:00 ContainerStream: npm http cache https://registry.npmjs.org/ansi-styles 11ms (cache hit)
2026-07-17T12:44:44.2730242+00:00 ContainerStream: npm http fetch GET 200 https://registry.npmjs.org/supports-color 51ms (cache miss)
2026-07-17T12:44:44.3225872+00:00 ContainerStream: npm http fetch GET 200 https://registry.npmjs.org/onetime 30ms (cache miss)
2026-07-17T12:44:44.3452537+00:00 ContainerStream: npm http fetch GET 200 https://registry.npmjs.org/is-stream 21ms (cache miss)
2026-07-17T12:44:44.3909305+00:00 ContainerStream: npm http fetch GET 200 https://registry.npmjs.org/get-stream 44ms (cache miss)
2026-07-17T12:44:44.4328798+00:00 ContainerStream: npm http fetch GET 200 https://registry.npmjs.org/cross-spawn 31ms (cache miss)
2026-07-17T12:44:44.4743861+00:00 ContainerStream: npm http fetch GET 200 https://registry.npmjs.org/signal-exit 32ms (cache miss)
2026-07-17T12:44:44.5056129+00:00 ContainerStream: npm http fetch GET 200 https://registry.npmjs.org/merge-stream 29ms (cache miss)
2026-07-17T12:44:44.5552938+00:00 ContainerStream: npm http fetch GET 200 https://registry.npmjs.org/npm-run-path 48ms (cache miss)
2026-07-17T12:44:44.5885546+00:00 ContainerStream: npm http fetch GET 200 https://registry.npmjs.org/human-signals 31ms (cache miss)
2026-07-17T12:44:44.6288193+00:00 ContainerStream: npm http fetch GET 200 https://registry.npmjs.org/strip-final-newline 31ms (cache miss)
2026-07-17T12:44:44.6534780+00:00 ContainerStream: npm http fetch GET 200 https://registry.npmjs.org/is-docker 23ms (cache miss)
2026-07-17T12:44:44.7384748+00:00 ContainerStream: npm http fetch GET 200 https://registry.npmjs.org/mime-db 63ms (cache miss)
2026-07-17T12:44:44.7695482+00:00 ContainerStream: npm http fetch GET 200 https://registry.npmjs.org/ms 21ms (cache miss)
2026-07-17T12:44:44.8714981+00:00 ContainerStream: npm http fetch GET 200 https://registry.npmjs.org/which 52ms (cache miss)
2026-07-17T12:44:44.9212564+00:00 ContainerStream: npm http fetch GET 200 https://registry.npmjs.org/path-key 30ms (cache miss)
2026-07-17T12:44:44.9531122+00:00 ContainerStream: npm http fetch GET 200 https://registry.npmjs.org/shebang-command 29ms (cache miss)
2026-07-17T12:44:44.9636066+00:00 ContainerStream: npm http cache https://registry.npmjs.org/path-key 2ms (cache hit)
2026-07-17T12:44:44.9938377+00:00 ContainerStream: npm http fetch GET 200 https://registry.npmjs.org/mimic-fn 20ms (cache miss)
2026-07-17T12:44:45.0654313+00:00 ContainerStream: npm http fetch GET 200 https://registry.npmjs.org/shebang-regex 60ms (cache miss)
2026-07-17T12:44:45.0942532+00:00 ContainerStream: npm http fetch GET 200 https://registry.npmjs.org/isexe 21ms (cache miss)
2026-07-17T12:44:45.1666041+00:00 ContainerStream: npm http cache https://registry.npmjs.org/mime-db 12ms (cache hit)
2026-07-17T12:44:45.2495706+00:00 ContainerStream: npm http fetch GET 200 https://registry.npmjs.org/brace-expansion 72ms (cache miss)
2026-07-17T12:44:45.3289320+00:00 ContainerStream: npm http fetch GET 200 https://registry.npmjs.org/concat-map 41ms (cache miss)
2026-07-17T12:44:45.3794609+00:00 ContainerStream: npm http fetch GET 200 https://registry.npmjs.org/balanced-match 33ms (cache miss)
2026-07-17T12:44:45.4505051+00:00 ContainerStream: npm http fetch GET 200 https://registry.npmjs.org/ansi-regex 41ms (cache miss)
2026-07-17T12:44:45.5026478+00:00 ContainerStream: npm http fetch GET 200 https://registry.npmjs.org/rc 40ms (cache miss)
2026-07-17T12:44:45.5134153+00:00 ContainerStream: npm http cache https://registry.npmjs.org/rc 9ms (cache hit)
2026-07-17T12:44:45.5618213+00:00 ContainerStream: npm http fetch GET 200 https://registry.npmjs.org/ini 30ms (cache miss)
2026-07-17T12:44:45.6040883+00:00 ContainerStream: npm http fetch GET 200 https://registry.npmjs.org/minimist 40ms (cache miss)
2026-07-17T12:44:45.6415396+00:00 ContainerStream: npm http fetch GET 200 https://registry.npmjs.org/deep-extend 24ms (cache miss)
2026-07-17T12:44:45.6751418+00:00 ContainerStream: npm http fetch GET 200 https://registry.npmjs.org/strip-json-comments 31ms (cache miss)
2026-07-17T12:44:45.7439697+00:00 ContainerStream: npm http cache https://registry.npmjs.org/ansi-regex 20ms (cache hit)
2026-07-17T12:44:45.7952746+00:00 ContainerStream: npm http fetch GET 200 https://registry.npmjs.org/color-convert 39ms (cache miss)
2026-07-17T12:44:45.8477913+00:00 ContainerStream: npm http fetch GET 200 https://registry.npmjs.org/has-flag 43ms (cache miss)
2026-07-17T12:44:45.9180601+00:00 ContainerStream: npm http fetch GET 200 https://registry.npmjs.org/color-name 41ms (cache miss)
2026-07-17T12:44:46.1100978+00:00 ContainerStream: npm http cache color-name@https://registry.npmjs.org/color-name/-/color-name-1.1.4.tgz 0ms (cache hit)
2026-07-17T12:44:46.1197546+00:00 ContainerStream: npm http cache color-convert@https://registry.npmjs.org/color-convert/-/color-convert-2.0.1.tgz 0ms (cache hit)
2026-07-17T12:44:46.1276674+00:00 ContainerStream: npm http cache has-flag@https://registry.npmjs.org/has-flag/-/has-flag-4.0.0.tgz 0ms (cache hit)
2026-07-17T12:44:46.1289724+00:00 ContainerStream: npm http cache supports-color@https://registry.npmjs.org/supports-color/-/supports-color-7.2.0.tgz 0ms (cache hit)
2026-07-17T12:44:46.1299598+00:00 ContainerStream: npm http cache is-fullwidth-code-point@https://registry.npmjs.org/is-fullwidth-code-point/-/is-fullwidth-code-point-3.0.0.tgz 0ms (cache hit)
2026-07-17T12:44:46.1379695+00:00 ContainerStream: npm http cache ansi-styles@https://registry.npmjs.org/ansi-styles/-/ansi-styles-6.2.3.tgz 0ms (cache hit)
2026-07-17T12:44:46.1389922+00:00 ContainerStream: npm http cache isexe@https://registry.npmjs.org/isexe/-/isexe-2.0.0.tgz 0ms (cache hit)
2026-07-17T12:44:46.1398528+00:00 ContainerStream: npm http cache strip-json-comments@https://registry.npmjs.org/strip-json-comments/-/strip-json-comments-2.0.1.tgz 0ms (cache hit)
2026-07-17T12:44:46.1477794+00:00 ContainerStream: npm http cache minimist@https://registry.npmjs.org/minimist/-/minimist-1.2.8.tgz 0ms (cache hit)
2026-07-17T12:44:46.1490549+00:00 ContainerStream: npm http cache ini@https://registry.npmjs.org/ini/-/ini-1.3.8.tgz 0ms (cache hit)
2026-07-17T12:44:46.1578393+00:00 ContainerStream: npm http cache deep-extend@https://registry.npmjs.org/deep-extend/-/deep-extend-0.6.0.tgz 0ms (cache hit)
2026-07-17T12:44:46.1587997+00:00 ContainerStream: npm http cache rc@https://registry.npmjs.org/rc/-/rc-1.2.8.tgz 0ms (cache hit)
2026-07-17T12:44:46.1595955+00:00 ContainerStream: npm http cache registry-url@https://registry.npmjs.org/registry-url/-/registry-url-3.1.0.tgz 0ms (cache hit)
2026-07-17T12:44:46.1673317+00:00 ContainerStream: npm http cache registry-auth-token@https://registry.npmjs.org/registry-auth-token/-/registry-auth-token-3.3.2.tgz 0ms (cache hit)
2026-07-17T12:44:46.1682196+00:00 ContainerStream: npm http cache ansi-regex@https://registry.npmjs.org/ansi-regex/-/ansi-regex-6.2.2.tgz 0ms (cache hit)
2026-07-17T12:44:46.1690849+00:00 ContainerStream: npm http cache strip-ansi@https://registry.npmjs.org/strip-ansi/-/strip-ansi-7.2.0.tgz 1ms (cache hit)
2026-07-17T12:44:46.1698941+00:00 ContainerStream: npm http cache emoji-regex@https://registry.npmjs.org/emoji-regex/-/emoji-regex-9.2.2.tgz 0ms (cache hit)
2026-07-17T12:44:46.1782433+00:00 ContainerStream: npm http cache eastasianwidth@https://registry.npmjs.org/eastasianwidth/-/eastasianwidth-0.2.0.tgz 0ms (cache hit)
2026-07-17T12:44:46.1782611+00:00 ContainerStream: npm http cache shebang-regex@https://registry.npmjs.org/shebang-regex/-/shebang-regex-3.0.0.tgz 0ms (cache hit)
2026-07-17T12:44:46.1782642+00:00 ContainerStream: npm http cache concat-map@https://registry.npmjs.org/concat-map/-/concat-map-0.0.1.tgz 0ms (cache hit)
2026-07-17T12:44:46.1782665+00:00 ContainerStream: npm http cache balanced-match@https://registry.npmjs.org/balanced-match/-/balanced-match-1.0.2.tgz 0ms (cache hit)
2026-07-17T12:44:46.1795126+00:00 ContainerStream: npm http cache brace-expansion@https://registry.npmjs.org/brace-expansion/-/brace-expansion-1.1.16.tgz 0ms (cache hit)
2026-07-17T12:44:46.1795334+00:00 ContainerStream: npm http cache range-parser@https://registry.npmjs.org/range-parser/-/range-parser-1.2.0.tgz 0ms (cache hit)
2026-07-17T12:44:46.1795358+00:00 ContainerStream: npm http cache path-to-regexp@https://registry.npmjs.org/path-to-regexp/-/path-to-regexp-3.3.0.tgz 0ms (cache hit)
2026-07-17T12:44:46.1795378+00:00 ContainerStream: npm http cache path-is-inside@https://registry.npmjs.org/path-is-inside/-/path-is-inside-1.0.2.tgz 0ms (cache hit)
2026-07-17T12:44:46.1801478+00:00 ContainerStream: npm http cache minimatch@https://registry.npmjs.org/minimatch/-/minimatch-3.1.5.tgz 0ms (cache hit)
2026-07-17T12:44:46.1972471+00:00 ContainerStream: npm http cache mime-types@https://registry.npmjs.org/mime-types/-/mime-types-2.1.18.tgz 0ms (cache hit)
2026-07-17T12:44:46.1972865+00:00 ContainerStream: npm http cache content-disposition@https://registry.npmjs.org/content-disposition/-/content-disposition-0.5.2.tgz 0ms (cache hit)
2026-07-17T12:44:46.1972891+00:00 ContainerStream: npm http cache mimic-fn@https://registry.npmjs.org/mimic-fn/-/mimic-fn-2.1.0.tgz 0ms (cache hit)
2026-07-17T12:44:46.1972914+00:00 ContainerStream: npm http cache is-docker@https://registry.npmjs.org/is-docker/-/is-docker-2.2.1.tgz 0ms (cache hit)
2026-07-17T12:44:46.1972934+00:00 ContainerStream: npm http cache which@https://registry.npmjs.org/which/-/which-2.0.2.tgz 0ms (cache hit)
2026-07-17T12:44:46.1972957+00:00 ContainerStream: npm http cache shebang-command@https://registry.npmjs.org/shebang-command/-/shebang-command-2.0.0.tgz 0ms (cache hit)
2026-07-17T12:44:46.1972987+00:00 ContainerStream: npm http cache path-key@https://registry.npmjs.org/path-key/-/path-key-3.1.1.tgz 0ms (cache hit)
2026-07-17T12:44:46.1973008+00:00 ContainerStream: npm http cache strip-final-newline@https://registry.npmjs.org/strip-final-newline/-/strip-final-newline-2.0.0.tgz 0ms (cache hit)
2026-07-17T12:44:46.1973029+00:00 ContainerStream: npm http cache signal-exit@https://registry.npmjs.org/signal-exit/-/signal-exit-3.0.7.tgz 0ms (cache hit)
2026-07-17T12:44:46.1973054+00:00 ContainerStream: npm http cache onetime@https://registry.npmjs.org/onetime/-/onetime-5.1.2.tgz 0ms (cache hit)
2026-07-17T12:44:46.1973078+00:00 ContainerStream: npm http cache npm-run-path@https://registry.npmjs.org/npm-run-path/-/npm-run-path-4.0.1.tgz 0ms (cache hit)
2026-07-17T12:44:46.1973099+00:00 ContainerStream: npm http cache merge-stream@https://registry.npmjs.org/merge-stream/-/merge-stream-2.0.0.tgz 0ms (cache hit)
2026-07-17T12:44:46.1973129+00:00 ContainerStream: npm http cache is-stream@https://registry.npmjs.org/is-stream/-/is-stream-2.0.1.tgz 0ms (cache hit)
2026-07-17T12:44:46.1973151+00:00 ContainerStream: npm http cache human-signals@https://registry.npmjs.org/human-signals/-/human-signals-2.1.0.tgz 0ms (cache hit)
2026-07-17T12:44:46.1973172+00:00 ContainerStream: npm http cache get-stream@https://registry.npmjs.org/get-stream/-/get-stream-6.0.1.tgz 0ms (cache hit)
2026-07-17T12:44:46.1973192+00:00 ContainerStream: npm http cache cross-spawn@https://registry.npmjs.org/cross-spawn/-/cross-spawn-7.0.6.tgz 0ms (cache hit)
2026-07-17T12:44:46.1973212+00:00 ContainerStream: npm http cache ms@https://registry.npmjs.org/ms/-/ms-2.0.0.tgz 0ms (cache hit)
2026-07-17T12:44:46.1973268+00:00 ContainerStream: npm http cache mime-db@https://registry.npmjs.org/mime-db/-/mime-db-1.54.0.tgz 0ms (cache hit)
2026-07-17T12:44:46.1994045+00:00 ContainerStream: npm http cache vary@https://registry.npmjs.org/vary/-/vary-1.1.2.tgz 0ms (cache hit)
2026-07-17T12:44:46.2002139+00:00 ContainerStream: npm http cache safe-buffer@https://registry.npmjs.org/safe-buffer/-/safe-buffer-5.2.1.tgz 0ms (cache hit)
2026-07-17T12:44:46.2079379+00:00 ContainerStream: npm http cache on-headers@https://registry.npmjs.org/on-headers/-/on-headers-1.1.0.tgz 0ms (cache hit)
2026-07-17T12:44:46.2085679+00:00 ContainerStream: npm http cache negotiator@https://registry.npmjs.org/negotiator/-/negotiator-0.6.4.tgz 0ms (cache hit)
2026-07-17T12:44:46.2092985+00:00 ContainerStream: npm http cache debug@https://registry.npmjs.org/debug/-/debug-2.6.9.tgz 0ms (cache hit)
2026-07-17T12:44:46.2099733+00:00 ContainerStream: npm http cache compressible@https://registry.npmjs.org/compressible/-/compressible-2.0.18.tgz 0ms (cache hit)
2026-07-17T12:44:46.2189085+00:00 ContainerStream: npm http cache bytes@https://registry.npmjs.org/bytes/-/bytes-3.1.2.tgz 0ms (cache hit)
2026-07-17T12:44:46.2189260+00:00 ContainerStream: npm http cache is-wsl@https://registry.npmjs.org/is-wsl/-/is-wsl-2.2.0.tgz 0ms (cache hit)
2026-07-17T12:44:46.2189293+00:00 ContainerStream: npm http cache execa@https://registry.npmjs.org/execa/-/execa-5.1.1.tgz 0ms (cache hit)
2026-07-17T12:44:46.2189362+00:00 ContainerStream: npm http cache arch@https://registry.npmjs.org/arch/-/arch-2.2.0.tgz 0ms (cache hit)
2026-07-17T12:44:46.2189382+00:00 ContainerStream: npm http cache wrap-ansi@https://registry.npmjs.org/wrap-ansi/-/wrap-ansi-8.1.0.tgz 0ms (cache hit)
2026-07-17T12:44:46.2189403+00:00 ContainerStream: npm http cache widest-line@https://registry.npmjs.org/widest-line/-/widest-line-4.0.1.tgz 0ms (cache hit)
2026-07-17T12:44:46.2189423+00:00 ContainerStream: npm http cache type-fest@https://registry.npmjs.org/type-fest/-/type-fest-2.19.0.tgz 0ms (cache hit)
2026-07-17T12:44:46.2192702+00:00 ContainerStream: npm http cache string-width@https://registry.npmjs.org/string-width/-/string-width-5.1.2.tgz 0ms (cache hit)
2026-07-17T12:44:46.2200849+00:00 ContainerStream: npm http cache cli-boxes@https://registry.npmjs.org/cli-boxes/-/cli-boxes-3.0.0.tgz 0ms (cache hit)
2026-07-17T12:44:46.2474056+00:00 ContainerStream: npm http cache camelcase@https://registry.npmjs.org/camelcase/-/camelcase-7.0.1.tgz 0ms (cache hit)
2026-07-17T12:44:46.2474546+00:00 ContainerStream: npm http cache ansi-align@https://registry.npmjs.org/ansi-align/-/ansi-align-3.0.1.tgz 0ms (cache hit)
2026-07-17T12:44:46.2474589+00:00 ContainerStream: npm http cache require-from-string@https://registry.npmjs.org/require-from-string/-/require-from-string-2.0.2.tgz 0ms (cache hit)
2026-07-17T12:44:46.2474622+00:00 ContainerStream: npm http cache json-schema-traverse@https://registry.npmjs.org/json-schema-traverse/-/json-schema-traverse-1.0.0.tgz 0ms (cache hit)
2026-07-17T12:44:46.2474711+00:00 ContainerStream: npm http cache fast-uri@https://registry.npmjs.org/fast-uri/-/fast-uri-3.1.3.tgz 1ms (cache hit)
2026-07-17T12:44:46.2474745+00:00 ContainerStream: npm http cache fast-deep-equal@https://registry.npmjs.org/fast-deep-equal/-/fast-deep-equal-3.1.3.tgz 0ms (cache hit)
2026-07-17T12:44:46.2474775+00:00 ContainerStream: npm http cache update-check@https://registry.npmjs.org/update-check/-/update-check-1.5.4.tgz 0ms (cache hit)
2026-07-17T12:44:46.2474804+00:00 ContainerStream: npm http cache serve-handler@https://registry.npmjs.org/serve-handler/-/serve-handler-6.1.7.tgz 0ms (cache hit)
2026-07-17T12:44:46.2474833+00:00 ContainerStream: npm http cache is-port-reachable@https://registry.npmjs.org/is-port-reachable/-/is-port-reachable-4.0.0.tgz 0ms (cache hit)
2026-07-17T12:44:46.2474876+00:00 ContainerStream: npm http cache compression@https://registry.npmjs.org/compression/-/compression-1.8.1.tgz 0ms (cache hit)
2026-07-17T12:44:46.2474907+00:00 ContainerStream: npm http cache clipboardy@https://registry.npmjs.org/clipboardy/-/clipboardy-3.0.0.tgz 0ms (cache hit)
2026-07-17T12:44:46.2474935+00:00 ContainerStream: npm http cache chalk-template@https://registry.npmjs.org/chalk-template/-/chalk-template-0.4.0.tgz 0ms (cache hit)
2026-07-17T12:44:46.2474963+00:00 ContainerStream: npm http cache chalk@https://registry.npmjs.org/chalk/-/chalk-5.0.1.tgz 0ms (cache hit)
2026-07-17T12:44:46.2474991+00:00 ContainerStream: npm http cache boxen@https://registry.npmjs.org/boxen/-/boxen-7.0.0.tgz 0ms (cache hit)
2026-07-17T12:44:46.2475027+00:00 ContainerStream: npm http cache arg@https://registry.npmjs.org/arg/-/arg-5.0.2.tgz 0ms (cache hit)
2026-07-17T12:44:46.2684084+00:00 ContainerStream: npm http cache ajv@https://registry.npmjs.org/ajv/-/ajv-8.18.0.tgz 0ms (cache hit)
2026-07-17T12:44:46.2690755+00:00 ContainerStream: npm http cache @zeit/schemas@https://registry.npmjs.org/@zeit/schemas/-/schemas-2.36.0.tgz 0ms (cache hit)
2026-07-17T12:44:46.2695449+00:00 ContainerStream: npm http cache serve@https://registry.npmjs.org/serve/-/serve-14.2.6.tgz 0ms (cache hit)
2026-07-17T12:44:46.2699878+00:00 ContainerStream: npm http cache mime-db@https://registry.npmjs.org/mime-db/-/mime-db-1.33.0.tgz 0ms (cache hit)
2026-07-17T12:44:46.2789811+00:00 ContainerStream: npm http cache ansi-regex@https://registry.npmjs.org/ansi-regex/-/ansi-regex-5.0.1.tgz 0ms (cache hit)
2026-07-17T12:44:46.2794948+00:00 ContainerStream: npm http cache strip-ansi@https://registry.npmjs.org/strip-ansi/-/strip-ansi-6.0.1.tgz 0ms (cache hit)
2026-07-17T12:44:46.2799618+00:00 ContainerStream: npm http cache emoji-regex@https://registry.npmjs.org/emoji-regex/-/emoji-regex-8.0.0.tgz 0ms (cache hit)
2026-07-17T12:44:46.2803267+00:00 ContainerStream: npm http cache string-width@https://registry.npmjs.org/string-width/-/string-width-4.2.3.tgz 0ms (cache hit)
2026-07-17T12:44:46.2876362+00:00 ContainerStream: npm http cache bytes@https://registry.npmjs.org/bytes/-/bytes-3.0.0.tgz 0ms (cache hit)
2026-07-17T12:44:46.2879306+00:00 ContainerStream: npm http cache ansi-styles@https://registry.npmjs.org/ansi-styles/-/ansi-styles-4.3.0.tgz 0ms (cache hit)
2026-07-17T12:44:46.2885414+00:00 ContainerStream: npm http cache chalk@https://registry.npmjs.org/chalk/-/chalk-4.1.2.tgz 0ms (cache hit)
2026-07-17T12:44:46.9892098+00:00 ContainerStream: npm http fetch POST 200 https://registry.npmjs.org/-/npm/v1/security/advisories/bulk 961ms
2026-07-17T12:44:48.6166448+00:00 ContainerStream: npm http fetch GET 200 https://registry.npmjs.org/color-name/-/color-name-1.1.4.tgz 2327ms (cache miss)
2026-07-17T12:44:48.7547041+00:00 ContainerStream: npm http fetch GET 200 https://registry.npmjs.org/strip-ansi/-/strip-ansi-7.2.0.tgz 2445ms (cache miss)
2026-07-17T12:44:48.7646922+00:00 ContainerStream: npm http fetch GET 200 https://registry.npmjs.org/ansi-regex/-/ansi-regex-6.2.2.tgz 2455ms (cache miss)
2026-07-17T12:44:48.7668305+00:00 ContainerStream: npm http fetch GET 200 https://registry.npmjs.org/eastasianwidth/-/eastasianwidth-0.2.0.tgz 2448ms (cache miss)
2026-07-17T12:44:48.8058530+00:00 ContainerStream: npm http fetch GET 200 https://registry.npmjs.org/concat-map/-/concat-map-0.0.1.tgz 2487ms (cache miss)
2026-07-17T12:44:48.8770804+00:00 ContainerStream: npm http fetch GET 200 https://registry.npmjs.org/registry-url/-/registry-url-3.1.0.tgz 2568ms (cache miss)
2026-07-17T12:44:48.9731712+00:00 ContainerStream: npm http fetch GET 200 https://registry.npmjs.org/shebang-regex/-/shebang-regex-3.0.0.tgz 2615ms (cache miss)
2026-07-17T12:44:48.9851109+00:00 ContainerStream: npm http fetch GET 200 https://registry.npmjs.org/balanced-match/-/balanced-match-1.0.2.tgz 2664ms (cache miss)
2026-07-17T12:44:49.0030722+00:00 ContainerStream: npm http fetch GET 200 https://registry.npmjs.org/strip-final-newline/-/strip-final-newline-2.0.0.tgz 2664ms (cache miss)
2026-07-17T12:44:49.1234236+00:00 ContainerStream: npm http fetch GET 200 https://registry.npmjs.org/has-flag/-/has-flag-4.0.0.tgz 2825ms (cache miss)
2026-07-17T12:44:49.1247866+00:00 ContainerStream: npm http fetch GET 200 https://registry.npmjs.org/is-fullwidth-code-point/-/is-fullwidth-code-point-3.0.0.tgz 2826ms (cache miss)
2026-07-17T12:44:49.1354107+00:00 ContainerStream: npm http fetch GET 200 https://registry.npmjs.org/strip-json-comments/-/strip-json-comments-2.0.1.tgz 2826ms (cache miss)
2026-07-17T12:44:49.1856564+00:00 ContainerStream: npm http fetch GET 200 https://registry.npmjs.org/content-disposition/-/content-disposition-0.5.2.tgz 2815ms (cache miss)
2026-07-17T12:44:49.2039570+00:00 ContainerStream: npm http fetch GET 200 https://registry.npmjs.org/path-key/-/path-key-3.1.1.tgz 2866ms (cache miss)
2026-07-17T12:44:49.2053228+00:00 ContainerStream: npm http fetch GET 200 https://registry.npmjs.org/path-is-inside/-/path-is-inside-1.0.2.tgz 2878ms (cache miss)
2026-07-17T12:44:49.2147193+00:00 ContainerStream: npm http fetch GET 200 https://registry.npmjs.org/wrap-ansi/-/wrap-ansi-8.1.0.tgz 2844ms (cache miss)
2026-07-17T12:44:49.2455699+00:00 ContainerStream: npm http fetch GET 200 https://registry.npmjs.org/arch/-/arch-2.2.0.tgz 2876ms (cache miss)
2026-07-17T12:44:49.2650042+00:00 ContainerStream: npm http fetch GET 200 https://registry.npmjs.org/supports-color/-/supports-color-7.2.0.tgz 2966ms (cache miss)
2026-07-17T12:44:49.2736825+00:00 ContainerStream: npm http fetch GET 200 https://registry.npmjs.org/isexe/-/isexe-2.0.0.tgz 2974ms (cache miss)
2026-07-17T12:44:49.2744766+00:00 ContainerStream: npm http fetch GET 200 https://registry.npmjs.org/is-docker/-/is-docker-2.2.1.tgz 2945ms (cache miss)
2026-07-17T12:44:49.2750764+00:00 ContainerStream: npm http fetch GET 200 https://registry.npmjs.org/shebang-command/-/shebang-command-2.0.0.tgz 2944ms (cache miss)
2026-07-17T12:44:49.2755236+00:00 ContainerStream: npm http fetch GET 200 https://registry.npmjs.org/which/-/which-2.0.2.tgz 2937ms (cache miss)
2026-07-17T12:44:49.2834142+00:00 ContainerStream: npm http fetch GET 200 https://registry.npmjs.org/mime-types/-/mime-types-2.1.18.tgz 2955ms (cache miss)
2026-07-17T12:44:49.2840872+00:00 ContainerStream: npm http fetch GET 200 https://registry.npmjs.org/merge-stream/-/merge-stream-2.0.0.tgz 2944ms (cache miss)
2026-07-17T12:44:49.2845585+00:00 ContainerStream: npm http fetch GET 200 https://registry.npmjs.org/is-stream/-/is-stream-2.0.1.tgz 2944ms (cache miss)
2026-07-17T12:44:49.2932488+00:00 ContainerStream: npm http fetch GET 200 https://registry.npmjs.org/onetime/-/onetime-5.1.2.tgz 2954ms (cache miss)
2026-07-17T12:44:49.2938871+00:00 ContainerStream: npm http fetch GET 200 https://registry.npmjs.org/npm-run-path/-/npm-run-path-4.0.1.tgz 2954ms (cache miss)
2026-07-17T12:44:49.2949531+00:00 ContainerStream: npm http fetch GET 200 https://registry.npmjs.org/compressible/-/compressible-2.0.18.tgz 2926ms (cache miss)
2026-07-17T12:44:49.3037985+00:00 ContainerStream: npm http fetch GET 200 https://registry.npmjs.org/serve-handler/-/serve-handler-6.1.7.tgz 2894ms (cache miss)
2026-07-17T12:44:49.3153589+00:00 ContainerStream: npm http fetch GET 200 https://registry.npmjs.org/deep-extend/-/deep-extend-0.6.0.tgz 3007ms (cache miss)
2026-07-17T12:44:49.3230174+00:00 ContainerStream: npm http fetch GET 200 https://registry.npmjs.org/mimic-fn/-/mimic-fn-2.1.0.tgz 2993ms (cache miss)
2026-07-17T12:44:49.3235992+00:00 ContainerStream: npm http fetch GET 200 https://registry.npmjs.org/ini/-/ini-1.3.8.tgz 3016ms (cache miss)
2026-07-17T12:44:49.3245830+00:00 ContainerStream: npm http fetch GET 200 https://registry.npmjs.org/get-stream/-/get-stream-6.0.1.tgz 2977ms (cache miss)
2026-07-17T12:44:49.3254421+00:00 ContainerStream: npm http fetch GET 200 https://registry.npmjs.org/on-headers/-/on-headers-1.1.0.tgz 2976ms (cache miss)
2026-07-17T12:44:49.3332884+00:00 ContainerStream: npm http fetch GET 200 https://registry.npmjs.org/string-width/-/string-width-5.1.2.tgz 2955ms (cache miss)
2026-07-17T12:44:49.3343137+00:00 ContainerStream: npm http fetch GET 200 https://registry.npmjs.org/cli-boxes/-/cli-boxes-3.0.0.tgz 2955ms (cache miss)
2026-07-17T12:44:49.3347937+00:00 ContainerStream: npm http fetch GET 200 https://registry.npmjs.org/require-from-string/-/require-from-string-2.0.2.tgz 2934ms (cache miss)
2026-07-17T12:44:49.3435571+00:00 ContainerStream: npm http fetch GET 200 https://registry.npmjs.org/arg/-/arg-5.0.2.tgz 2915ms (cache miss)
2026-07-17T12:44:49.3457210+00:00 ContainerStream: npm http fetch GET 200 https://registry.npmjs.org/@zeit/schemas/-/schemas-2.36.0.tgz 2917ms (cache miss)
2026-07-17T12:44:49.3536137+00:00 ContainerStream: npm http fetch GET 200 https://registry.npmjs.org/emoji-regex/-/emoji-regex-9.2.2.tgz 3044ms (cache miss)
2026-07-17T12:44:49.3550186+00:00 ContainerStream: npm http fetch GET 200 https://registry.npmjs.org/range-parser/-/range-parser-1.2.0.tgz 3034ms (cache miss)
2026-07-17T12:44:49.3631140+00:00 ContainerStream: npm http fetch GET 200 https://registry.npmjs.org/ansi-styles/-/ansi-styles-6.2.3.tgz 3063ms (cache miss)
2026-07-17T12:44:49.3649002+00:00 ContainerStream: npm http fetch GET 200 https://registry.npmjs.org/ms/-/ms-2.0.0.tgz 3016ms (cache miss)
2026-07-17T12:44:49.3759432+00:00 ContainerStream: npm http fetch GET 200 https://registry.npmjs.org/widest-line/-/widest-line-4.0.1.tgz 2995ms (cache miss)
2026-07-17T12:44:49.3759908+00:00 ContainerStream: npm http fetch GET 200 https://registry.npmjs.org/camelcase/-/camelcase-7.0.1.tgz 2997ms (cache miss)
2026-07-17T12:44:49.3841010+00:00 ContainerStream: npm http fetch GET 200 https://registry.npmjs.org/is-port-reachable/-/is-port-reachable-4.0.0.tgz 2973ms (cache miss)
2026-07-17T12:44:49.3954612+00:00 ContainerStream: npm http fetch GET 200 https://registry.npmjs.org/ansi-align/-/ansi-align-3.0.1.tgz 3016ms (cache miss)
2026-07-17T12:44:49.4052945+00:00 ContainerStream: npm http fetch GET 200 https://registry.npmjs.org/path-to-regexp/-/path-to-regexp-3.3.0.tgz 3084ms (cache miss)
2026-07-17T12:44:49.4157167+00:00 ContainerStream: npm http fetch GET 200 https://registry.npmjs.org/is-wsl/-/is-wsl-2.2.0.tgz 3047ms (cache miss)
2026-07-17T12:44:49.4241024+00:00 ContainerStream: npm http fetch GET 200 https://registry.npmjs.org/chalk-template/-/chalk-template-0.4.0.tgz 3005ms (cache miss)
2026-07-17T12:44:49.4257193+00:00 ContainerStream: npm http fetch GET 200 https://registry.npmjs.org/ansi-regex/-/ansi-regex-5.0.1.tgz 2996ms (cache miss)
2026-07-17T12:44:49.4437712+00:00 ContainerStream: npm http fetch GET 200 https://registry.npmjs.org/strip-ansi/-/strip-ansi-6.0.1.tgz 3004ms (cache miss)
2026-07-17T12:44:49.4533704+00:00 ContainerStream: npm http fetch GET 200 https://registry.npmjs.org/color-convert/-/color-convert-2.0.1.tgz 3155ms (cache miss)
2026-07-17T12:44:49.4550692+00:00 ContainerStream: npm http fetch GET 200 https://registry.npmjs.org/signal-exit/-/signal-exit-3.0.7.tgz 3116ms (cache miss)
2026-07-17T12:44:49.4650214+00:00 ContainerStream: npm http fetch GET 200 https://registry.npmjs.org/compression/-/compression-1.8.1.tgz 3054ms (cache miss)
2026-07-17T12:44:49.4834097+00:00 ContainerStream: npm http fetch GET 200 https://registry.npmjs.org/negotiator/-/negotiator-0.6.4.tgz 3123ms (cache miss)
2026-07-17T12:44:49.4855335+00:00 ContainerStream: npm http fetch GET 200 https://registry.npmjs.org/boxen/-/boxen-7.0.0.tgz 3066ms (cache miss)
2026-07-17T12:44:49.5027937+00:00 ContainerStream: npm http fetch GET 200 https://registry.npmjs.org/rc/-/rc-1.2.8.tgz 3187ms (cache miss)
2026-07-17T12:44:49.5047714+00:00 ContainerStream: npm http fetch GET 200 https://registry.npmjs.org/fast-deep-equal/-/fast-deep-equal-3.1.3.tgz 3095ms (cache miss)
2026-07-17T12:44:49.5054159+00:00 ContainerStream: npm http fetch GET 200 https://registry.npmjs.org/emoji-regex/-/emoji-regex-8.0.0.tgz 3076ms (cache miss)
2026-07-17T12:44:49.5128266+00:00 ContainerStream: npm http fetch GET 200 https://registry.npmjs.org/bytes/-/bytes-3.0.0.tgz 3082ms (cache miss)
2026-07-17T12:44:49.5239584+00:00 ContainerStream: npm http fetch GET 200 https://registry.npmjs.org/string-width/-/string-width-4.2.3.tgz 3093ms (cache miss)
2026-07-17T12:44:49.5247616+00:00 ContainerStream: npm http fetch GET 200 https://registry.npmjs.org/ansi-styles/-/ansi-styles-4.3.0.tgz 3086ms (cache miss)
2026-07-17T12:44:49.5434944+00:00 ContainerStream: npm http fetch GET 200 https://registry.npmjs.org/json-schema-traverse/-/json-schema-traverse-1.0.0.tgz 3127ms (cache miss)
2026-07-17T12:44:49.5449116+00:00 ContainerStream: npm http fetch GET 200 https://registry.npmjs.org/update-check/-/update-check-1.5.4.tgz 3135ms (cache miss)
2026-07-17T12:44:49.5541290+00:00 ContainerStream: npm http fetch GET 200 https://registry.npmjs.org/minimatch/-/minimatch-3.1.5.tgz 3225ms (cache miss)
2026-07-17T12:44:49.5652439+00:00 ContainerStream: npm http fetch GET 200 https://registry.npmjs.org/cross-spawn/-/cross-spawn-7.0.6.tgz 3217ms (cache miss)
2026-07-17T12:44:49.5748823+00:00 ContainerStream: npm http fetch GET 200 https://registry.npmjs.org/serve/-/serve-14.2.6.tgz 3147ms (cache miss)
2026-07-17T12:44:49.5948575+00:00 ContainerStream: npm http fetch GET 200 https://registry.npmjs.org/chalk/-/chalk-4.1.2.tgz 3156ms (cache miss)
2026-07-17T12:44:49.6236147+00:00 ContainerStream: npm http fetch GET 200 https://registry.npmjs.org/human-signals/-/human-signals-2.1.0.tgz 3276ms (cache miss)
2026-07-17T12:44:49.6639124+00:00 ContainerStream: npm http fetch GET 200 https://registry.npmjs.org/mime-db/-/mime-db-1.33.0.tgz 3235ms (cache miss)
2026-07-17T12:44:49.6748955+00:00 ContainerStream: npm http fetch GET 200 https://registry.npmjs.org/registry-auth-token/-/registry-auth-token-3.3.2.tgz 3365ms (cache miss)
2026-07-17T12:44:49.6858032+00:00 ContainerStream: npm http fetch GET 200 https://registry.npmjs.org/chalk/-/chalk-5.0.1.tgz 3266ms (cache miss)
2026-07-17T12:44:49.7132262+00:00 ContainerStream: npm http fetch GET 200 https://registry.npmjs.org/execa/-/execa-5.1.1.tgz 3343ms (cache miss)
2026-07-17T12:44:49.7154021+00:00 ContainerStream: npm http fetch GET 200 https://registry.npmjs.org/debug/-/debug-2.6.9.tgz 3347ms (cache miss)
2026-07-17T12:44:49.7441167+00:00 ContainerStream: npm http fetch GET 200 https://registry.npmjs.org/minimist/-/minimist-1.2.8.tgz 3443ms (cache miss)
2026-07-17T12:44:49.7747017+00:00 ContainerStream: npm http fetch GET 200 https://registry.npmjs.org/brace-expansion/-/brace-expansion-1.1.16.tgz 3455ms (cache miss)
2026-07-17T12:44:49.8337946+00:00 ContainerStream: npm http fetch GET 200 https://registry.npmjs.org/fast-uri/-/fast-uri-3.1.3.tgz 3425ms (cache miss)
2026-07-17T12:44:49.9348462+00:00 ContainerStream: npm http fetch GET 200 https://registry.npmjs.org/clipboardy/-/clipboardy-3.0.0.tgz 3516ms (cache miss)
2026-07-17T12:44:49.9630592+00:00 ContainerStream: npm http fetch GET 200 https://registry.npmjs.org/type-fest/-/type-fest-2.19.0.tgz 3577ms (cache miss)
2026-07-17T12:44:50.5878421+00:00 ContainerStream: npm http fetch GET 200 https://registry.npmjs.org/ajv/-/ajv-8.18.0.tgz 4168ms (cache miss)
2026-07-17T12:44:52.1134322+00:00 ContainerStream:  ERROR  Could not parse /home/site/wwwroot/package.json as JSON: Unexpected token '﻿', "﻿{
2026-07-17T12:44:52.1135217+00:00 ContainerStream:   "name"... is not valid JSON
2026-07-17T12:44:52.1638713+00:00 ContainerStream: npm notice
2026-07-17T12:44:52.1639383+00:00 ContainerStream: npm notice New major version of npm available! 10.9.2 -> 12.0.1
2026-07-17T12:44:52.1639432+00:00 ContainerStream: npm notice Changelog: https://github.com/npm/cli/releases/tag/v12.0.1
2026-07-17T12:44:52.1639456+00:00 ContainerStream: npm notice To update run: npm install -g npm@12.0.1
2026-07-17T12:44:52.1639476+00:00 ContainerStream: npm notice
2026-07-17T12:44:52.3718894+00:00 ContainerStatus: Container has finished running with exit code: 1.
2026-07-17T12:44:52.3722462+00:00 ContainerStatus: Container is terminating. Grace period: 5 seconds.
2026-07-17T12:44:52.3727279+00:00 ContainerStatus: Stop and delete container. Retry count = 0
2026-07-17T12:44:52.3728288+00:00 ContainerStatus: Stopping container: 370952a456ee_babitk-app.
2026-07-17T12:44:52.5392841+00:00 ContainerStatus: Deleting container: 370952a456ee_babitk-app. Retry count = 0
2026-07-17T12:44:53.0742284+00:00 ContainerStatus: Container spec TerminationMessagePolicy  path 
2026-07-17T12:44:53.0744936+00:00 ContainerStatus: Container is terminated. Total time elapsed: 702 ms.
2026-07-17T12:44:53.0745708+00:00 ContainerStatus: Site container: babitk-app terminated during site startup.
2026-07-17T12:44:53.0847617+00:00 ContainerStatus: State: Stopping, Action: CancellingStartup, LastError: ContainerTimeout, LastErrorTimestamp: 07/17/2026 12:43:21, LastErrorDetails: Container did not start within expected time limit of 230s. Please inspect your container logs for more details., Details: Site container: babitk-app terminated during site startup. Cancelling site startup., DetailsLevel: ERR
2026-07-17T12:44:53.1131032+00:00 ContainerStatus: Site startup probe failed after 39.8875518 seconds.
2026-07-17T12:44:53.3111515+00:00 ContainerStatus: State: Stopping, Action: CancellingStartup, LastError: ContainerTimeout, LastErrorTimestamp: 07/17/2026 12:44:53, LastErrorDetails: Container did not start within expected time limit of 230s. Please inspect your container logs for more details., Details: Site container: babitk-app terminated during site startup. Cancelling site startup., DetailsLevel: ERR
2026-07-17T12:44:53.3783030+00:00 ContainerStatus: Failed to start site. Revert by stopping site.
2026-07-17T12:44:53.3785833+00:00 ContainerStatus: State: Stopping, Action: StoppingSite, LastError: ContainerTimeout, LastErrorTimestamp: 07/17/2026 12:44:53, LastErrorDetails: Container did not start within expected time limit of 230s. Please inspect your container logs for more details., Details: Site container: babitk-app terminated during site startup. Cancelling site startup., DetailsLevel: ERR
2026-07-17T12:44:53.3805821+00:00 ContainerStatus: State: Stopping, Action: StoppingSiteContainers, LastError: ContainerTimeout, LastErrorTimestamp: 07/17/2026 12:44:53, LastErrorDetails: Container did not start within expected time limit of 230s. Please inspect your container logs for more details., Details: Site container: babitk-app terminated during site startup. Cancelling site startup., DetailsLevel: ERR
2026-07-17T12:44:53.3987977+00:00 ContainerStatus: Site: babitk-app stopped.
========== New Cold Start Attempt (2026-07-17T12:44:53.4287168+00:00) ==========
2026-07-17T12:44:53.4287168+00:00 ContainerStatus: State: Stopping, Action: UnmountingVolumes, LastError: ContainerTimeout, LastErrorTimestamp: 07/17/2026 12:44:53, LastErrorDetails: Container did not start within expected time limit of 230s. Please inspect your container logs for more details., Details: Site container: babitk-app terminated during site startup. Cancelling site startup., DetailsLevel: ERR
2026-07-17T12:44:53.7784856+00:00 ContainerStatus: State: Stopping, Action: StoppingSiteNetworks, LastError: ContainerTimeout, LastErrorTimestamp: 07/17/2026 12:44:53, LastErrorDetails: Container did not start within expected time limit of 230s. Please inspect your container logs for more details., Details: Site container: babitk-app terminated during site startup. Cancelling site startup., DetailsLevel: ERR
2026-07-17T12:44:54.1392458+00:00 ContainerStatus: State: Stopped, Action: None, LastError: ContainerTimeout, LastErrorTimestamp: 07/17/2026 12:44:53, LastErrorDetails: Container did not start within expected time limit of 230s. Please inspect your container logs for more details., Details: Site stopped at 07/17/2026 12:44:54 (UTC), DetailsLevel: ERR
2026-07-17T12:44:54.6577924+00:00 ContainerStatus: State: Stopped, Action: None, LastError: ContainerTimeout, LastErrorTimestamp: 07/17/2026 12:44:53, LastErrorDetails: Container did not start within expected time limit of 230s. Please inspect your container logs for more details., Details: Site stopped at 07/17/2026 12:44:54 (UTC), DetailsLevel: ERR
2026-07-17T12:45:51.7914359+00:00 ContainerStatus: State: Starting, Action: EstablishingSiteNetworks, LastError: ContainerTimeout, LastErrorTimestamp: 07/17/2026 12:44:53, LastErrorDetails: Container did not start within expected time limit of 230s. Please inspect your container logs for more details., Details: Site stopped at 07/17/2026 12:44:54 (UTC), DetailsLevel: ERR
2026-07-17T12:45:53.0809565+00:00 ContainerStatus: State: Starting, Action: StartingSiteContainers, LastError: ContainerTimeout, LastErrorTimestamp: 07/17/2026 12:44:53, LastErrorDetails: Container did not start within expected time limit of 230s. Please inspect your container logs for more details., Details: Site stopped at 07/17/2026 12:44:54 (UTC), DetailsLevel: ERR
2026-07-17T12:45:53.0810311+00:00 ContainerStatus: Container start method called.
2026-07-17T12:45:53.0810692+00:00 ContainerStatus: State: Starting, Action: PullingImage, LastError: ContainerTimeout, LastErrorTimestamp: 07/17/2026 12:44:53, LastErrorDetails: Container did not start within expected time limit of 230s. Please inspect your container logs for more details., Details: Pulling image 10.1.0.4:13209/appsvc/node:22-lts_20260504.4.tuxprod for babitk-app., DetailsLevel: INFO
2026-07-17T12:45:53.0811244+00:00 ContainerStatus: Establishing network.
2026-07-17T12:45:53.0811822+00:00 ContainerStatus: Pulling image: appsvc/node:22-lts_20260504.4.tuxprod.
2026-07-17T12:45:53.6765033+00:00 ContainerStatus: Container is starting.
2026-07-17T12:45:53.6768314+00:00 ContainerStatus: State: Starting, Action: MountingVolumes, LastError: ContainerTimeout, LastErrorTimestamp: 07/17/2026 12:44:53, LastErrorDetails: Container did not start within expected time limit of 230s. Please inspect your container logs for more details., Details: Mounting volumes for babitk-app., DetailsLevel: INFO
2026-07-17T12:45:53.6770577+00:00 ContainerStatus: Establishing user namespace if not established already.
2026-07-17T12:45:53.6776610+00:00 ContainerStatus: Establishing network if not established already.
2026-07-17T12:45:53.6780036+00:00 ContainerStatus: Mounting volumes.
2026-07-17T12:45:53.6859985+00:00 ContainerStatus: Nested mountpoint 
2026-07-17T12:45:53.7364944+00:00 ContainerStatus: Nested mountpoint volatile/logs
2026-07-17T12:45:53.7465141+00:00 ContainerStatus: Nested mountpoint 
2026-07-17T12:45:53.7471987+00:00 ContainerStatus: Nested mountpoint 
2026-07-17T12:45:53.7578656+00:00 ContainerStatus: Nested mountpoint 
2026-07-17T12:45:53.8455813+00:00 ContainerStatus: Nested mountpoint 
2026-07-17T12:45:54.2113153+00:00 ContainerStatus: State: Starting, Action: CreatingContainer, LastError: ContainerTimeout, LastErrorTimestamp: 07/17/2026 12:44:53, LastErrorDetails: Container did not start within expected time limit of 230s. Please inspect your container logs for more details., Details: Finished pulling container image and mounting volumes for babitk-app. Allocatinng the rest of the container resources to finish container creation., DetailsLevel: INFO
2026-07-17T12:45:54.2117402+00:00 ContainerStatus: Creating container.
2026-07-17T12:45:54.2119518+00:00 ContainerStatus: Creating pipes for streaming container io.
2026-07-17T12:45:54.2122318+00:00 ContainerStatus: Creating stdout named pipe at /podr/container/pipe/f061b4ba641a_babitk-app/stdout_e2b5f61444a0433ba838a57220dfcaa0.
2026-07-17T12:45:54.2126742+00:00 ContainerStatus: Successfully created stdout named pipe at: /podr/container/pipe/f061b4ba641a_babitk-app/stdout_e2b5f61444a0433ba838a57220dfcaa0.
2026-07-17T12:45:54.2129215+00:00 ContainerStatus: Opening named pipe /podr/container/pipe/f061b4ba641a_babitk-app/stdout_e2b5f61444a0433ba838a57220dfcaa0 for reading in non-blocking mode.
2026-07-17T12:45:54.2211239+00:00 ContainerStatus: Successfully opened named pipe: /podr/container/pipe/f061b4ba641a_babitk-app/stdout_e2b5f61444a0433ba838a57220dfcaa0.
2026-07-17T12:45:54.2213698+00:00 ContainerStatus: Successfully removed non-blocking flag from /podr/container/pipe/f061b4ba641a_babitk-app/stdout_e2b5f61444a0433ba838a57220dfcaa0.
2026-07-17T12:45:54.2225725+00:00 ContainerStatus: Creating stderr named pipe at /podr/container/pipe/f061b4ba641a_babitk-app/stderr_6df84085750e462aa278a91a2052f278.
2026-07-17T12:45:54.2229988+00:00 ContainerStatus: Successfully created stderr named pipe at: /podr/container/pipe/f061b4ba641a_babitk-app/stderr_6df84085750e462aa278a91a2052f278.
2026-07-17T12:45:54.2232754+00:00 ContainerStatus: Opening named pipe /podr/container/pipe/f061b4ba641a_babitk-app/stderr_6df84085750e462aa278a91a2052f278 for reading in non-blocking mode.
2026-07-17T12:45:54.2234790+00:00 ContainerStatus: Successfully opened named pipe: /podr/container/pipe/f061b4ba641a_babitk-app/stderr_6df84085750e462aa278a91a2052f278.
2026-07-17T12:45:54.2237223+00:00 ContainerStatus: Successfully removed non-blocking flag from /podr/container/pipe/f061b4ba641a_babitk-app/stderr_6df84085750e462aa278a91a2052f278.
2026-07-17T12:45:54.2425656+00:00 ContainerStatus: Creating container with image: appsvc/node:22-lts_20260504.4.tuxprod from registry: 10.1.0.4:13209 and fully qualified image name: 10.1.0.4:13209/appsvc/node:22-lts_20260504.4.tuxprod
2026-07-17T12:45:54.6635911+00:00 ContainerStatus: Starting container: f061b4ba641a_babitk-app.
2026-07-17T12:45:54.7428299+00:00 ContainerStatus: Starting watchers and probes.
2026-07-17T12:45:54.7513273+00:00 ContainerStatus: Starting metrics collection.
2026-07-17T12:45:54.7520969+00:00 ContainerStatus: Container is running.
2026-07-17T12:45:54.7525639+00:00 ContainerStatus: State: Starting, Action: CreatingContainer, LastError: ContainerTimeout, LastErrorTimestamp: 07/17/2026 12:44:53, LastErrorDetails: Container did not start within expected time limit of 230s. Please inspect your container logs for more details., Details: Container babitk-app successfully created and is running., DetailsLevel: INFO
2026-07-17T12:45:54.9028683+00:00 ContainerStatus: Container start method finished after 1819 ms.
2026-07-17T12:45:54.9218716+00:00 ContainerStatus: State: Starting, Action: InitiatingSiteWarmUpProbe, LastError: ContainerTimeout, LastErrorTimestamp: 07/17/2026 12:44:53, LastErrorDetails: Container did not start within expected time limit of 230s. Please inspect your container logs for more details., Details: Container babitk-app successfully created and is running., DetailsLevel: INFO
2026-07-17T12:45:54.9224624+00:00 ContainerStatus: State: Starting, Action: WaitingForSiteWarmUpProbeSuccess, LastError: ContainerTimeout, LastErrorTimestamp: 07/17/2026 12:44:53, LastErrorDetails: Container did not start within expected time limit of 230s. Please inspect your container logs for more details., Details: Pinging warmup path to ensure container is ready to receive requests., DetailsLevel: INFO
2026-07-17T12:45:55.1319275+00:00 ContainerStream:    _____                               
2026-07-17T12:45:55.1319695+00:00 ContainerStream:   /  _  \ __________ _________   ____  
2026-07-17T12:45:55.1319711+00:00 ContainerStream:  /  /_\  \\___   /  |  \_  __ \_/ __ \ 
2026-07-17T12:45:55.1319723+00:00 ContainerStream: /    |    \/    /|  |  /|  | \/\  ___/ 
2026-07-17T12:45:55.1319737+00:00 ContainerStream: \____|__  /_____ \____/ |__|    \___  >
2026-07-17T12:45:55.1319749+00:00 ContainerStream:         \/      \/                  \/ 
2026-07-17T12:45:55.1319761+00:00 ContainerStream: A P P   S E R V I C E   O N   L I N U X
2026-07-17T12:45:55.1319772+00:00 ContainerStream: 
2026-07-17T12:45:55.1319785+00:00 ContainerStream: Documentation    : http://aka.ms/webapp-linux
2026-07-17T12:45:55.1319798+00:00 ContainerStream: NodeJS quickstart: https://aka.ms/node-qs
2026-07-17T12:45:55.1319810+00:00 ContainerStream: NodeJS Version   : v22.22.2
2026-07-17T12:45:55.1319843+00:00 ContainerStream: Instance Name    : lw1sdlwk0000OJ
2026-07-17T12:45:55.1319859+00:00 ContainerStream: Instance Id      : e853b0d521c13ae8cb31bbb09a3a1872c5b2865061d0d453c8b371a72b35cb7a
2026-07-17T12:45:55.1319870+00:00 ContainerStream: 
2026-07-17T12:45:55.1319883+00:00 ContainerStream: Note: Any data outside '/home' is not persisted
2026-07-17T12:45:56.6003868+00:00 ContainerStream: Starting OpenBSD Secure Shell server: sshd.
2026-07-17T12:45:56.6139859+00:00 ContainerStream: WEBSITES_INCLUDE_CLOUD_CERTS is not set to true.
2026-07-17T12:45:56.6617330+00:00 ContainerStream: Updating certificates in /etc/ssl/certs...
2026-07-17T12:46:12.2542966+00:00 ContainerStream: rehash: warning: skipping duplicate certificate in azl_SSL.com_TLS_ECC_Root_CA_2022.pem
2026-07-17T12:46:12.2560362+00:00 ContainerStream: rehash: warning: skipping duplicate certificate in azl_SSL.com_TLS_RSA_Root_CA_2022.pem
2026-07-17T12:46:12.3949773+00:00 ContainerStream: rehash: warning: skipping ca-certificates.crt,it does not contain exactly one certificate or CRL
2026-07-17T12:46:12.4551034+00:00 ContainerStream: 4 added, 0 removed; done.
2026-07-17T12:46:12.4557764+00:00 ContainerStream: Running hooks in /etc/ca-certificates/update.d...
2026-07-17T12:46:12.4668905+00:00 ContainerStream: done.
2026-07-17T12:46:12.4958838+00:00 ContainerStream: CA certificates copied and updated successfully.
2026-07-17T12:46:12.6870920+00:00 ContainerStream: Starting periodic command scheduler: cron.
2026-07-17T12:46:12.9257616+00:00 ContainerStream: Could not find build manifest file at '/home/site/wwwroot/oryx-manifest.toml'
2026-07-17T12:46:12.9266155+00:00 ContainerStream: Could not find operation ID in manifest. Generating an operation id...
2026-07-17T12:46:13.0146060+00:00 ContainerStream: Build Operation ID: f6db5a27-87cf-4f01-8815-7a54c3f417e9
2026-07-17T12:46:13.3546712+00:00 ContainerStream: Environment Variables for Application Insight's IPA Codeless Configuration exists..
2026-07-17T12:46:13.3960649+00:00 ContainerStream: Writing output script to '/opt/startup/startup.sh'
2026-07-17T12:46:13.5127008+00:00 ContainerStream: Running #!/bin/sh
2026-07-17T12:46:13.5127545+00:00 ContainerStream: 
2026-07-17T12:46:13.5127575+00:00 ContainerStream: # Enter the source directory to make sure the script runs where the user expects
2026-07-17T12:46:13.5127595+00:00 ContainerStream: cd "/home/site/wwwroot"
2026-07-17T12:46:13.5127614+00:00 ContainerStream: 
2026-07-17T12:46:13.5127634+00:00 ContainerStream: export NODE_PATH=/usr/local/lib/node_modules:$NODE_PATH
2026-07-17T12:46:13.5127647+00:00 ContainerStream: if [ -z "$PORT" ]; then
2026-07-17T12:46:13.5127660+00:00 ContainerStream: 		export PORT=8080
2026-07-17T12:46:13.5127755+00:00 ContainerStream: fi
2026-07-17T12:46:13.5127767+00:00 ContainerStream: 
2026-07-17T12:46:13.5128029+00:00 ContainerStream: PATH="$PATH:/home/site/wwwroot" npx --yes serve -s . -l $PORT
2026-07-17T12:46:14.7087701+00:00 ContainerStream: npm info using npm@10.9.2
2026-07-17T12:46:14.7101650+00:00 ContainerStream: npm info using node@v22.22.2
2026-07-17T12:46:17.4281410+00:00 ContainerStream: npm http fetch GET 200 https://registry.npmjs.org/npm 380ms
2026-07-17T12:46:17.6890909+00:00 ContainerStream: npm http fetch GET 200 https://registry.npmjs.org/serve 480ms (cache miss)
2026-07-17T12:46:18.6592744+00:00 ContainerStream: npm http fetch GET 200 https://registry.npmjs.org/serve 70ms (cache miss)
2026-07-17T12:46:18.7505306+00:00 ContainerStream: npm http fetch GET 200 https://registry.npmjs.org/@zeit%2fschemas 61ms (cache miss)
2026-07-17T12:46:18.8525815+00:00 ContainerStream: npm http fetch GET 200 https://registry.npmjs.org/ajv 91ms (cache miss)
2026-07-17T12:46:18.9818162+00:00 ContainerStream: npm http fetch GET 200 https://registry.npmjs.org/arg 60ms (cache miss)
2026-07-17T12:46:19.1514939+00:00 ContainerStream: npm http fetch GET 200 https://registry.npmjs.org/boxen 139ms (cache miss)
2026-07-17T12:46:19.1940726+00:00 ContainerStream: npm http fetch GET 200 https://registry.npmjs.org/chalk 33ms (cache miss)
2026-07-17T12:46:19.2440633+00:00 ContainerStream: npm http fetch GET 200 https://registry.npmjs.org/chalk-template 39ms (cache miss)
2026-07-17T12:46:19.3059839+00:00 ContainerStream: npm http fetch GET 200 https://registry.npmjs.org/clipboardy 52ms (cache miss)
2026-07-17T12:46:19.3462546+00:00 ContainerStream: npm http fetch GET 200 https://registry.npmjs.org/compression 31ms (cache miss)
2026-07-17T12:46:19.3780871+00:00 ContainerStream: npm http fetch GET 200 https://registry.npmjs.org/is-port-reachable 22ms (cache miss)
2026-07-17T12:46:19.4402860+00:00 ContainerStream: npm http fetch GET 200 https://registry.npmjs.org/serve-handler 61ms (cache miss)
2026-07-17T12:46:19.4718396+00:00 ContainerStream: npm http fetch GET 200 https://registry.npmjs.org/update-check 21ms (cache miss)
2026-07-17T12:46:19.5529062+00:00 ContainerStream: npm http fetch GET 200 https://registry.npmjs.org/fast-uri 40ms (cache miss)
2026-07-17T12:46:19.5852476+00:00 ContainerStream: npm http fetch GET 200 https://registry.npmjs.org/fast-deep-equal 22ms (cache miss)
2026-07-17T12:46:19.6364043+00:00 ContainerStream: npm http fetch GET 200 https://registry.npmjs.org/require-from-string 49ms (cache miss)
2026-07-17T12:46:19.6668776+00:00 ContainerStream: npm http fetch GET 200 https://registry.npmjs.org/json-schema-traverse 22ms (cache miss)
2026-07-17T12:46:19.6881297+00:00 ContainerStream: npm http cache https://registry.npmjs.org/chalk 19ms (cache hit)
2026-07-17T12:46:19.7302006+00:00 ContainerStream: npm http fetch GET 200 https://registry.npmjs.org/camelcase 31ms (cache miss)
2026-07-17T12:46:19.7704489+00:00 ContainerStream: npm http fetch GET 200 https://registry.npmjs.org/cli-boxes 31ms (cache miss)
2026-07-17T12:46:19.8348910+00:00 ContainerStream: npm http fetch GET 200 https://registry.npmjs.org/type-fest 63ms (cache miss)
2026-07-17T12:46:19.8962195+00:00 ContainerStream: npm http fetch GET 200 https://registry.npmjs.org/wrap-ansi 42ms (cache miss)
2026-07-17T12:46:19.9285940+00:00 ContainerStream: npm http fetch GET 200 https://registry.npmjs.org/ansi-align 23ms (cache miss)
2026-07-17T12:46:19.9882369+00:00 ContainerStream: npm http fetch GET 200 https://registry.npmjs.org/widest-line 52ms (cache miss)
2026-07-17T12:46:20.0222415+00:00 ContainerStream: npm http fetch GET 200 https://registry.npmjs.org/string-width 33ms (cache miss)
2026-07-17T12:46:20.0544193+00:00 ContainerStream: npm http fetch GET 200 https://registry.npmjs.org/arch 23ms (cache miss)
2026-07-17T12:46:20.1060832+00:00 ContainerStream: npm http fetch GET 200 https://registry.npmjs.org/execa 50ms (cache miss)
2026-07-17T12:46:20.1567418+00:00 ContainerStream: npm http fetch GET 200 https://registry.npmjs.org/is-wsl 30ms (cache miss)
2026-07-17T12:46:20.1968564+00:00 ContainerStream: npm http fetch GET 200 https://registry.npmjs.org/vary 22ms (cache miss)
2026-07-17T12:46:20.2270944+00:00 ContainerStream: npm http fetch GET 200 https://registry.npmjs.org/bytes 39ms (cache miss)
2026-07-17T12:46:20.2953740+00:00 ContainerStream: npm http fetch GET 200 https://registry.npmjs.org/debug 67ms (cache miss)
2026-07-17T12:46:20.3551973+00:00 ContainerStream: npm http fetch GET 200 https://registry.npmjs.org/negotiator 49ms (cache miss)
2026-07-17T12:46:20.3963741+00:00 ContainerStream: npm http fetch GET 200 https://registry.npmjs.org/on-headers 40ms (cache miss)
2026-07-17T12:46:20.4356958+00:00 ContainerStream: npm http fetch GET 200 https://registry.npmjs.org/safe-buffer 38ms (cache miss)
2026-07-17T12:46:20.4660310+00:00 ContainerStream: npm http fetch GET 200 https://registry.npmjs.org/compressible 29ms (cache miss)
2026-07-17T12:46:20.4770241+00:00 ContainerStream: npm http cache https://registry.npmjs.org/bytes 9ms (cache hit)
2026-07-17T12:46:20.5078230+00:00 ContainerStream: npm http fetch GET 200 https://registry.npmjs.org/content-disposition 29ms (cache miss)
2026-07-17T12:46:20.5487656+00:00 ContainerStream: npm http fetch GET 200 https://registry.npmjs.org/mime-types 39ms (cache miss)
2026-07-17T12:46:20.6085068+00:00 ContainerStream: npm http fetch GET 200 https://registry.npmjs.org/minimatch 50ms (cache miss)
2026-07-17T12:46:20.6710439+00:00 ContainerStream: npm http fetch GET 200 https://registry.npmjs.org/path-is-inside 51ms (cache miss)
2026-07-17T12:46:20.7499559+00:00 ContainerStream: npm http fetch GET 200 https://registry.npmjs.org/path-to-regexp 70ms (cache miss)
2026-07-17T12:46:20.7935458+00:00 ContainerStream: npm http fetch GET 200 https://registry.npmjs.org/range-parser 33ms (cache miss)
2026-07-17T12:46:20.8339252+00:00 ContainerStream: npm http fetch GET 200 https://registry.npmjs.org/registry-auth-token 38ms (cache miss)
2026-07-17T12:46:20.8832515+00:00 ContainerStream: npm http fetch GET 200 https://registry.npmjs.org/registry-url 30ms (cache miss)
2026-07-17T12:46:20.9444703+00:00 ContainerStream: npm http cache https://registry.npmjs.org/string-width 3ms (cache hit)
2026-07-17T12:46:21.0144651+00:00 ContainerStream: npm http fetch GET 200 https://registry.npmjs.org/strip-ansi 39ms (cache miss)
2026-07-17T12:46:21.2061457+00:00 ContainerStream: npm http fetch GET 200 https://registry.npmjs.org/emoji-regex 189ms (cache miss)
2026-07-17T12:46:21.2452763+00:00 ContainerStream: npm http fetch GET 200 https://registry.npmjs.org/eastasianwidth 30ms (cache miss)
2026-07-17T12:46:21.2796122+00:00 ContainerStream: npm http fetch GET 200 https://registry.npmjs.org/ansi-styles 33ms (cache miss)
2026-07-17T12:46:21.3090284+00:00 ContainerStream: npm http cache https://registry.npmjs.org/strip-ansi 18ms (cache hit)
2026-07-17T12:46:21.3204930+00:00 ContainerStream: npm http cache https://registry.npmjs.org/emoji-regex 2ms (cache hit)
2026-07-17T12:46:21.3599936+00:00 ContainerStream: npm http fetch GET 200 https://registry.npmjs.org/is-fullwidth-code-point 30ms (cache miss)
2026-07-17T12:46:21.3814931+00:00 ContainerStream: npm http cache https://registry.npmjs.org/ansi-styles 11ms (cache hit)
2026-07-17T12:46:21.4212952+00:00 ContainerStream: npm http fetch GET 200 https://registry.npmjs.org/supports-color 31ms (cache miss)
2026-07-17T12:46:21.4721530+00:00 ContainerStream: npm http fetch GET 200 https://registry.npmjs.org/onetime 30ms (cache miss)
2026-07-17T12:46:21.5034174+00:00 ContainerStream: npm http fetch GET 200 https://registry.npmjs.org/is-stream 30ms (cache miss)
2026-07-17T12:46:21.5361452+00:00 ContainerStream: npm http fetch GET 200 https://registry.npmjs.org/get-stream 31ms (cache miss)
2026-07-17T12:46:21.5852272+00:00 ContainerStream: npm http fetch GET 200 https://registry.npmjs.org/cross-spawn 38ms (cache miss)
2026-07-17T12:46:21.6253915+00:00 ContainerStream: npm http fetch GET 200 https://registry.npmjs.org/signal-exit 31ms (cache miss)
2026-07-17T12:46:21.6556576+00:00 ContainerStream: npm http fetch GET 200 https://registry.npmjs.org/merge-stream 28ms (cache miss)
2026-07-17T12:46:21.6879675+00:00 ContainerStream: npm http fetch GET 200 https://registry.npmjs.org/npm-run-path 30ms (cache miss)
2026-07-17T12:46:21.7181000+00:00 ContainerStream: npm http fetch GET 200 https://registry.npmjs.org/human-signals 28ms (cache miss)
2026-07-17T12:46:21.7529202+00:00 ContainerStream: npm http fetch GET 200 https://registry.npmjs.org/strip-final-newline 32ms (cache miss)
2026-07-17T12:46:21.7813601+00:00 ContainerStream: npm http fetch GET 200 https://registry.npmjs.org/is-docker 23ms (cache miss)
2026-07-17T12:46:21.8537658+00:00 ContainerStream: npm http fetch GET 200 https://registry.npmjs.org/mime-db 50ms (cache miss)
2026-07-17T12:46:21.8942030+00:00 ContainerStream: npm http fetch GET 200 https://registry.npmjs.org/ms 30ms (cache miss)
2026-07-17T12:46:22.0330081+00:00 ContainerStream: npm http fetch GET 200 https://registry.npmjs.org/which 81ms (cache miss)
2026-07-17T12:46:22.0835845+00:00 ContainerStream: npm http fetch GET 200 https://registry.npmjs.org/path-key 30ms (cache miss)
2026-07-17T12:46:22.1249255+00:00 ContainerStream: npm http fetch GET 200 https://registry.npmjs.org/shebang-command 33ms (cache miss)
2026-07-17T12:46:22.1358959+00:00 ContainerStream: npm http cache https://registry.npmjs.org/path-key 9ms (cache hit)
2026-07-17T12:46:22.1678465+00:00 ContainerStream: npm http fetch GET 200 https://registry.npmjs.org/mimic-fn 30ms (cache miss)
2026-07-17T12:46:22.2387376+00:00 ContainerStream: npm http fetch GET 200 https://registry.npmjs.org/shebang-regex 59ms (cache miss)
2026-07-17T12:46:22.3004914+00:00 ContainerStream: npm http fetch GET 200 https://registry.npmjs.org/isexe 61ms (cache miss)
2026-07-17T12:46:22.4284799+00:00 ContainerStream: npm http cache https://registry.npmjs.org/mime-db 39ms (cache hit)
2026-07-17T12:46:22.4714735+00:00 ContainerStream: npm http fetch GET 200 https://registry.npmjs.org/brace-expansion 32ms (cache miss)
2026-07-17T12:46:22.5411882+00:00 ContainerStream: npm http fetch GET 200 https://registry.npmjs.org/concat-map 40ms (cache miss)
2026-07-17T12:46:22.5757286+00:00 ContainerStream: npm http fetch GET 200 https://registry.npmjs.org/balanced-match 26ms (cache miss)
2026-07-17T12:46:22.6456634+00:00 ContainerStream: npm http fetch GET 200 https://registry.npmjs.org/ansi-regex 38ms (cache miss)
2026-07-17T12:46:22.7046880+00:00 ContainerStream: npm http fetch GET 200 https://registry.npmjs.org/rc 30ms (cache miss)
2026-07-17T12:46:22.7244194+00:00 ContainerStream: npm http cache https://registry.npmjs.org/rc 18ms (cache hit)
2026-07-17T12:46:22.7763560+00:00 ContainerStream: npm http fetch GET 200 https://registry.npmjs.org/ini 31ms (cache miss)
2026-07-17T12:46:22.8383244+00:00 ContainerStream: npm http fetch GET 200 https://registry.npmjs.org/minimist 53ms (cache miss)
2026-07-17T12:46:22.8707483+00:00 ContainerStream: npm http fetch GET 200 https://registry.npmjs.org/deep-extend 31ms (cache miss)
2026-07-17T12:46:22.9094187+00:00 ContainerStream: npm http fetch GET 200 https://registry.npmjs.org/strip-json-comments 30ms (cache miss)
2026-07-17T12:46:23.0196924+00:00 ContainerStream: npm http cache https://registry.npmjs.org/ansi-regex 39ms (cache hit)
2026-07-17T12:46:23.0703208+00:00 ContainerStream: npm http fetch GET 200 https://registry.npmjs.org/color-convert 39ms (cache miss)
2026-07-17T12:46:23.1021852+00:00 ContainerStream: npm http fetch GET 200 https://registry.npmjs.org/has-flag 22ms (cache miss)
2026-07-17T12:46:23.1520839+00:00 ContainerStream: npm http fetch GET 200 https://registry.npmjs.org/color-name 31ms (cache miss)
2026-07-17T12:46:23.3636575+00:00 ContainerStream: npm http cache color-name@https://registry.npmjs.org/color-name/-/color-name-1.1.4.tgz 0ms (cache hit)
2026-07-17T12:46:23.3729467+00:00 ContainerStream: npm http cache color-convert@https://registry.npmjs.org/color-convert/-/color-convert-2.0.1.tgz 0ms (cache hit)
2026-07-17T12:46:23.3740105+00:00 ContainerStream: npm http cache has-flag@https://registry.npmjs.org/has-flag/-/has-flag-4.0.0.tgz 0ms (cache hit)
2026-07-17T12:46:23.3826365+00:00 ContainerStream: npm http cache supports-color@https://registry.npmjs.org/supports-color/-/supports-color-7.2.0.tgz 0ms (cache hit)
2026-07-17T12:46:23.3835962+00:00 ContainerStream: npm http cache is-fullwidth-code-point@https://registry.npmjs.org/is-fullwidth-code-point/-/is-fullwidth-code-point-3.0.0.tgz 0ms (cache hit)
2026-07-17T12:46:23.3843568+00:00 ContainerStream: npm http cache ansi-styles@https://registry.npmjs.org/ansi-styles/-/ansi-styles-6.2.3.tgz 0ms (cache hit)
2026-07-17T12:46:23.3923431+00:00 ContainerStream: npm http cache isexe@https://registry.npmjs.org/isexe/-/isexe-2.0.0.tgz 0ms (cache hit)
2026-07-17T12:46:23.3929920+00:00 ContainerStream: npm http cache strip-json-comments@https://registry.npmjs.org/strip-json-comments/-/strip-json-comments-2.0.1.tgz 0ms (cache hit)
2026-07-17T12:46:23.3939451+00:00 ContainerStream: npm http cache minimist@https://registry.npmjs.org/minimist/-/minimist-1.2.8.tgz 0ms (cache hit)
2026-07-17T12:46:23.4028404+00:00 ContainerStream: npm http cache ini@https://registry.npmjs.org/ini/-/ini-1.3.8.tgz 0ms (cache hit)
2026-07-17T12:46:23.4038396+00:00 ContainerStream: npm http cache deep-extend@https://registry.npmjs.org/deep-extend/-/deep-extend-0.6.0.tgz 0ms (cache hit)
2026-07-17T12:46:23.4045967+00:00 ContainerStream: npm http cache rc@https://registry.npmjs.org/rc/-/rc-1.2.8.tgz 0ms (cache hit)
2026-07-17T12:46:23.4122995+00:00 ContainerStream: npm http cache registry-url@https://registry.npmjs.org/registry-url/-/registry-url-3.1.0.tgz 0ms (cache hit)
2026-07-17T12:46:23.4129245+00:00 ContainerStream: npm http cache registry-auth-token@https://registry.npmjs.org/registry-auth-token/-/registry-auth-token-3.3.2.tgz 0ms (cache hit)
2026-07-17T12:46:23.4136328+00:00 ContainerStream: npm http cache ansi-regex@https://registry.npmjs.org/ansi-regex/-/ansi-regex-6.2.2.tgz 0ms (cache hit)
2026-07-17T12:46:23.4143595+00:00 ContainerStream: npm http cache strip-ansi@https://registry.npmjs.org/strip-ansi/-/strip-ansi-7.2.0.tgz 0ms (cache hit)
2026-07-17T12:46:23.4221953+00:00 ContainerStream: npm http cache emoji-regex@https://registry.npmjs.org/emoji-regex/-/emoji-regex-9.2.2.tgz 0ms (cache hit)
2026-07-17T12:46:23.4228388+00:00 ContainerStream: npm http cache eastasianwidth@https://registry.npmjs.org/eastasianwidth/-/eastasianwidth-0.2.0.tgz 0ms (cache hit)
2026-07-17T12:46:23.4235122+00:00 ContainerStream: npm http cache shebang-regex@https://registry.npmjs.org/shebang-regex/-/shebang-regex-3.0.0.tgz 0ms (cache hit)
2026-07-17T12:46:23.4240478+00:00 ContainerStream: npm http cache concat-map@https://registry.npmjs.org/concat-map/-/concat-map-0.0.1.tgz 0ms (cache hit)
2026-07-17T12:46:23.4321406+00:00 ContainerStream: npm http cache balanced-match@https://registry.npmjs.org/balanced-match/-/balanced-match-1.0.2.tgz 0ms (cache hit)
2026-07-17T12:46:23.4328690+00:00 ContainerStream: npm http cache brace-expansion@https://registry.npmjs.org/brace-expansion/-/brace-expansion-1.1.16.tgz 0ms (cache hit)
2026-07-17T12:46:23.4336483+00:00 ContainerStream: npm http cache range-parser@https://registry.npmjs.org/range-parser/-/range-parser-1.2.0.tgz 0ms (cache hit)
2026-07-17T12:46:23.4344258+00:00 ContainerStream: npm http cache path-to-regexp@https://registry.npmjs.org/path-to-regexp/-/path-to-regexp-3.3.0.tgz 0ms (cache hit)
2026-07-17T12:46:23.4420511+00:00 ContainerStream: npm http cache path-is-inside@https://registry.npmjs.org/path-is-inside/-/path-is-inside-1.0.2.tgz 0ms (cache hit)
2026-07-17T12:46:23.4420608+00:00 ContainerStream: npm http cache minimatch@https://registry.npmjs.org/minimatch/-/minimatch-3.1.5.tgz 0ms (cache hit)
2026-07-17T12:46:23.4423621+00:00 ContainerStream: npm http cache mime-types@https://registry.npmjs.org/mime-types/-/mime-types-2.1.18.tgz 0ms (cache hit)
2026-07-17T12:46:23.4429311+00:00 ContainerStream: npm http cache content-disposition@https://registry.npmjs.org/content-disposition/-/content-disposition-0.5.2.tgz 0ms (cache hit)
2026-07-17T12:46:23.4435622+00:00 ContainerStream: npm http cache mimic-fn@https://registry.npmjs.org/mimic-fn/-/mimic-fn-2.1.0.tgz 0ms (cache hit)
2026-07-17T12:46:23.4440537+00:00 ContainerStream: npm http cache is-docker@https://registry.npmjs.org/is-docker/-/is-docker-2.2.1.tgz 0ms (cache hit)
2026-07-17T12:46:23.4518538+00:00 ContainerStream: npm http cache which@https://registry.npmjs.org/which/-/which-2.0.2.tgz 0ms (cache hit)
2026-07-17T12:46:23.4527483+00:00 ContainerStream: npm http cache shebang-command@https://registry.npmjs.org/shebang-command/-/shebang-command-2.0.0.tgz 0ms (cache hit)
2026-07-17T12:46:23.4534842+00:00 ContainerStream: npm http cache path-key@https://registry.npmjs.org/path-key/-/path-key-3.1.1.tgz 0ms (cache hit)
2026-07-17T12:46:23.4542830+00:00 ContainerStream: npm http cache strip-final-newline@https://registry.npmjs.org/strip-final-newline/-/strip-final-newline-2.0.0.tgz 0ms (cache hit)
2026-07-17T12:46:23.4620746+00:00 ContainerStream: npm http cache signal-exit@https://registry.npmjs.org/signal-exit/-/signal-exit-3.0.7.tgz 0ms (cache hit)
2026-07-17T12:46:23.4620845+00:00 ContainerStream: npm http cache onetime@https://registry.npmjs.org/onetime/-/onetime-5.1.2.tgz 0ms (cache hit)
2026-07-17T12:46:23.4620898+00:00 ContainerStream: npm http cache npm-run-path@https://registry.npmjs.org/npm-run-path/-/npm-run-path-4.0.1.tgz 0ms (cache hit)
2026-07-17T12:46:23.4623408+00:00 ContainerStream: npm http cache merge-stream@https://registry.npmjs.org/merge-stream/-/merge-stream-2.0.0.tgz 0ms (cache hit)
2026-07-17T12:46:23.4628835+00:00 ContainerStream: npm http cache is-stream@https://registry.npmjs.org/is-stream/-/is-stream-2.0.1.tgz 0ms (cache hit)
2026-07-17T12:46:23.4634063+00:00 ContainerStream: npm http cache human-signals@https://registry.npmjs.org/human-signals/-/human-signals-2.1.0.tgz 0ms (cache hit)
2026-07-17T12:46:23.4640565+00:00 ContainerStream: npm http cache get-stream@https://registry.npmjs.org/get-stream/-/get-stream-6.0.1.tgz 0ms (cache hit)
2026-07-17T12:46:23.4717701+00:00 ContainerStream: npm http cache cross-spawn@https://registry.npmjs.org/cross-spawn/-/cross-spawn-7.0.6.tgz 0ms (cache hit)
2026-07-17T12:46:23.4725107+00:00 ContainerStream: npm http cache ms@https://registry.npmjs.org/ms/-/ms-2.0.0.tgz 0ms (cache hit)
2026-07-17T12:46:23.4732143+00:00 ContainerStream: npm http cache mime-db@https://registry.npmjs.org/mime-db/-/mime-db-1.54.0.tgz 0ms (cache hit)
2026-07-17T12:46:23.4739294+00:00 ContainerStream: npm http cache vary@https://registry.npmjs.org/vary/-/vary-1.1.2.tgz 0ms (cache hit)
2026-07-17T12:46:23.4746384+00:00 ContainerStream: npm http cache on-headers@https://registry.npmjs.org/on-headers/-/on-headers-1.1.0.tgz 0ms (cache hit)
2026-07-17T12:46:23.4819218+00:00 ContainerStream: npm http cache negotiator@https://registry.npmjs.org/negotiator/-/negotiator-0.6.4.tgz 0ms (cache hit)
2026-07-17T12:46:23.4822830+00:00 ContainerStream: npm http cache debug@https://registry.npmjs.org/debug/-/debug-2.6.9.tgz 0ms (cache hit)
2026-07-17T12:46:23.4826296+00:00 ContainerStream: npm http cache compressible@https://registry.npmjs.org/compressible/-/compressible-2.0.18.tgz 0ms (cache hit)
2026-07-17T12:46:23.4829927+00:00 ContainerStream: npm http cache bytes@https://registry.npmjs.org/bytes/-/bytes-3.1.2.tgz 0ms (cache hit)
2026-07-17T12:46:23.4833485+00:00 ContainerStream: npm http cache is-wsl@https://registry.npmjs.org/is-wsl/-/is-wsl-2.2.0.tgz 0ms (cache hit)
2026-07-17T12:46:23.4836839+00:00 ContainerStream: npm http cache execa@https://registry.npmjs.org/execa/-/execa-5.1.1.tgz 0ms (cache hit)
2026-07-17T12:46:23.4840462+00:00 ContainerStream: npm http cache safe-buffer@https://registry.npmjs.org/safe-buffer/-/safe-buffer-5.2.1.tgz 0ms (cache hit)
2026-07-17T12:46:23.4844565+00:00 ContainerStream: npm http cache arch@https://registry.npmjs.org/arch/-/arch-2.2.0.tgz 0ms (cache hit)
2026-07-17T12:46:23.4917725+00:00 ContainerStream: npm http cache wrap-ansi@https://registry.npmjs.org/wrap-ansi/-/wrap-ansi-8.1.0.tgz 0ms (cache hit)
2026-07-17T12:46:23.4921187+00:00 ContainerStream: npm http cache widest-line@https://registry.npmjs.org/widest-line/-/widest-line-4.0.1.tgz 0ms (cache hit)
2026-07-17T12:46:23.4924616+00:00 ContainerStream: npm http cache type-fest@https://registry.npmjs.org/type-fest/-/type-fest-2.19.0.tgz 0ms (cache hit)
2026-07-17T12:46:23.4927960+00:00 ContainerStream: npm http cache string-width@https://registry.npmjs.org/string-width/-/string-width-5.1.2.tgz 0ms (cache hit)
2026-07-17T12:46:23.4931313+00:00 ContainerStream: npm http cache cli-boxes@https://registry.npmjs.org/cli-boxes/-/cli-boxes-3.0.0.tgz 0ms (cache hit)
2026-07-17T12:46:23.4935241+00:00 ContainerStream: npm http cache camelcase@https://registry.npmjs.org/camelcase/-/camelcase-7.0.1.tgz 0ms (cache hit)
2026-07-17T12:46:23.4938673+00:00 ContainerStream: npm http cache ansi-align@https://registry.npmjs.org/ansi-align/-/ansi-align-3.0.1.tgz 0ms (cache hit)
2026-07-17T12:46:23.4942697+00:00 ContainerStream: npm http cache require-from-string@https://registry.npmjs.org/require-from-string/-/require-from-string-2.0.2.tgz 0ms (cache hit)
2026-07-17T12:46:23.4946131+00:00 ContainerStream: npm http cache json-schema-traverse@https://registry.npmjs.org/json-schema-traverse/-/json-schema-traverse-1.0.0.tgz 0ms (cache hit)
2026-07-17T12:46:23.5023552+00:00 ContainerStream: npm http cache fast-uri@https://registry.npmjs.org/fast-uri/-/fast-uri-3.1.3.tgz 0ms (cache hit)
2026-07-17T12:46:23.5023665+00:00 ContainerStream: npm http cache fast-deep-equal@https://registry.npmjs.org/fast-deep-equal/-/fast-deep-equal-3.1.3.tgz 0ms (cache hit)
2026-07-17T12:46:23.5023685+00:00 ContainerStream: npm http cache update-check@https://registry.npmjs.org/update-check/-/update-check-1.5.4.tgz 0ms (cache hit)
2026-07-17T12:46:23.5024896+00:00 ContainerStream: npm http cache serve-handler@https://registry.npmjs.org/serve-handler/-/serve-handler-6.1.7.tgz 0ms (cache hit)
2026-07-17T12:46:23.5024935+00:00 ContainerStream: npm http cache is-port-reachable@https://registry.npmjs.org/is-port-reachable/-/is-port-reachable-4.0.0.tgz 0ms (cache hit)
2026-07-17T12:46:23.5028212+00:00 ContainerStream: npm http cache compression@https://registry.npmjs.org/compression/-/compression-1.8.1.tgz 0ms (cache hit)
2026-07-17T12:46:23.5031638+00:00 ContainerStream: npm http cache clipboardy@https://registry.npmjs.org/clipboardy/-/clipboardy-3.0.0.tgz 0ms (cache hit)
2026-07-17T12:46:23.5035205+00:00 ContainerStream: npm http cache chalk-template@https://registry.npmjs.org/chalk-template/-/chalk-template-0.4.0.tgz 0ms (cache hit)
2026-07-17T12:46:23.5038537+00:00 ContainerStream: npm http cache chalk@https://registry.npmjs.org/chalk/-/chalk-5.0.1.tgz 0ms (cache hit)
2026-07-17T12:46:23.5041887+00:00 ContainerStream: npm http cache boxen@https://registry.npmjs.org/boxen/-/boxen-7.0.0.tgz 0ms (cache hit)
2026-07-17T12:46:23.5045865+00:00 ContainerStream: npm http cache arg@https://registry.npmjs.org/arg/-/arg-5.0.2.tgz 0ms (cache hit)
2026-07-17T12:46:23.5216508+00:00 ContainerStream: npm http cache ajv@https://registry.npmjs.org/ajv/-/ajv-8.18.0.tgz 0ms (cache hit)
2026-07-17T12:46:23.5216746+00:00 ContainerStream: npm http cache @zeit/schemas@https://registry.npmjs.org/@zeit/schemas/-/schemas-2.36.0.tgz 0ms (cache hit)
2026-07-17T12:46:23.5216766+00:00 ContainerStream: npm http cache serve@https://registry.npmjs.org/serve/-/serve-14.2.6.tgz 0ms (cache hit)
2026-07-17T12:46:23.5216783+00:00 ContainerStream: npm http cache mime-db@https://registry.npmjs.org/mime-db/-/mime-db-1.33.0.tgz 0ms (cache hit)
2026-07-17T12:46:23.5216804+00:00 ContainerStream: npm http cache ansi-regex@https://registry.npmjs.org/ansi-regex/-/ansi-regex-5.0.1.tgz 0ms (cache hit)
2026-07-17T12:46:23.5216820+00:00 ContainerStream: npm http cache strip-ansi@https://registry.npmjs.org/strip-ansi/-/strip-ansi-6.0.1.tgz 0ms (cache hit)
2026-07-17T12:46:23.5216836+00:00 ContainerStream: npm http cache emoji-regex@https://registry.npmjs.org/emoji-regex/-/emoji-regex-8.0.0.tgz 0ms (cache hit)
2026-07-17T12:46:23.5216899+00:00 ContainerStream: npm http cache string-width@https://registry.npmjs.org/string-width/-/string-width-4.2.3.tgz 0ms (cache hit)
2026-07-17T12:46:23.5221616+00:00 ContainerStream: npm http cache bytes@https://registry.npmjs.org/bytes/-/bytes-3.0.0.tgz 0ms (cache hit)
2026-07-17T12:46:23.5225156+00:00 ContainerStream: npm http cache ansi-styles@https://registry.npmjs.org/ansi-styles/-/ansi-styles-4.3.0.tgz 0ms (cache hit)
2026-07-17T12:46:23.5228944+00:00 ContainerStream: npm http cache chalk@https://registry.npmjs.org/chalk/-/chalk-4.1.2.tgz 0ms (cache hit)
2026-07-17T12:46:24.0319887+00:00 ContainerStream: npm http fetch POST 200 https://registry.npmjs.org/-/npm/v1/security/advisories/bulk 767ms
2026-07-17T12:46:25.5204628+00:00 ContainerStream: npm http fetch GET 200 https://registry.npmjs.org/color-name/-/color-name-1.1.4.tgz 1997ms (cache miss)
2026-07-17T12:46:25.5699870+00:00 ContainerStream: npm http fetch GET 200 https://registry.npmjs.org/color-convert/-/color-convert-2.0.1.tgz 2045ms (cache miss)
2026-07-17T12:46:25.6506054+00:00 ContainerStream: npm http fetch GET 200 https://registry.npmjs.org/eastasianwidth/-/eastasianwidth-0.2.0.tgz 2107ms (cache miss)
2026-07-17T12:46:25.6517366+00:00 ContainerStream: npm http fetch GET 200 https://registry.npmjs.org/emoji-regex/-/emoji-regex-9.2.2.tgz 2108ms (cache miss)
2026-07-17T12:46:25.7009682+00:00 ContainerStream: npm http fetch GET 200 https://registry.npmjs.org/strip-ansi/-/strip-ansi-7.2.0.tgz 2157ms (cache miss)
2026-07-17T12:46:25.7795620+00:00 ContainerStream: npm http fetch GET 200 https://registry.npmjs.org/balanced-match/-/balanced-match-1.0.2.tgz 2228ms (cache miss)
2026-07-17T12:46:25.7813326+00:00 ContainerStream: npm http fetch GET 200 https://registry.npmjs.org/concat-map/-/concat-map-0.0.1.tgz 2237ms (cache miss)
2026-07-17T12:46:25.8219060+00:00 ContainerStream: npm http fetch GET 200 https://registry.npmjs.org/shebang-regex/-/shebang-regex-3.0.0.tgz 2277ms (cache miss)
2026-07-17T12:46:25.8517293+00:00 ContainerStream: npm http fetch GET 200 https://registry.npmjs.org/path-is-inside/-/path-is-inside-1.0.2.tgz 2299ms (cache miss)
2026-07-17T12:46:25.8692839+00:00 ContainerStream: npm http fetch GET 200 https://registry.npmjs.org/registry-url/-/registry-url-3.1.0.tgz 2320ms (cache miss)
2026-07-17T12:46:25.8708022+00:00 ContainerStream: npm http fetch GET 200 https://registry.npmjs.org/onetime/-/onetime-5.1.2.tgz 2307ms (cache miss)
2026-07-17T12:46:25.8914553+00:00 ContainerStream: npm http fetch GET 200 https://registry.npmjs.org/has-flag/-/has-flag-4.0.0.tgz 2359ms (cache miss)
2026-07-17T12:46:25.8991992+00:00 ContainerStream: npm http fetch GET 200 https://registry.npmjs.org/is-fullwidth-code-point/-/is-fullwidth-code-point-3.0.0.tgz 2367ms (cache miss)
2026-07-17T12:46:25.9003212+00:00 ContainerStream: npm http fetch GET 200 https://registry.npmjs.org/strip-json-comments/-/strip-json-comments-2.0.1.tgz 2367ms (cache miss)
2026-07-17T12:46:25.9010374+00:00 ContainerStream: npm http fetch GET 200 https://registry.npmjs.org/content-disposition/-/content-disposition-0.5.2.tgz 2347ms (cache miss)
2026-07-17T12:46:25.9101482+00:00 ContainerStream: npm http fetch GET 200 https://registry.npmjs.org/strip-final-newline/-/strip-final-newline-2.0.0.tgz 2348ms (cache miss)
2026-07-17T12:46:25.9110209+00:00 ContainerStream: npm http fetch GET 200 https://registry.npmjs.org/compressible/-/compressible-2.0.18.tgz 2328ms (cache miss)
2026-07-17T12:46:25.9316672+00:00 ContainerStream: npm http fetch GET 200 https://registry.npmjs.org/supports-color/-/supports-color-7.2.0.tgz 2399ms (cache miss)
2026-07-17T12:46:25.9411437+00:00 ContainerStream: npm http fetch GET 200 https://registry.npmjs.org/isexe/-/isexe-2.0.0.tgz 2407ms (cache miss)
2026-07-17T12:46:25.9808042+00:00 ContainerStream: npm http fetch GET 200 https://registry.npmjs.org/is-docker/-/is-docker-2.2.1.tgz 2406ms (cache miss)
2026-07-17T12:46:25.9808311+00:00 ContainerStream: npm http fetch GET 200 https://registry.npmjs.org/which/-/which-2.0.2.tgz 2407ms (cache miss)
2026-07-17T12:46:25.9808335+00:00 ContainerStream: npm http fetch GET 200 https://registry.npmjs.org/npm-run-path/-/npm-run-path-4.0.1.tgz 2406ms (cache miss)
2026-07-17T12:46:25.9808350+00:00 ContainerStream: npm http fetch GET 200 https://registry.npmjs.org/is-stream/-/is-stream-2.0.1.tgz 2406ms (cache miss)
2026-07-17T12:46:25.9809553+00:00 ContainerStream: npm http fetch GET 200 https://registry.npmjs.org/path-key/-/path-key-3.1.1.tgz 2410ms (cache miss)
2026-07-17T12:46:25.9809573+00:00 ContainerStream: npm http fetch GET 200 https://registry.npmjs.org/ansi-align/-/ansi-align-3.0.1.tgz 2379ms (cache miss)
2026-07-17T12:46:25.9919396+00:00 ContainerStream: npm http fetch GET 200 https://registry.npmjs.org/json-schema-traverse/-/json-schema-traverse-1.0.0.tgz 2377ms (cache miss)
2026-07-17T12:46:26.0109012+00:00 ContainerStream: npm http fetch GET 200 https://registry.npmjs.org/ansi-styles/-/ansi-styles-6.2.3.tgz 2477ms (cache miss)
2026-07-17T12:46:26.0114931+00:00 ContainerStream: npm http fetch GET 200 https://registry.npmjs.org/range-parser/-/range-parser-1.2.0.tgz 2459ms (cache miss)
2026-07-17T12:46:26.0120638+00:00 ContainerStream: npm http fetch GET 200 https://registry.npmjs.org/mimic-fn/-/mimic-fn-2.1.0.tgz 2457ms (cache miss)
2026-07-17T12:46:26.0203912+00:00 ContainerStream: npm http fetch GET 200 https://registry.npmjs.org/ansi-regex/-/ansi-regex-6.2.2.tgz 2477ms (cache miss)
2026-07-17T12:46:26.0220191+00:00 ContainerStream: npm http fetch GET 200 https://registry.npmjs.org/get-stream/-/get-stream-6.0.1.tgz 2450ms (cache miss)
2026-07-17T12:46:26.0303858+00:00 ContainerStream: npm http fetch GET 200 https://registry.npmjs.org/string-width/-/string-width-5.1.2.tgz 2436ms (cache miss)
2026-07-17T12:46:26.0303960+00:00 ContainerStream: npm http fetch GET 200 https://registry.npmjs.org/cli-boxes/-/cli-boxes-3.0.0.tgz 2435ms (cache miss)
2026-07-17T12:46:26.0303981+00:00 ContainerStream: npm http fetch GET 200 https://registry.npmjs.org/require-from-string/-/require-from-string-2.0.2.tgz 2415ms (cache miss)
2026-07-17T12:46:26.0406661+00:00 ContainerStream: npm http fetch GET 200 https://registry.npmjs.org/path-to-regexp/-/path-to-regexp-3.3.0.tgz 2488ms (cache miss)
2026-07-17T12:46:26.0415285+00:00 ContainerStream: npm http fetch GET 200 https://registry.npmjs.org/mime-types/-/mime-types-2.1.18.tgz 2488ms (cache miss)
2026-07-17T12:46:26.0491779+00:00 ContainerStream: npm http fetch GET 200 https://registry.npmjs.org/deep-extend/-/deep-extend-0.6.0.tgz 2501ms (cache miss)
2026-07-17T12:46:26.0497062+00:00 ContainerStream: npm http fetch GET 200 https://registry.npmjs.org/ini/-/ini-1.3.8.tgz 2515ms (cache miss)
2026-07-17T12:46:26.0504785+00:00 ContainerStream: npm http fetch GET 200 https://registry.npmjs.org/ms/-/ms-2.0.0.tgz 2478ms (cache miss)
2026-07-17T12:46:26.0509516+00:00 ContainerStream: npm http fetch GET 200 https://registry.npmjs.org/shebang-command/-/shebang-command-2.0.0.tgz 2489ms (cache miss)
2026-07-17T12:46:26.0517291+00:00 ContainerStream: npm http fetch GET 200 https://registry.npmjs.org/wrap-ansi/-/wrap-ansi-8.1.0.tgz 2467ms (cache miss)
2026-07-17T12:46:26.0592253+00:00 ContainerStream: npm http fetch GET 200 https://registry.npmjs.org/camelcase/-/camelcase-7.0.1.tgz 2458ms (cache miss)
2026-07-17T12:46:26.0596738+00:00 ContainerStream: npm http fetch GET 200 https://registry.npmjs.org/on-headers/-/on-headers-1.1.0.tgz 2487ms (cache miss)
2026-07-17T12:46:26.0622176+00:00 ContainerStream: npm http fetch GET 200 https://registry.npmjs.org/signal-exit/-/signal-exit-3.0.7.tgz 2500ms (cache miss)
2026-07-17T12:46:26.0695607+00:00 ContainerStream: npm http fetch GET 200 https://registry.npmjs.org/widest-line/-/widest-line-4.0.1.tgz 2485ms (cache miss)
2026-07-17T12:46:26.0700101+00:00 ContainerStream: npm http fetch GET 200 https://registry.npmjs.org/merge-stream/-/merge-stream-2.0.0.tgz 2506ms (cache miss)
2026-07-17T12:46:26.0707279+00:00 ContainerStream: npm http fetch GET 200 https://registry.npmjs.org/is-port-reachable/-/is-port-reachable-4.0.0.tgz 2447ms (cache miss)
2026-07-17T12:46:26.0802626+00:00 ContainerStream: npm http fetch GET 200 https://registry.npmjs.org/is-wsl/-/is-wsl-2.2.0.tgz 2497ms (cache miss)
2026-07-17T12:46:26.0809069+00:00 ContainerStream: npm http fetch GET 200 https://registry.npmjs.org/arch/-/arch-2.2.0.tgz 2497ms (cache miss)
2026-07-17T12:46:26.0819180+00:00 ContainerStream: npm http fetch GET 200 https://registry.npmjs.org/fast-deep-equal/-/fast-deep-equal-3.1.3.tgz 2459ms (cache miss)
2026-07-17T12:46:26.0894142+00:00 ContainerStream: npm http fetch GET 200 https://registry.npmjs.org/chalk-template/-/chalk-template-0.4.0.tgz 2465ms (cache miss)
2026-07-17T12:46:26.0906442+00:00 ContainerStream: npm http fetch GET 200 https://registry.npmjs.org/ansi-regex/-/ansi-regex-5.0.1.tgz 2449ms (cache miss)
2026-07-17T12:46:26.1004560+00:00 ContainerStream: npm http fetch GET 200 https://registry.npmjs.org/compression/-/compression-1.8.1.tgz 2477ms (cache miss)
2026-07-17T12:46:26.1017427+00:00 ContainerStream: npm http fetch GET 200 https://registry.npmjs.org/serve/-/serve-14.2.6.tgz 2469ms (cache miss)
2026-07-17T12:46:26.1120411+00:00 ContainerStream: npm http fetch GET 200 https://registry.npmjs.org/boxen/-/boxen-7.0.0.tgz 2480ms (cache miss)
2026-07-17T12:46:26.1200548+00:00 ContainerStream: npm http fetch GET 200 https://registry.npmjs.org/arg/-/arg-5.0.2.tgz 2488ms (cache miss)
2026-07-17T12:46:26.1208608+00:00 ContainerStream: npm http fetch GET 200 https://registry.npmjs.org/bytes/-/bytes-3.0.0.tgz 2477ms (cache miss)
2026-07-17T12:46:26.1222043+00:00 ContainerStream: npm http fetch GET 200 https://registry.npmjs.org/strip-ansi/-/strip-ansi-6.0.1.tgz 2480ms (cache miss)
2026-07-17T12:46:26.1303321+00:00 ContainerStream: npm http fetch GET 200 https://registry.npmjs.org/negotiator/-/negotiator-0.6.4.tgz 2549ms (cache miss)
2026-07-17T12:46:26.1320373+00:00 ContainerStream: npm http fetch GET 200 https://registry.npmjs.org/emoji-regex/-/emoji-regex-8.0.0.tgz 2489ms (cache miss)
2026-07-17T12:46:26.1422091+00:00 ContainerStream: npm http fetch GET 200 https://registry.npmjs.org/rc/-/rc-1.2.8.tgz 2600ms (cache miss)
2026-07-17T12:46:26.1497462+00:00 ContainerStream: npm http fetch GET 200 https://registry.npmjs.org/string-width/-/string-width-4.2.3.tgz 2507ms (cache miss)
2026-07-17T12:46:26.2520758+00:00 ContainerStream: npm http fetch GET 200 https://registry.npmjs.org/ansi-styles/-/ansi-styles-4.3.0.tgz 2608ms (cache miss)
2026-07-17T12:46:26.2607765+00:00 ContainerStream: npm http fetch GET 200 https://registry.npmjs.org/update-check/-/update-check-1.5.4.tgz 2638ms (cache miss)
2026-07-17T12:46:26.2695748+00:00 ContainerStream: npm http fetch GET 200 https://registry.npmjs.org/minimatch/-/minimatch-3.1.5.tgz 2709ms (cache miss)
2026-07-17T12:46:26.3399960+00:00 ContainerStream: npm http fetch GET 200 https://registry.npmjs.org/cross-spawn/-/cross-spawn-7.0.6.tgz 2775ms (cache miss)
2026-07-17T12:46:26.3507836+00:00 ContainerStream: npm http fetch GET 200 https://registry.npmjs.org/mime-db/-/mime-db-1.33.0.tgz 2716ms (cache miss)
2026-07-17T12:46:26.3515651+00:00 ContainerStream: npm http fetch GET 200 https://registry.npmjs.org/chalk/-/chalk-4.1.2.tgz 2707ms (cache miss)
2026-07-17T12:46:26.3898432+00:00 ContainerStream: npm http fetch GET 200 https://registry.npmjs.org/human-signals/-/human-signals-2.1.0.tgz 2825ms (cache miss)
2026-07-17T12:46:26.3909553+00:00 ContainerStream: npm http fetch GET 200 https://registry.npmjs.org/serve-handler/-/serve-handler-6.1.7.tgz 2767ms (cache miss)
2026-07-17T12:46:26.4109028+00:00 ContainerStream: npm http fetch GET 200 https://registry.npmjs.org/@zeit/schemas/-/schemas-2.36.0.tgz 2778ms (cache miss)
2026-07-17T12:46:26.4223306+00:00 ContainerStream: npm http fetch GET 200 https://registry.npmjs.org/registry-auth-token/-/registry-auth-token-3.3.2.tgz 2880ms (cache miss)
2026-07-17T12:46:26.4396293+00:00 ContainerStream: npm http fetch GET 200 https://registry.npmjs.org/chalk/-/chalk-5.0.1.tgz 2815ms (cache miss)
2026-07-17T12:46:26.4501007+00:00 ContainerStream: npm http fetch GET 200 https://registry.npmjs.org/execa/-/execa-5.1.1.tgz 2866ms (cache miss)
2026-07-17T12:46:26.4506476+00:00 ContainerStream: npm http fetch GET 200 https://registry.npmjs.org/debug/-/debug-2.6.9.tgz 2868ms (cache miss)
2026-07-17T12:46:26.4791861+00:00 ContainerStream: npm http fetch GET 200 https://registry.npmjs.org/minimist/-/minimist-1.2.8.tgz 2938ms (cache miss)
2026-07-17T12:46:26.4916312+00:00 ContainerStream: npm http fetch GET 200 https://registry.npmjs.org/brace-expansion/-/brace-expansion-1.1.16.tgz 2940ms (cache miss)
2026-07-17T12:46:26.5203927+00:00 ContainerStream: npm http fetch GET 200 https://registry.npmjs.org/fast-uri/-/fast-uri-3.1.3.tgz 2898ms (cache miss)
2026-07-17T12:46:26.6013021+00:00 ContainerStream: npm http fetch GET 200 https://registry.npmjs.org/type-fest/-/type-fest-2.19.0.tgz 3008ms (cache miss)
2026-07-17T12:46:26.6921597+00:00 ContainerStream: npm http fetch GET 200 https://registry.npmjs.org/clipboardy/-/clipboardy-3.0.0.tgz 3068ms (cache miss)
2026-07-17T12:46:27.2315745+00:00 ContainerStream: npm http fetch GET 200 https://registry.npmjs.org/ajv/-/ajv-8.18.0.tgz 3599ms (cache miss)
2026-07-17T12:46:28.5497462+00:00 ContainerStream:  ERROR  Could not parse /home/site/wwwroot/package.json as JSON: Unexpected token '﻿', "﻿{
2026-07-17T12:46:28.5497886+00:00 ContainerStream:   "name"... is not valid JSON
2026-07-17T12:46:28.5804983+00:00 ContainerStream: npm notice
2026-07-17T12:46:28.5805410+00:00 ContainerStream: npm notice New major version of npm available! 10.9.2 -> 12.0.1
2026-07-17T12:46:28.5805429+00:00 ContainerStream: npm notice Changelog: https://github.com/npm/cli/releases/tag/v12.0.1
2026-07-17T12:46:28.5805510+00:00 ContainerStream: npm notice To update run: npm install -g npm@12.0.1
2026-07-17T12:46:28.5805526+00:00 ContainerStream: npm notice
2026-07-17T12:46:28.6717126+00:00 ContainerStatus: Container has finished running with exit code: 1.
2026-07-17T12:46:28.6721555+00:00 ContainerStatus: Container is terminating. Grace period: 5 seconds.
2026-07-17T12:46:28.6741868+00:00 ContainerStatus: Stop and delete container. Retry count = 0
2026-07-17T12:46:28.6744755+00:00 ContainerStatus: Stopping container: f061b4ba641a_babitk-app.
2026-07-17T12:46:28.7415637+00:00 ContainerStatus: Deleting container: f061b4ba641a_babitk-app. Retry count = 0
2026-07-17T12:46:29.1619878+00:00 ContainerStatus: Container spec TerminationMessagePolicy  path 
2026-07-17T12:46:29.1703421+00:00 ContainerStatus: Container is terminated. Total time elapsed: 489 ms.
2026-07-17T12:46:29.1709837+00:00 ContainerStatus: Site container: babitk-app terminated during site startup.
2026-07-17T12:46:29.1714128+00:00 ContainerStatus: State: Stopping, Action: CancellingStartup, LastError: ContainerTimeout, LastErrorTimestamp: 07/17/2026 12:44:53, LastErrorDetails: Container did not start within expected time limit of 230s. Please inspect your container logs for more details., Details: Site container: babitk-app terminated during site startup. Cancelling site startup., DetailsLevel: ERR
2026-07-17T12:46:29.1916281+00:00 ContainerStatus: Site startup probe failed after 34.2498443 seconds.
2026-07-17T12:46:29.3413872+00:00 ContainerStatus: State: Stopping, Action: CancellingStartup, LastError: ContainerTimeout, LastErrorTimestamp: 07/17/2026 12:46:29, LastErrorDetails: Container did not start within expected time limit of 230s. Please inspect your container logs for more details., Details: Site container: babitk-app terminated during site startup. Cancelling site startup., DetailsLevel: ERR
2026-07-17T12:46:29.3908181+00:00 ContainerStatus: Failed to start site. Revert by stopping site.
2026-07-17T12:46:29.3914904+00:00 ContainerStatus: State: Stopping, Action: StoppingSite, LastError: ContainerTimeout, LastErrorTimestamp: 07/17/2026 12:46:29, LastErrorDetails: Container did not start within expected time limit of 230s. Please inspect your container logs for more details., Details: Site container: babitk-app terminated during site startup. Cancelling site startup., DetailsLevel: ERR
2026-07-17T12:46:29.3921839+00:00 ContainerStatus: State: Stopping, Action: StoppingSiteContainers, LastError: ContainerTimeout, LastErrorTimestamp: 07/17/2026 12:46:29, LastErrorDetails: Container did not start within expected time limit of 230s. Please inspect your container logs for more details., Details: Site container: babitk-app terminated during site startup. Cancelling site startup., DetailsLevel: ERR
2026-07-17T12:46:29.3922052+00:00 ContainerStatus: Site: babitk-app stopped.
========== New Cold Start Attempt (2026-07-17T12:46:29.4419596+00:00) ==========
2026-07-17T12:46:29.4419596+00:00 ContainerStatus: State: Stopping, Action: UnmountingVolumes, LastError: ContainerTimeout, LastErrorTimestamp: 07/17/2026 12:46:29, LastErrorDetails: Container did not start within expected time limit of 230s. Please inspect your container logs for more details., Details: Site container: babitk-app terminated during site startup. Cancelling site startup., DetailsLevel: ERR
2026-07-17T12:46:30.4987066+00:00 ContainerStatus: State: Stopping, Action: StoppingSiteNetworks, LastError: ContainerTimeout, LastErrorTimestamp: 07/17/2026 12:46:29, LastErrorDetails: Container did not start within expected time limit of 230s. Please inspect your container logs for more details., Details: Site container: babitk-app terminated during site startup. Cancelling site startup., DetailsLevel: ERR
2026-07-17T12:46:30.7284960+00:00 ContainerStatus: Site: babitk-app will be blocked for 1 minutes till 07/17/2026 12:47:30
2026-07-17T12:46:30.7368364+00:00 ContainerStatus: State: Blocked, Action: StoppingSiteNetworks, LastError: ContainerTimeout, LastErrorTimestamp: 07/17/2026 12:46:29, LastErrorDetails: Container did not start within expected time limit of 230s. Please inspect your container logs for more details., Details: Site: babitk-app will be blocked for 1 minutes till 07/17/2026 12:47:30, DetailsLevel: WARN
2026-07-17T12:46:30.7467492+00:00 ContainerStatus: State: Stopped, Action: None, LastError: ContainerTimeout, LastErrorTimestamp: 07/17/2026 12:46:29, LastErrorDetails: Container did not start within expected time limit of 230s. Please inspect your container logs for more details., Details: Site stopped at 07/17/2026 12:46:30 (UTC), DetailsLevel: WARN
2026-07-17T12:46:31.4416095+00:00 ContainerStatus: State: Stopped, Action: None, LastError: ContainerTimeout, LastErrorTimestamp: 07/17/2026 12:46:29, LastErrorDetails: Container did not start within expected time limit of 230s. Please inspect your container logs for more details., Details: Site stopped at 07/17/2026 12:46:30 (UTC), DetailsLevel: WARN
2026-07-17T12:46:41.8030585+00:00 ContainerStatus: State: Blocked, Action: None, LastError: ContainerTimeout, LastErrorTimestamp: 07/17/2026 12:46:29, LastErrorDetails: Container did not start within expected time limit of 230s. Please inspect your container logs for more details., Details: Site is blocked due to multiple, consecutive cold start failures. Site scheduled to be unblocked at 07/17/2026 12:47:30, DetailsLevel: WARN
2026-07-17T12:46:41.8033268+00:00 ContainerStatus: Start site prohibitted because the site is being blocked.
2026-07-17T12:47:02.0558969+00:00 ContainerStatus: State: Blocked, Action: None, LastError: ContainerTimeout, LastErrorTimestamp: 07/17/2026 12:46:29, LastErrorDetails: Container did not start within expected time limit of 230s. Please inspect your container logs for more details., Details: Site is blocked due to multiple, consecutive cold start failures. Site scheduled to be unblocked at 07/17/2026 12:47:30, DetailsLevel: WARN
2026-07-17T12:47:02.0559273+00:00 ContainerStatus: Start site prohibitted because the site is being blocked.
2026-07-17T12:47:22.4706237+00:00 ContainerStatus: State: Blocked, Action: None, LastError: ContainerTimeout, LastErrorTimestamp: 07/17/2026 12:46:29, LastErrorDetails: Container did not start within expected time limit of 230s. Please inspect your container logs for more details., Details: Site is blocked due to multiple, consecutive cold start failures. Site scheduled to be unblocked at 07/17/2026 12:47:30, DetailsLevel: WARN
2026-07-17T12:47:22.4707808+00:00 ContainerStatus: Start site prohibitted because the site is being blocked.
2026-07-17T12:47:30.7282983+00:00 ContainerStatus: Site: babitk-app is unblocked.
2026-07-17T12:47:42.7479392+00:00 ContainerStatus: State: Starting, Action: EstablishingSiteNetworks, LastError: ContainerTimeout, LastErrorTimestamp: 07/17/2026 12:46:29, LastErrorDetails: Container did not start within expected time limit of 230s. Please inspect your container logs for more details., Details: Site is blocked due to multiple, consecutive cold start failures. Site scheduled to be unblocked at 07/17/2026 12:47:30, DetailsLevel: WARN
2026-07-17T12:47:43.7323457+00:00 ContainerStatus: State: Starting, Action: StartingSiteContainers, LastError: ContainerTimeout, LastErrorTimestamp: 07/17/2026 12:46:29, LastErrorDetails: Container did not start within expected time limit of 230s. Please inspect your container logs for more details., Details: Site is blocked due to multiple, consecutive cold start failures. Site scheduled to be unblocked at 07/17/2026 12:47:30, DetailsLevel: WARN
2026-07-17T12:47:43.7325477+00:00 ContainerStatus: Container start method called.
2026-07-17T12:47:43.7328450+00:00 ContainerStatus: State: Starting, Action: PullingImage, LastError: ContainerTimeout, LastErrorTimestamp: 07/17/2026 12:46:29, LastErrorDetails: Container did not start within expected time limit of 230s. Please inspect your container logs for more details., Details: Pulling image 10.1.0.4:13209/appsvc/node:22-lts_20260504.4.tuxprod for babitk-app., DetailsLevel: INFO
2026-07-17T12:47:43.7330909+00:00 ContainerStatus: Establishing network.
2026-07-17T12:47:43.7331828+00:00 ContainerStatus: Pulling image: appsvc/node:22-lts_20260504.4.tuxprod.
2026-07-17T12:47:43.9642203+00:00 ContainerStatus: Container is starting.
2026-07-17T12:47:43.9729685+00:00 ContainerStatus: State: Starting, Action: MountingVolumes, LastError: ContainerTimeout, LastErrorTimestamp: 07/17/2026 12:46:29, LastErrorDetails: Container did not start within expected time limit of 230s. Please inspect your container logs for more details., Details: Mounting volumes for babitk-app., DetailsLevel: INFO
2026-07-17T12:47:43.9738241+00:00 ContainerStatus: Establishing user namespace if not established already.
2026-07-17T12:47:43.9742260+00:00 ContainerStatus: Establishing network if not established already.
2026-07-17T12:47:43.9745255+00:00 ContainerStatus: Mounting volumes.
2026-07-17T12:47:43.9833664+00:00 ContainerStatus: Nested mountpoint 
2026-07-17T12:47:44.0323407+00:00 ContainerStatus: Nested mountpoint volatile/logs
2026-07-17T12:47:44.0522328+00:00 ContainerStatus: Nested mountpoint 
2026-07-17T12:47:44.0543034+00:00 ContainerStatus: Nested mountpoint 
2026-07-17T12:47:44.0720480+00:00 ContainerStatus: Nested mountpoint 
2026-07-17T12:47:44.0730248+00:00 ContainerStatus: Nested mountpoint 
2026-07-17T12:47:44.3677070+00:00 ContainerStatus: State: Starting, Action: CreatingContainer, LastError: ContainerTimeout, LastErrorTimestamp: 07/17/2026 12:46:29, LastErrorDetails: Container did not start within expected time limit of 230s. Please inspect your container logs for more details., Details: Finished pulling container image and mounting volumes for babitk-app. Allocatinng the rest of the container resources to finish container creation., DetailsLevel: INFO
2026-07-17T12:47:44.3683555+00:00 ContainerStatus: Creating container.
2026-07-17T12:47:44.3686096+00:00 ContainerStatus: Creating pipes for streaming container io.
2026-07-17T12:47:44.3693544+00:00 ContainerStatus: Creating stdout named pipe at /podr/container/pipe/872a59cb4a95_babitk-app/stdout_53edd5d615084778bea71e749289c115.
2026-07-17T12:47:44.3699048+00:00 ContainerStatus: Successfully created stdout named pipe at: /podr/container/pipe/872a59cb4a95_babitk-app/stdout_53edd5d615084778bea71e749289c115.
2026-07-17T12:47:44.3772680+00:00 ContainerStatus: Opening named pipe /podr/container/pipe/872a59cb4a95_babitk-app/stdout_53edd5d615084778bea71e749289c115 for reading in non-blocking mode.
2026-07-17T12:47:44.3773600+00:00 ContainerStatus: Successfully opened named pipe: /podr/container/pipe/872a59cb4a95_babitk-app/stdout_53edd5d615084778bea71e749289c115.
2026-07-17T12:47:44.3774118+00:00 ContainerStatus: Successfully removed non-blocking flag from /podr/container/pipe/872a59cb4a95_babitk-app/stdout_53edd5d615084778bea71e749289c115.
2026-07-17T12:47:44.3785699+00:00 ContainerStatus: Creating stderr named pipe at /podr/container/pipe/872a59cb4a95_babitk-app/stderr_abd59018a1314b40b122a13fe199706a.
2026-07-17T12:47:44.3786870+00:00 ContainerStatus: Successfully created stderr named pipe at: /podr/container/pipe/872a59cb4a95_babitk-app/stderr_abd59018a1314b40b122a13fe199706a.
2026-07-17T12:47:44.3787362+00:00 ContainerStatus: Opening named pipe /podr/container/pipe/872a59cb4a95_babitk-app/stderr_abd59018a1314b40b122a13fe199706a for reading in non-blocking mode.
2026-07-17T12:47:44.3787973+00:00 ContainerStatus: Successfully opened named pipe: /podr/container/pipe/872a59cb4a95_babitk-app/stderr_abd59018a1314b40b122a13fe199706a.
2026-07-17T12:47:44.3788447+00:00 ContainerStatus: Successfully removed non-blocking flag from /podr/container/pipe/872a59cb4a95_babitk-app/stderr_abd59018a1314b40b122a13fe199706a.
2026-07-17T12:47:44.3878721+00:00 ContainerStatus: Creating container with image: appsvc/node:22-lts_20260504.4.tuxprod from registry: 10.1.0.4:13209 and fully qualified image name: 10.1.0.4:13209/appsvc/node:22-lts_20260504.4.tuxprod
2026-07-17T12:47:44.7396433+00:00 ContainerStatus: Starting container: 872a59cb4a95_babitk-app.
2026-07-17T12:47:44.7974924+00:00 ContainerStatus: Starting watchers and probes.
2026-07-17T12:47:44.7983235+00:00 ContainerStatus: Starting metrics collection.
2026-07-17T12:47:44.8073155+00:00 ContainerStatus: Container is running.
2026-07-17T12:47:44.8188523+00:00 ContainerStatus: State: Starting, Action: CreatingContainer, LastError: ContainerTimeout, LastErrorTimestamp: 07/17/2026 12:46:29, LastErrorDetails: Container did not start within expected time limit of 230s. Please inspect your container logs for more details., Details: Container babitk-app successfully created and is running., DetailsLevel: INFO
2026-07-17T12:47:44.9986159+00:00 ContainerStatus: Container start method finished after 1265 ms.
2026-07-17T12:47:45.0075472+00:00 ContainerStatus: State: Starting, Action: InitiatingSiteWarmUpProbe, LastError: ContainerTimeout, LastErrorTimestamp: 07/17/2026 12:46:29, LastErrorDetails: Container did not start within expected time limit of 230s. Please inspect your container logs for more details., Details: Container babitk-app successfully created and is running., DetailsLevel: INFO
2026-07-17T12:47:45.0079612+00:00 ContainerStatus: State: Starting, Action: WaitingForSiteWarmUpProbeSuccess, LastError: ContainerTimeout, LastErrorTimestamp: 07/17/2026 12:46:29, LastErrorDetails: Container did not start within expected time limit of 230s. Please inspect your container logs for more details., Details: Pinging warmup path to ensure container is ready to receive requests., DetailsLevel: INFO
2026-07-17T12:47:45.2287078+00:00 ContainerStream:    _____                               
2026-07-17T12:47:45.2287541+00:00 ContainerStream:   /  _  \ __________ _________   ____  
2026-07-17T12:47:45.2287570+00:00 ContainerStream:  /  /_\  \\___   /  |  \_  __ \_/ __ \ 
2026-07-17T12:47:45.2287586+00:00 ContainerStream: /    |    \/    /|  |  /|  | \/\  ___/ 
2026-07-17T12:47:45.2287657+00:00 ContainerStream: \____|__  /_____ \____/ |__|    \___  >
2026-07-17T12:47:45.2287669+00:00 ContainerStream:         \/      \/                  \/ 
2026-07-17T12:47:45.2287686+00:00 ContainerStream: A P P   S E R V I C E   O N   L I N U X
2026-07-17T12:47:45.2287749+00:00 ContainerStream: 
2026-07-17T12:47:45.2287763+00:00 ContainerStream: Documentation    : http://aka.ms/webapp-linux
2026-07-17T12:47:45.2287776+00:00 ContainerStream: NodeJS quickstart: https://aka.ms/node-qs
2026-07-17T12:47:45.2287789+00:00 ContainerStream: NodeJS Version   : v22.22.2
2026-07-17T12:47:45.2287803+00:00 ContainerStream: Instance Name    : lw1sdlwk0000OJ
2026-07-17T12:47:45.2287819+00:00 ContainerStream: Instance Id      : e853b0d521c13ae8cb31bbb09a3a1872c5b2865061d0d453c8b371a72b35cb7a
2026-07-17T12:47:45.2287830+00:00 ContainerStream: 
2026-07-17T12:47:45.2287844+00:00 ContainerStream: Note: Any data outside '/home' is not persisted
2026-07-17T12:47:46.5730875+00:00 ContainerStream: Starting OpenBSD Secure Shell server: sshd.
2026-07-17T12:47:46.5926351+00:00 ContainerStream: WEBSITES_INCLUDE_CLOUD_CERTS is not set to true.
2026-07-17T12:47:46.6427589+00:00 ContainerStream: Updating certificates in /etc/ssl/certs...
2026-07-17T12:47:59.1641103+00:00 ContainerStream: rehash: warning: skipping duplicate certificate in azl_SSL.com_TLS_ECC_Root_CA_2022.pem
2026-07-17T12:47:59.1645976+00:00 ContainerStream: rehash: warning: skipping duplicate certificate in azl_SSL.com_TLS_RSA_Root_CA_2022.pem
2026-07-17T12:47:59.3048628+00:00 ContainerStream: rehash: warning: skipping ca-certificates.crt,it does not contain exactly one certificate or CRL
2026-07-17T12:47:59.3346495+00:00 ContainerStream: 4 added, 0 removed; done.
2026-07-17T12:47:59.3435981+00:00 ContainerStream: Running hooks in /etc/ca-certificates/update.d...
2026-07-17T12:47:59.3436346+00:00 ContainerStream: done.
2026-07-17T12:47:59.3621757+00:00 ContainerStream: CA certificates copied and updated successfully.
2026-07-17T12:47:59.4724238+00:00 ContainerStream: Starting periodic command scheduler: cron.
2026-07-17T12:47:59.6131195+00:00 ContainerStream: Could not find build manifest file at '/home/site/wwwroot/oryx-manifest.toml'
2026-07-17T12:47:59.6135106+00:00 ContainerStream: Could not find operation ID in manifest. Generating an operation id...
2026-07-17T12:47:59.6137173+00:00 ContainerStream: Build Operation ID: f6355940-c95e-41c1-a631-1b5287566255
2026-07-17T12:47:59.9339968+00:00 ContainerStream: Environment Variables for Application Insight's IPA Codeless Configuration exists..
2026-07-17T12:47:59.9826979+00:00 ContainerStream: Writing output script to '/opt/startup/startup.sh'
2026-07-17T12:48:00.0536037+00:00 ContainerStream: Running #!/bin/sh
2026-07-17T12:48:00.0536449+00:00 ContainerStream: 
2026-07-17T12:48:00.0536477+00:00 ContainerStream: # Enter the source directory to make sure the script runs where the user expects
2026-07-17T12:48:00.0536490+00:00 ContainerStream: cd "/home/site/wwwroot"
2026-07-17T12:48:00.0536502+00:00 ContainerStream: 
2026-07-17T12:48:00.0536516+00:00 ContainerStream: export NODE_PATH=/usr/local/lib/node_modules:$NODE_PATH
2026-07-17T12:48:00.0536576+00:00 ContainerStream: if [ -z "$PORT" ]; then
2026-07-17T12:48:00.0536590+00:00 ContainerStream: 		export PORT=8080
2026-07-17T12:48:00.0536601+00:00 ContainerStream: fi
2026-07-17T12:48:00.0536613+00:00 ContainerStream: 
2026-07-17T12:48:00.0536627+00:00 ContainerStream: PATH="$PATH:/home/site/wwwroot" npx --yes serve -s . -l $PORT
2026-07-17T12:48:01.2807717+00:00 ContainerStream: npm info using npm@10.9.2
2026-07-17T12:48:01.2836022+00:00 ContainerStream: npm info using node@v22.22.2
2026-07-17T12:48:05.3039528+00:00 ContainerStream: npm http fetch GET 200 https://registry.npmjs.org/npm 261ms
2026-07-17T12:48:05.5243495+00:00 ContainerStream: npm http fetch GET 200 https://registry.npmjs.org/serve 304ms (cache miss)
2026-07-17T12:48:06.3941200+00:00 ContainerStream: npm http fetch GET 200 https://registry.npmjs.org/serve 61ms (cache miss)
2026-07-17T12:48:06.6596845+00:00 ContainerStream: npm http fetch GET 200 https://registry.npmjs.org/@zeit%2fschemas 237ms (cache miss)
2026-07-17T12:48:06.7589885+00:00 ContainerStream: npm http fetch GET 200 https://registry.npmjs.org/ajv 89ms (cache miss)
2026-07-17T12:48:06.9008480+00:00 ContainerStream: npm http fetch GET 200 https://registry.npmjs.org/arg 120ms (cache miss)
2026-07-17T12:48:06.9430544+00:00 ContainerStream: npm http fetch GET 200 https://registry.npmjs.org/boxen 33ms (cache miss)
2026-07-17T12:48:06.9932428+00:00 ContainerStream: npm http fetch GET 200 https://registry.npmjs.org/chalk 41ms (cache miss)
2026-07-17T12:48:07.0624522+00:00 ContainerStream: npm http fetch GET 200 https://registry.npmjs.org/chalk-template 52ms (cache miss)
2026-07-17T12:48:07.1044629+00:00 ContainerStream: npm http fetch GET 200 https://registry.npmjs.org/clipboardy 40ms (cache miss)
2026-07-17T12:48:07.1449302+00:00 ContainerStream: npm http fetch GET 200 https://registry.npmjs.org/compression 31ms (cache miss)
2026-07-17T12:48:07.3678906+00:00 ContainerStream: npm http fetch GET 200 https://registry.npmjs.org/is-port-reachable 213ms (cache miss)
2026-07-17T12:48:07.4595218+00:00 ContainerStream: npm http fetch GET 200 https://registry.npmjs.org/serve-handler 90ms (cache miss)
2026-07-17T12:48:07.5778362+00:00 ContainerStream: npm http fetch GET 200 https://registry.npmjs.org/update-check 32ms (cache miss)
2026-07-17T12:48:07.6523646+00:00 ContainerStream: npm http fetch GET 200 https://registry.npmjs.org/fast-uri 34ms (cache miss)
2026-07-17T12:48:07.6933190+00:00 ContainerStream: npm http fetch GET 200 https://registry.npmjs.org/fast-deep-equal 29ms (cache miss)
2026-07-17T12:48:07.7243300+00:00 ContainerStream: npm http fetch GET 200 https://registry.npmjs.org/require-from-string 31ms (cache miss)
2026-07-17T12:48:07.7506829+00:00 ContainerStream: npm http fetch GET 200 https://registry.npmjs.org/json-schema-traverse 25ms (cache miss)
2026-07-17T12:48:07.7772727+00:00 ContainerStream: npm http cache https://registry.npmjs.org/chalk 19ms (cache hit)
2026-07-17T12:48:07.8084627+00:00 ContainerStream: npm http fetch GET 200 https://registry.npmjs.org/camelcase 29ms (cache miss)
2026-07-17T12:48:07.8455380+00:00 ContainerStream: npm http fetch GET 200 https://registry.npmjs.org/cli-boxes 28ms (cache miss)
2026-07-17T12:48:07.9082217+00:00 ContainerStream: npm http fetch GET 200 https://registry.npmjs.org/type-fest 51ms (cache miss)
2026-07-17T12:48:07.9704739+00:00 ContainerStream: npm http fetch GET 200 https://registry.npmjs.org/wrap-ansi 51ms (cache miss)
2026-07-17T12:48:08.0096085+00:00 ContainerStream: npm http fetch GET 200 https://registry.npmjs.org/ansi-align 33ms (cache miss)
2026-07-17T12:48:08.0514268+00:00 ContainerStream: npm http fetch GET 200 https://registry.npmjs.org/widest-line 40ms (cache miss)
2026-07-17T12:48:08.0919704+00:00 ContainerStream: npm http fetch GET 200 https://registry.npmjs.org/string-width 32ms (cache miss)
2026-07-17T12:48:08.1323686+00:00 ContainerStream: npm http fetch GET 200 https://registry.npmjs.org/arch 31ms (cache miss)
2026-07-17T12:48:08.3347955+00:00 ContainerStream: npm http fetch GET 200 https://registry.npmjs.org/execa 201ms (cache miss)
2026-07-17T12:48:08.3835664+00:00 ContainerStream: npm http fetch GET 200 https://registry.npmjs.org/is-wsl 25ms (cache miss)
2026-07-17T12:48:08.4112028+00:00 ContainerStream: npm http fetch GET 200 https://registry.npmjs.org/vary 26ms (cache miss)
2026-07-17T12:48:08.4568363+00:00 ContainerStream: npm http fetch GET 200 https://registry.npmjs.org/bytes 39ms (cache miss)
2026-07-17T12:48:08.5003544+00:00 ContainerStream: npm http fetch GET 200 https://registry.npmjs.org/debug 42ms (cache miss)
2026-07-17T12:48:08.5483397+00:00 ContainerStream: npm http fetch GET 200 https://registry.npmjs.org/negotiator 31ms (cache miss)
2026-07-17T12:48:08.5787524+00:00 ContainerStream: npm http fetch GET 200 https://registry.npmjs.org/on-headers 26ms (cache miss)
2026-07-17T12:48:08.6099465+00:00 ContainerStream: npm http fetch GET 200 https://registry.npmjs.org/safe-buffer 29ms (cache miss)
2026-07-17T12:48:08.6427676+00:00 ContainerStream: npm http fetch GET 200 https://registry.npmjs.org/compressible 31ms (cache miss)
2026-07-17T12:48:08.6536153+00:00 ContainerStream: npm http cache https://registry.npmjs.org/bytes 9ms (cache hit)
2026-07-17T12:48:08.6926730+00:00 ContainerStream: npm http fetch GET 200 https://registry.npmjs.org/content-disposition 29ms (cache miss)
2026-07-17T12:48:08.7252372+00:00 ContainerStream: npm http fetch GET 200 https://registry.npmjs.org/mime-types 31ms (cache miss)
2026-07-17T12:48:08.7780371+00:00 ContainerStream: npm http fetch GET 200 https://registry.npmjs.org/minimatch 43ms (cache miss)
2026-07-17T12:48:08.8357283+00:00 ContainerStream: npm http fetch GET 200 https://registry.npmjs.org/path-is-inside 36ms (cache miss)
2026-07-17T12:48:08.8792020+00:00 ContainerStream: npm http fetch GET 200 https://registry.npmjs.org/path-to-regexp 43ms (cache miss)
2026-07-17T12:48:08.9189686+00:00 ContainerStream: npm http fetch GET 200 https://registry.npmjs.org/range-parser 30ms (cache miss)
2026-07-17T12:48:08.9638825+00:00 ContainerStream: npm http fetch GET 200 https://registry.npmjs.org/registry-auth-token 43ms (cache miss)
2026-07-17T12:48:09.0011984+00:00 ContainerStream: npm http fetch GET 200 https://registry.npmjs.org/registry-url 33ms (cache miss)
2026-07-17T12:48:09.1298590+00:00 ContainerStream: npm http cache https://registry.npmjs.org/string-width 9ms (cache hit)
2026-07-17T12:48:09.1652601+00:00 ContainerStream: npm http fetch GET 200 https://registry.npmjs.org/strip-ansi 27ms (cache miss)
2026-07-17T12:48:09.3444861+00:00 ContainerStream: npm http fetch GET 200 https://registry.npmjs.org/emoji-regex 174ms (cache miss)
2026-07-17T12:48:09.3923361+00:00 ContainerStream: npm http fetch GET 200 https://registry.npmjs.org/eastasianwidth 41ms (cache miss)
2026-07-17T12:48:09.4349214+00:00 ContainerStream: npm http fetch GET 200 https://registry.npmjs.org/ansi-styles 41ms (cache miss)
2026-07-17T12:48:09.4628238+00:00 ContainerStream: npm http cache https://registry.npmjs.org/strip-ansi 9ms (cache hit)
2026-07-17T12:48:09.4730223+00:00 ContainerStream: npm http cache https://registry.npmjs.org/emoji-regex 8ms (cache hit)
2026-07-17T12:48:09.5039245+00:00 ContainerStream: npm http fetch GET 200 https://registry.npmjs.org/is-fullwidth-code-point 29ms (cache miss)
2026-07-17T12:48:09.5157945+00:00 ContainerStream: npm http cache https://registry.npmjs.org/ansi-styles 9ms (cache hit)
2026-07-17T12:48:09.5563418+00:00 ContainerStream: npm http fetch GET 200 https://registry.npmjs.org/supports-color 39ms (cache miss)
2026-07-17T12:48:09.5995667+00:00 ContainerStream: npm http fetch GET 200 https://registry.npmjs.org/onetime 32ms (cache miss)
2026-07-17T12:48:09.6592194+00:00 ContainerStream: npm http fetch GET 200 https://registry.npmjs.org/is-stream 50ms (cache miss)
2026-07-17T12:48:09.7095070+00:00 ContainerStream: npm http fetch GET 200 https://registry.npmjs.org/get-stream 40ms (cache miss)
2026-07-17T12:48:09.8004470+00:00 ContainerStream: npm http fetch GET 200 https://registry.npmjs.org/cross-spawn 63ms (cache miss)
2026-07-17T12:48:09.8675803+00:00 ContainerStream: npm http fetch GET 200 https://registry.npmjs.org/signal-exit 61ms (cache miss)
2026-07-17T12:48:09.9695616+00:00 ContainerStream: npm http fetch GET 200 https://registry.npmjs.org/merge-stream 89ms (cache miss)
2026-07-17T12:48:10.0399160+00:00 ContainerStream: npm http fetch GET 200 https://registry.npmjs.org/npm-run-path 69ms (cache miss)
2026-07-17T12:48:10.0747891+00:00 ContainerStream: npm http fetch GET 200 https://registry.npmjs.org/human-signals 26ms (cache miss)
2026-07-17T12:48:10.1123618+00:00 ContainerStream: npm http fetch GET 200 https://registry.npmjs.org/strip-final-newline 32ms (cache miss)
2026-07-17T12:48:10.1348345+00:00 ContainerStream: npm http fetch GET 200 https://registry.npmjs.org/is-docker 21ms (cache miss)
2026-07-17T12:48:10.2189926+00:00 ContainerStream: npm http fetch GET 200 https://registry.npmjs.org/mime-db 61ms (cache miss)
2026-07-17T12:48:10.2994872+00:00 ContainerStream: npm http fetch GET 200 https://registry.npmjs.org/ms 70ms (cache miss)
2026-07-17T12:48:10.3782785+00:00 ContainerStream: npm http fetch GET 200 https://registry.npmjs.org/which 29ms (cache miss)
2026-07-17T12:48:10.4189019+00:00 ContainerStream: npm http fetch GET 200 https://registry.npmjs.org/path-key 29ms (cache miss)
2026-07-17T12:48:10.4454770+00:00 ContainerStream: npm http fetch GET 200 https://registry.npmjs.org/shebang-command 26ms (cache miss)
2026-07-17T12:48:10.4508794+00:00 ContainerStream: npm http cache https://registry.npmjs.org/path-key 4ms (cache hit)
2026-07-17T12:48:10.4828992+00:00 ContainerStream: npm http fetch GET 200 https://registry.npmjs.org/mimic-fn 31ms (cache miss)
2026-07-17T12:48:10.6048544+00:00 ContainerStream: npm http fetch GET 200 https://registry.npmjs.org/shebang-regex 93ms (cache miss)
2026-07-17T12:48:10.6317521+00:00 ContainerStream: npm http fetch GET 200 https://registry.npmjs.org/isexe 18ms (cache miss)
2026-07-17T12:48:10.6876161+00:00 ContainerStream: npm http cache https://registry.npmjs.org/mime-db 2ms (cache hit)
2026-07-17T12:48:10.7476068+00:00 ContainerStream: npm http fetch GET 200 https://registry.npmjs.org/brace-expansion 42ms (cache miss)
2026-07-17T12:48:10.8273280+00:00 ContainerStream: npm http fetch GET 200 https://registry.npmjs.org/concat-map 23ms (cache miss)
2026-07-17T12:48:10.8755090+00:00 ContainerStream: npm http fetch GET 200 https://registry.npmjs.org/balanced-match 40ms (cache miss)
2026-07-17T12:48:10.9579156+00:00 ContainerStream: npm http fetch GET 200 https://registry.npmjs.org/ansi-regex 43ms (cache miss)
2026-07-17T12:48:11.0190107+00:00 ContainerStream: npm http fetch GET 200 https://registry.npmjs.org/rc 42ms (cache miss)
2026-07-17T12:48:11.0586614+00:00 ContainerStream: npm http cache https://registry.npmjs.org/rc 9ms (cache hit)
2026-07-17T12:48:11.1208175+00:00 ContainerStream: npm http fetch GET 200 https://registry.npmjs.org/ini 41ms (cache miss)
2026-07-17T12:48:11.2212634+00:00 ContainerStream: npm http fetch GET 200 https://registry.npmjs.org/minimist 90ms (cache miss)
2026-07-17T12:48:11.2586618+00:00 ContainerStream: npm http fetch GET 200 https://registry.npmjs.org/deep-extend 27ms (cache miss)
2026-07-17T12:48:11.2921716+00:00 ContainerStream: npm http fetch GET 200 https://registry.npmjs.org/strip-json-comments 32ms (cache miss)
2026-07-17T12:48:11.3438889+00:00 ContainerStream: npm http cache https://registry.npmjs.org/ansi-regex 21ms (cache hit)
2026-07-17T12:48:11.3952320+00:00 ContainerStream: npm http fetch GET 200 https://registry.npmjs.org/color-convert 41ms (cache miss)
2026-07-17T12:48:11.4362693+00:00 ContainerStream: npm http fetch GET 200 https://registry.npmjs.org/has-flag 40ms (cache miss)
2026-07-17T12:48:11.4771664+00:00 ContainerStream: npm http fetch GET 200 https://registry.npmjs.org/color-name 30ms (cache miss)
2026-07-17T12:48:11.6787447+00:00 ContainerStream: npm http cache color-name@https://registry.npmjs.org/color-name/-/color-name-1.1.4.tgz 0ms (cache hit)
2026-07-17T12:48:11.6872695+00:00 ContainerStream: npm http cache color-convert@https://registry.npmjs.org/color-convert/-/color-convert-2.0.1.tgz 0ms (cache hit)
2026-07-17T12:48:11.6877667+00:00 ContainerStream: npm http cache has-flag@https://registry.npmjs.org/has-flag/-/has-flag-4.0.0.tgz 0ms (cache hit)
2026-07-17T12:48:11.6881889+00:00 ContainerStream: npm http cache supports-color@https://registry.npmjs.org/supports-color/-/supports-color-7.2.0.tgz 0ms (cache hit)
2026-07-17T12:48:11.6885791+00:00 ContainerStream: npm http cache is-fullwidth-code-point@https://registry.npmjs.org/is-fullwidth-code-point/-/is-fullwidth-code-point-3.0.0.tgz 0ms (cache hit)
2026-07-17T12:48:11.6889487+00:00 ContainerStream: npm http cache ansi-styles@https://registry.npmjs.org/ansi-styles/-/ansi-styles-6.2.3.tgz 0ms (cache hit)
2026-07-17T12:48:11.6893521+00:00 ContainerStream: npm http cache isexe@https://registry.npmjs.org/isexe/-/isexe-2.0.0.tgz 0ms (cache hit)
2026-07-17T12:48:11.6981847+00:00 ContainerStream: npm http cache strip-json-comments@https://registry.npmjs.org/strip-json-comments/-/strip-json-comments-2.0.1.tgz 0ms (cache hit)
2026-07-17T12:48:11.6981991+00:00 ContainerStream: npm http cache minimist@https://registry.npmjs.org/minimist/-/minimist-1.2.8.tgz 0ms (cache hit)
2026-07-17T12:48:11.6994081+00:00 ContainerStream: npm http cache ini@https://registry.npmjs.org/ini/-/ini-1.3.8.tgz 0ms (cache hit)
2026-07-17T12:48:11.7277040+00:00 ContainerStream: npm http cache deep-extend@https://registry.npmjs.org/deep-extend/-/deep-extend-0.6.0.tgz 0ms (cache hit)
2026-07-17T12:48:11.7277454+00:00 ContainerStream: npm http cache rc@https://registry.npmjs.org/rc/-/rc-1.2.8.tgz 0ms (cache hit)
2026-07-17T12:48:11.7277590+00:00 ContainerStream: npm http cache registry-url@https://registry.npmjs.org/registry-url/-/registry-url-3.1.0.tgz 0ms (cache hit)
2026-07-17T12:48:11.7277666+00:00 ContainerStream: npm http cache registry-auth-token@https://registry.npmjs.org/registry-auth-token/-/registry-auth-token-3.3.2.tgz 1ms (cache hit)
2026-07-17T12:48:11.7277731+00:00 ContainerStream: npm http cache ansi-regex@https://registry.npmjs.org/ansi-regex/-/ansi-regex-6.2.2.tgz 0ms (cache hit)
2026-07-17T12:48:11.7277793+00:00 ContainerStream: npm http cache strip-ansi@https://registry.npmjs.org/strip-ansi/-/strip-ansi-7.2.0.tgz 0ms (cache hit)
2026-07-17T12:48:11.7277856+00:00 ContainerStream: npm http cache emoji-regex@https://registry.npmjs.org/emoji-regex/-/emoji-regex-9.2.2.tgz 0ms (cache hit)
2026-07-17T12:48:11.7277923+00:00 ContainerStream: npm http cache eastasianwidth@https://registry.npmjs.org/eastasianwidth/-/eastasianwidth-0.2.0.tgz 0ms (cache hit)
2026-07-17T12:48:11.7277989+00:00 ContainerStream: npm http cache shebang-regex@https://registry.npmjs.org/shebang-regex/-/shebang-regex-3.0.0.tgz 0ms (cache hit)
2026-07-17T12:48:11.7278050+00:00 ContainerStream: npm http cache concat-map@https://registry.npmjs.org/concat-map/-/concat-map-0.0.1.tgz 0ms (cache hit)
2026-07-17T12:48:11.7278118+00:00 ContainerStream: npm http cache balanced-match@https://registry.npmjs.org/balanced-match/-/balanced-match-1.0.2.tgz 0ms (cache hit)
2026-07-17T12:48:11.7278220+00:00 ContainerStream: npm http cache brace-expansion@https://registry.npmjs.org/brace-expansion/-/brace-expansion-1.1.16.tgz 0ms (cache hit)
2026-07-17T12:48:11.7278284+00:00 ContainerStream: npm http cache range-parser@https://registry.npmjs.org/range-parser/-/range-parser-1.2.0.tgz 0ms (cache hit)
2026-07-17T12:48:11.7278349+00:00 ContainerStream: npm http cache path-to-regexp@https://registry.npmjs.org/path-to-regexp/-/path-to-regexp-3.3.0.tgz 0ms (cache hit)
2026-07-17T12:48:11.7278412+00:00 ContainerStream: npm http cache path-is-inside@https://registry.npmjs.org/path-is-inside/-/path-is-inside-1.0.2.tgz 0ms (cache hit)
2026-07-17T12:48:11.7278475+00:00 ContainerStream: npm http cache minimatch@https://registry.npmjs.org/minimatch/-/minimatch-3.1.5.tgz 0ms (cache hit)
2026-07-17T12:48:11.7278513+00:00 ContainerStream: npm http cache mime-types@https://registry.npmjs.org/mime-types/-/mime-types-2.1.18.tgz 0ms (cache hit)
2026-07-17T12:48:11.7278528+00:00 ContainerStream: npm http cache content-disposition@https://registry.npmjs.org/content-disposition/-/content-disposition-0.5.2.tgz 0ms (cache hit)
2026-07-17T12:48:11.7278543+00:00 ContainerStream: npm http cache mimic-fn@https://registry.npmjs.org/mimic-fn/-/mimic-fn-2.1.0.tgz 0ms (cache hit)
2026-07-17T12:48:11.7278558+00:00 ContainerStream: npm http cache is-docker@https://registry.npmjs.org/is-docker/-/is-docker-2.2.1.tgz 0ms (cache hit)
2026-07-17T12:48:11.7278572+00:00 ContainerStream: npm http cache which@https://registry.npmjs.org/which/-/which-2.0.2.tgz 0ms (cache hit)
2026-07-17T12:48:11.7278608+00:00 ContainerStream: npm http cache shebang-command@https://registry.npmjs.org/shebang-command/-/shebang-command-2.0.0.tgz 0ms (cache hit)
2026-07-17T12:48:11.7278623+00:00 ContainerStream: npm http cache path-key@https://registry.npmjs.org/path-key/-/path-key-3.1.1.tgz 0ms (cache hit)
2026-07-17T12:48:11.7278638+00:00 ContainerStream: npm http cache strip-final-newline@https://registry.npmjs.org/strip-final-newline/-/strip-final-newline-2.0.0.tgz 0ms (cache hit)
2026-07-17T12:48:11.7278653+00:00 ContainerStream: npm http cache signal-exit@https://registry.npmjs.org/signal-exit/-/signal-exit-3.0.7.tgz 0ms (cache hit)
2026-07-17T12:48:11.7278668+00:00 ContainerStream: npm http cache onetime@https://registry.npmjs.org/onetime/-/onetime-5.1.2.tgz 0ms (cache hit)
2026-07-17T12:48:11.7278683+00:00 ContainerStream: npm http cache npm-run-path@https://registry.npmjs.org/npm-run-path/-/npm-run-path-4.0.1.tgz 0ms (cache hit)
2026-07-17T12:48:11.7278698+00:00 ContainerStream: npm http cache merge-stream@https://registry.npmjs.org/merge-stream/-/merge-stream-2.0.0.tgz 0ms (cache hit)
2026-07-17T12:48:11.7278713+00:00 ContainerStream: npm http cache is-stream@https://registry.npmjs.org/is-stream/-/is-stream-2.0.1.tgz 0ms (cache hit)
2026-07-17T12:48:11.7278728+00:00 ContainerStream: npm http cache human-signals@https://registry.npmjs.org/human-signals/-/human-signals-2.1.0.tgz 0ms (cache hit)
2026-07-17T12:48:11.7388845+00:00 ContainerStream: npm http cache get-stream@https://registry.npmjs.org/get-stream/-/get-stream-6.0.1.tgz 0ms (cache hit)
2026-07-17T12:48:11.7388988+00:00 ContainerStream: npm http cache cross-spawn@https://registry.npmjs.org/cross-spawn/-/cross-spawn-7.0.6.tgz 0ms (cache hit)
2026-07-17T12:48:11.7389006+00:00 ContainerStream: npm http cache ms@https://registry.npmjs.org/ms/-/ms-2.0.0.tgz 0ms (cache hit)
2026-07-17T12:48:11.7389022+00:00 ContainerStream: npm http cache mime-db@https://registry.npmjs.org/mime-db/-/mime-db-1.54.0.tgz 0ms (cache hit)
2026-07-17T12:48:11.7389037+00:00 ContainerStream: npm http cache vary@https://registry.npmjs.org/vary/-/vary-1.1.2.tgz 0ms (cache hit)
2026-07-17T12:48:11.7389058+00:00 ContainerStream: npm http cache safe-buffer@https://registry.npmjs.org/safe-buffer/-/safe-buffer-5.2.1.tgz 0ms (cache hit)
2026-07-17T12:48:11.7389074+00:00 ContainerStream: npm http cache on-headers@https://registry.npmjs.org/on-headers/-/on-headers-1.1.0.tgz 0ms (cache hit)
2026-07-17T12:48:11.7389088+00:00 ContainerStream: npm http cache negotiator@https://registry.npmjs.org/negotiator/-/negotiator-0.6.4.tgz 0ms (cache hit)
2026-07-17T12:48:11.7389102+00:00 ContainerStream: npm http cache debug@https://registry.npmjs.org/debug/-/debug-2.6.9.tgz 0ms (cache hit)
2026-07-17T12:48:11.7389120+00:00 ContainerStream: npm http cache compressible@https://registry.npmjs.org/compressible/-/compressible-2.0.18.tgz 0ms (cache hit)
2026-07-17T12:48:11.7389157+00:00 ContainerStream: npm http cache bytes@https://registry.npmjs.org/bytes/-/bytes-3.1.2.tgz 0ms (cache hit)
2026-07-17T12:48:11.7389172+00:00 ContainerStream: npm http cache is-wsl@https://registry.npmjs.org/is-wsl/-/is-wsl-2.2.0.tgz 0ms (cache hit)
2026-07-17T12:48:11.7389186+00:00 ContainerStream: npm http cache execa@https://registry.npmjs.org/execa/-/execa-5.1.1.tgz 0ms (cache hit)
2026-07-17T12:48:11.7389200+00:00 ContainerStream: npm http cache arch@https://registry.npmjs.org/arch/-/arch-2.2.0.tgz 0ms (cache hit)
2026-07-17T12:48:11.7389215+00:00 ContainerStream: npm http cache wrap-ansi@https://registry.npmjs.org/wrap-ansi/-/wrap-ansi-8.1.0.tgz 0ms (cache hit)
2026-07-17T12:48:11.7389230+00:00 ContainerStream: npm http cache widest-line@https://registry.npmjs.org/widest-line/-/widest-line-4.0.1.tgz 0ms (cache hit)
2026-07-17T12:48:11.7389245+00:00 ContainerStream: npm http cache type-fest@https://registry.npmjs.org/type-fest/-/type-fest-2.19.0.tgz 0ms (cache hit)
2026-07-17T12:48:11.7389260+00:00 ContainerStream: npm http cache string-width@https://registry.npmjs.org/string-width/-/string-width-5.1.2.tgz 0ms (cache hit)
2026-07-17T12:48:11.7389275+00:00 ContainerStream: npm http cache cli-boxes@https://registry.npmjs.org/cli-boxes/-/cli-boxes-3.0.0.tgz 0ms (cache hit)
2026-07-17T12:48:11.7389300+00:00 ContainerStream: npm http cache camelcase@https://registry.npmjs.org/camelcase/-/camelcase-7.0.1.tgz 0ms (cache hit)
2026-07-17T12:48:11.7389315+00:00 ContainerStream: npm http cache ansi-align@https://registry.npmjs.org/ansi-align/-/ansi-align-3.0.1.tgz 0ms (cache hit)
2026-07-17T12:48:11.7389331+00:00 ContainerStream: npm http cache require-from-string@https://registry.npmjs.org/require-from-string/-/require-from-string-2.0.2.tgz 0ms (cache hit)
2026-07-17T12:48:11.7565861+00:00 ContainerStream: npm http cache json-schema-traverse@https://registry.npmjs.org/json-schema-traverse/-/json-schema-traverse-1.0.0.tgz 0ms (cache hit)
2026-07-17T12:48:11.7565945+00:00 ContainerStream: npm http cache fast-uri@https://registry.npmjs.org/fast-uri/-/fast-uri-3.1.3.tgz 0ms (cache hit)
2026-07-17T12:48:11.7565964+00:00 ContainerStream: npm http cache fast-deep-equal@https://registry.npmjs.org/fast-deep-equal/-/fast-deep-equal-3.1.3.tgz 0ms (cache hit)
2026-07-17T12:48:11.7565980+00:00 ContainerStream: npm http cache update-check@https://registry.npmjs.org/update-check/-/update-check-1.5.4.tgz 0ms (cache hit)
2026-07-17T12:48:11.7565995+00:00 ContainerStream: npm http cache serve-handler@https://registry.npmjs.org/serve-handler/-/serve-handler-6.1.7.tgz 0ms (cache hit)
2026-07-17T12:48:11.7566015+00:00 ContainerStream: npm http cache is-port-reachable@https://registry.npmjs.org/is-port-reachable/-/is-port-reachable-4.0.0.tgz 0ms (cache hit)
2026-07-17T12:48:11.7566044+00:00 ContainerStream: npm http cache compression@https://registry.npmjs.org/compression/-/compression-1.8.1.tgz 0ms (cache hit)
2026-07-17T12:48:11.7566059+00:00 ContainerStream: npm http cache clipboardy@https://registry.npmjs.org/clipboardy/-/clipboardy-3.0.0.tgz 0ms (cache hit)
2026-07-17T12:48:11.7566074+00:00 ContainerStream: npm http cache chalk-template@https://registry.npmjs.org/chalk-template/-/chalk-template-0.4.0.tgz 0ms (cache hit)
2026-07-17T12:48:11.7566089+00:00 ContainerStream: npm http cache chalk@https://registry.npmjs.org/chalk/-/chalk-5.0.1.tgz 0ms (cache hit)
2026-07-17T12:48:11.7566102+00:00 ContainerStream: npm http cache boxen@https://registry.npmjs.org/boxen/-/boxen-7.0.0.tgz 0ms (cache hit)
2026-07-17T12:48:11.7566117+00:00 ContainerStream: npm http cache arg@https://registry.npmjs.org/arg/-/arg-5.0.2.tgz 0ms (cache hit)
2026-07-17T12:48:11.7566132+00:00 ContainerStream: npm http cache ajv@https://registry.npmjs.org/ajv/-/ajv-8.18.0.tgz 0ms (cache hit)
2026-07-17T12:48:11.7566147+00:00 ContainerStream: npm http cache @zeit/schemas@https://registry.npmjs.org/@zeit/schemas/-/schemas-2.36.0.tgz 0ms (cache hit)
2026-07-17T12:48:11.7566162+00:00 ContainerStream: npm http cache serve@https://registry.npmjs.org/serve/-/serve-14.2.6.tgz 0ms (cache hit)
2026-07-17T12:48:11.7566177+00:00 ContainerStream: npm http cache mime-db@https://registry.npmjs.org/mime-db/-/mime-db-1.33.0.tgz 0ms (cache hit)
2026-07-17T12:48:11.7566206+00:00 ContainerStream: npm http cache ansi-regex@https://registry.npmjs.org/ansi-regex/-/ansi-regex-5.0.1.tgz 0ms (cache hit)
2026-07-17T12:48:11.7573631+00:00 ContainerStream: npm http cache strip-ansi@https://registry.npmjs.org/strip-ansi/-/strip-ansi-6.0.1.tgz 0ms (cache hit)
2026-07-17T12:48:11.7587139+00:00 ContainerStream: npm http cache emoji-regex@https://registry.npmjs.org/emoji-regex/-/emoji-regex-8.0.0.tgz 0ms (cache hit)
2026-07-17T12:48:11.7590997+00:00 ContainerStream: npm http cache string-width@https://registry.npmjs.org/string-width/-/string-width-4.2.3.tgz 0ms (cache hit)
2026-07-17T12:48:11.7594512+00:00 ContainerStream: npm http cache bytes@https://registry.npmjs.org/bytes/-/bytes-3.0.0.tgz 0ms (cache hit)
2026-07-17T12:48:11.7669629+00:00 ContainerStream: npm http cache ansi-styles@https://registry.npmjs.org/ansi-styles/-/ansi-styles-4.3.0.tgz 0ms (cache hit)
2026-07-17T12:48:11.7673098+00:00 ContainerStream: npm http cache chalk@https://registry.npmjs.org/chalk/-/chalk-4.1.2.tgz 0ms (cache hit)
2026-07-17T12:48:12.2578940+00:00 ContainerStream: npm http fetch POST 200 https://registry.npmjs.org/-/npm/v1/security/advisories/bulk 719ms
2026-07-17T12:48:13.6672738+00:00 ContainerStream: npm http fetch GET 200 https://registry.npmjs.org/color-name/-/color-name-1.1.4.tgz 1899ms (cache miss)
2026-07-17T12:48:13.7865696+00:00 ContainerStream: npm http fetch GET 200 https://registry.npmjs.org/strip-ansi/-/strip-ansi-7.2.0.tgz 1992ms (cache miss)
2026-07-17T12:48:13.7877338+00:00 ContainerStream: npm http fetch GET 200 https://registry.npmjs.org/ansi-regex/-/ansi-regex-6.2.2.tgz 2001ms (cache miss)
2026-07-17T12:48:13.7893903+00:00 ContainerStream: npm http fetch GET 200 https://registry.npmjs.org/eastasianwidth/-/eastasianwidth-0.2.0.tgz 2002ms (cache miss)
2026-07-17T12:48:13.8389343+00:00 ContainerStream: npm http fetch GET 200 https://registry.npmjs.org/concat-map/-/concat-map-0.0.1.tgz 2050ms (cache miss)
2026-07-17T12:48:13.8680890+00:00 ContainerStream: npm http fetch GET 200 https://registry.npmjs.org/shebang-regex/-/shebang-regex-3.0.0.tgz 2079ms (cache miss)
2026-07-17T12:48:13.9093931+00:00 ContainerStream: npm http fetch GET 200 https://registry.npmjs.org/balanced-match/-/balanced-match-1.0.2.tgz 2121ms (cache miss)
2026-07-17T12:48:13.9189574+00:00 ContainerStream: npm http fetch GET 200 https://registry.npmjs.org/path-is-inside/-/path-is-inside-1.0.2.tgz 2122ms (cache miss)
2026-07-17T12:48:13.9279643+00:00 ContainerStream: npm http fetch GET 200 https://registry.npmjs.org/path-to-regexp/-/path-to-regexp-3.3.0.tgz 2138ms (cache miss)
2026-07-17T12:48:13.9588161+00:00 ContainerStream: npm http fetch GET 200 https://registry.npmjs.org/has-flag/-/has-flag-4.0.0.tgz 2189ms (cache miss)
2026-07-17T12:48:13.9666961+00:00 ContainerStream: npm http fetch GET 200 https://registry.npmjs.org/is-fullwidth-code-point/-/is-fullwidth-code-point-3.0.0.tgz 2183ms (cache miss)
2026-07-17T12:48:13.9678957+00:00 ContainerStream: npm http fetch GET 200 https://registry.npmjs.org/mimic-fn/-/mimic-fn-2.1.0.tgz 2170ms (cache miss)
2026-07-17T12:48:13.9776560+00:00 ContainerStream: npm http fetch GET 200 https://registry.npmjs.org/content-disposition/-/content-disposition-0.5.2.tgz 2180ms (cache miss)
2026-07-17T12:48:13.9889064+00:00 ContainerStream: npm http fetch GET 200 https://registry.npmjs.org/strip-final-newline/-/strip-final-newline-2.0.0.tgz 2188ms (cache miss)
2026-07-17T12:48:13.9889162+00:00 ContainerStream: npm http fetch GET 200 https://registry.npmjs.org/registry-url/-/registry-url-3.1.0.tgz 2208ms (cache miss)
2026-07-17T12:48:13.9889180+00:00 ContainerStream: npm http fetch GET 200 https://registry.npmjs.org/on-headers/-/on-headers-1.1.0.tgz 2171ms (cache miss)
2026-07-17T12:48:14.0079986+00:00 ContainerStream: npm http fetch GET 200 https://registry.npmjs.org/isexe/-/isexe-2.0.0.tgz 2230ms (cache miss)
2026-07-17T12:48:14.0089095+00:00 ContainerStream: npm http fetch GET 200 https://registry.npmjs.org/is-docker/-/is-docker-2.2.1.tgz 2210ms (cache miss)
2026-07-17T12:48:14.0166476+00:00 ContainerStream: npm http fetch GET 200 https://registry.npmjs.org/which/-/which-2.0.2.tgz 2211ms (cache miss)
2026-07-17T12:48:14.0175314+00:00 ContainerStream: npm http fetch GET 200 https://registry.npmjs.org/shebang-command/-/shebang-command-2.0.0.tgz 2219ms (cache miss)
2026-07-17T12:48:14.0188782+00:00 ContainerStream: npm http fetch GET 200 https://registry.npmjs.org/onetime/-/onetime-5.1.2.tgz 2211ms (cache miss)
2026-07-17T12:48:14.0365657+00:00 ContainerStream: npm http fetch GET 200 https://registry.npmjs.org/npm-run-path/-/npm-run-path-4.0.1.tgz 2219ms (cache miss)
2026-07-17T12:48:14.0365770+00:00 ContainerStream: npm http fetch GET 200 https://registry.npmjs.org/is-stream/-/is-stream-2.0.1.tgz 2219ms (cache miss)
2026-07-17T12:48:14.0365790+00:00 ContainerStream: npm http fetch GET 200 https://registry.npmjs.org/path-key/-/path-key-3.1.1.tgz 2230ms (cache miss)
2026-07-17T12:48:14.0587599+00:00 ContainerStream: npm http fetch GET 200 https://registry.npmjs.org/require-from-string/-/require-from-string-2.0.2.tgz 2200ms (cache miss)
2026-07-17T12:48:14.0690928+00:00 ContainerStream: npm http fetch GET 200 https://registry.npmjs.org/supports-color/-/supports-color-7.2.0.tgz 2292ms (cache miss)
2026-07-17T12:48:14.0776912+00:00 ContainerStream: npm http fetch GET 200 https://registry.npmjs.org/ansi-styles/-/ansi-styles-6.2.3.tgz 2300ms (cache miss)
2026-07-17T12:48:14.0870282+00:00 ContainerStream: npm http fetch GET 200 https://registry.npmjs.org/get-stream/-/get-stream-6.0.1.tgz 2271ms (cache miss)
2026-07-17T12:48:14.0891462+00:00 ContainerStream: npm http fetch GET 200 https://registry.npmjs.org/compressible/-/compressible-2.0.18.tgz 2261ms (cache miss)
2026-07-17T12:48:14.0980180+00:00 ContainerStream: npm http fetch GET 200 https://registry.npmjs.org/string-width/-/string-width-5.1.2.tgz 2260ms (cache miss)
2026-07-17T12:48:14.0980284+00:00 ContainerStream: npm http fetch GET 200 https://registry.npmjs.org/ms/-/ms-2.0.0.tgz 2288ms (cache miss)
2026-07-17T12:48:14.1068373+00:00 ContainerStream: npm http fetch GET 200 https://registry.npmjs.org/arg/-/arg-5.0.2.tgz 2230ms (cache miss)
2026-07-17T12:48:14.1090441+00:00 ContainerStream: npm http fetch GET 200 https://registry.npmjs.org/boxen/-/boxen-7.0.0.tgz 2239ms (cache miss)
2026-07-17T12:48:14.1177124+00:00 ContainerStream: npm http fetch GET 200 https://registry.npmjs.org/range-parser/-/range-parser-1.2.0.tgz 2328ms (cache miss)
2026-07-17T12:48:14.1188277+00:00 ContainerStream: npm http fetch GET 200 https://registry.npmjs.org/ini/-/ini-1.3.8.tgz 2340ms (cache miss)
2026-07-17T12:48:14.1267846+00:00 ContainerStream: npm http fetch GET 200 https://registry.npmjs.org/merge-stream/-/merge-stream-2.0.0.tgz 2318ms (cache miss)
2026-07-17T12:48:14.1276318+00:00 ContainerStream: npm http fetch GET 200 https://registry.npmjs.org/strip-json-comments/-/strip-json-comments-2.0.1.tgz 2350ms (cache miss)
2026-07-17T12:48:14.1285789+00:00 ContainerStream: npm http fetch GET 200 https://registry.npmjs.org/arch/-/arch-2.2.0.tgz 2299ms (cache miss)
2026-07-17T12:48:14.1365841+00:00 ContainerStream: npm http fetch GET 200 https://registry.npmjs.org/wrap-ansi/-/wrap-ansi-8.1.0.tgz 2300ms (cache miss)
2026-07-17T12:48:14.1374185+00:00 ContainerStream: npm http fetch GET 200 https://registry.npmjs.org/widest-line/-/widest-line-4.0.1.tgz 2300ms (cache miss)
2026-07-17T12:48:14.1393650+00:00 ContainerStream: npm http fetch GET 200 https://registry.npmjs.org/is-port-reachable/-/is-port-reachable-4.0.0.tgz 2272ms (cache miss)
2026-07-17T12:48:14.1472352+00:00 ContainerStream: npm http fetch GET 200 https://registry.npmjs.org/cli-boxes/-/cli-boxes-3.0.0.tgz 2309ms (cache miss)
2026-07-17T12:48:14.1485188+00:00 ContainerStream: npm http fetch GET 200 https://registry.npmjs.org/chalk-template/-/chalk-template-0.4.0.tgz 2280ms (cache miss)
2026-07-17T12:48:14.1568064+00:00 ContainerStream: npm http fetch GET 200 https://registry.npmjs.org/mime-types/-/mime-types-2.1.18.tgz 2359ms (cache miss)
2026-07-17T12:48:14.1582354+00:00 ContainerStream: npm http fetch GET 200 https://registry.npmjs.org/deep-extend/-/deep-extend-0.6.0.tgz 2379ms (cache miss)
2026-07-17T12:48:14.1587081+00:00 ContainerStream: npm http fetch GET 200 https://registry.npmjs.org/chalk/-/chalk-4.1.2.tgz 2279ms (cache miss)
2026-07-17T12:48:14.1593728+00:00 ContainerStream: npm http fetch GET 200 https://registry.npmjs.org/is-wsl/-/is-wsl-2.2.0.tgz 2331ms (cache miss)
2026-07-17T12:48:14.1677443+00:00 ContainerStream: npm http fetch GET 200 https://registry.npmjs.org/fast-deep-equal/-/fast-deep-equal-3.1.3.tgz 2301ms (cache miss)
2026-07-17T12:48:14.1686519+00:00 ContainerStream: npm http fetch GET 200 https://registry.npmjs.org/camelcase/-/camelcase-7.0.1.tgz 2330ms (cache miss)
2026-07-17T12:48:14.1691055+00:00 ContainerStream: npm http fetch GET 200 https://registry.npmjs.org/ansi-align/-/ansi-align-3.0.1.tgz 2330ms (cache miss)
2026-07-17T12:48:14.1772802+00:00 ContainerStream: npm http fetch GET 200 https://registry.npmjs.org/ansi-regex/-/ansi-regex-5.0.1.tgz 2300ms (cache miss)
2026-07-17T12:48:14.1788939+00:00 ContainerStream: npm http fetch GET 200 https://registry.npmjs.org/color-convert/-/color-convert-2.0.1.tgz 2410ms (cache miss)
2026-07-17T12:48:14.2065795+00:00 ContainerStream: npm http fetch GET 200 https://registry.npmjs.org/strip-ansi/-/strip-ansi-6.0.1.tgz 2321ms (cache miss)
2026-07-17T12:48:14.2077422+00:00 ContainerStream: npm http fetch GET 200 https://registry.npmjs.org/emoji-regex/-/emoji-regex-9.2.2.tgz 2420ms (cache miss)
2026-07-17T12:48:14.2084361+00:00 ContainerStream: npm http fetch GET 200 https://registry.npmjs.org/signal-exit/-/signal-exit-3.0.7.tgz 2409ms (cache miss)
2026-07-17T12:48:14.2090317+00:00 ContainerStream: npm http fetch GET 200 https://registry.npmjs.org/negotiator/-/negotiator-0.6.4.tgz 2381ms (cache miss)
2026-07-17T12:48:14.2184450+00:00 ContainerStream: npm http fetch GET 200 https://registry.npmjs.org/emoji-regex/-/emoji-regex-8.0.0.tgz 2340ms (cache miss)
2026-07-17T12:48:14.2192960+00:00 ContainerStream: npm http fetch GET 200 https://registry.npmjs.org/rc/-/rc-1.2.8.tgz 2440ms (cache miss)
2026-07-17T12:48:14.2291554+00:00 ContainerStream: npm http fetch GET 200 https://registry.npmjs.org/bytes/-/bytes-3.0.0.tgz 2350ms (cache miss)
2026-07-17T12:48:14.2370843+00:00 ContainerStream: npm http fetch GET 200 https://registry.npmjs.org/minimatch/-/minimatch-3.1.5.tgz 2440ms (cache miss)
2026-07-17T12:48:14.2389023+00:00 ContainerStream: npm http fetch GET 200 https://registry.npmjs.org/json-schema-traverse/-/json-schema-traverse-1.0.0.tgz 2380ms (cache miss)
2026-07-17T12:48:14.2395431+00:00 ContainerStream: npm http fetch GET 200 https://registry.npmjs.org/update-check/-/update-check-1.5.4.tgz 2372ms (cache miss)
2026-07-17T12:48:14.2477708+00:00 ContainerStream: npm http fetch GET 200 https://registry.npmjs.org/ansi-styles/-/ansi-styles-4.3.0.tgz 2368ms (cache miss)
2026-07-17T12:48:14.2483742+00:00 ContainerStream: npm http fetch GET 200 https://registry.npmjs.org/string-width/-/string-width-4.2.3.tgz 2370ms (cache miss)
2026-07-17T12:48:14.2593464+00:00 ContainerStream: npm http fetch GET 200 https://registry.npmjs.org/compression/-/compression-1.8.1.tgz 2391ms (cache miss)
2026-07-17T12:48:14.2681089+00:00 ContainerStream: npm http fetch GET 200 https://registry.npmjs.org/cross-spawn/-/cross-spawn-7.0.6.tgz 2458ms (cache miss)
2026-07-17T12:48:14.2885627+00:00 ContainerStream: npm http fetch GET 200 https://registry.npmjs.org/serve/-/serve-14.2.6.tgz 2411ms (cache miss)
2026-07-17T12:48:14.3772287+00:00 ContainerStream: npm http fetch GET 200 https://registry.npmjs.org/@zeit/schemas/-/schemas-2.36.0.tgz 2501ms (cache miss)
2026-07-17T12:48:14.3876936+00:00 ContainerStream: npm http fetch GET 200 https://registry.npmjs.org/serve-handler/-/serve-handler-6.1.7.tgz 2520ms (cache miss)
2026-07-17T12:48:14.4279390+00:00 ContainerStream: npm http fetch GET 200 https://registry.npmjs.org/human-signals/-/human-signals-2.1.0.tgz 2619ms (cache miss)
2026-07-17T12:48:14.4888961+00:00 ContainerStream: npm http fetch GET 200 https://registry.npmjs.org/mime-db/-/mime-db-1.33.0.tgz 2611ms (cache miss)
2026-07-17T12:48:14.5091434+00:00 ContainerStream: npm http fetch GET 200 https://registry.npmjs.org/debug/-/debug-2.6.9.tgz 2682ms (cache miss)
2026-07-17T12:48:14.5169399+00:00 ContainerStream: npm http fetch GET 200 https://registry.npmjs.org/registry-auth-token/-/registry-auth-token-3.3.2.tgz 2730ms (cache miss)
2026-07-17T12:48:14.5374269+00:00 ContainerStream: npm http fetch GET 200 https://registry.npmjs.org/execa/-/execa-5.1.1.tgz 2709ms (cache miss)
2026-07-17T12:48:14.5562010+00:00 ContainerStream: npm http fetch GET 200 https://registry.npmjs.org/chalk/-/chalk-5.0.1.tgz 2678ms (cache miss)
2026-07-17T12:48:14.5986137+00:00 ContainerStream: npm http fetch GET 200 https://registry.npmjs.org/minimist/-/minimist-1.2.8.tgz 2820ms (cache miss)
2026-07-17T12:48:14.6168776+00:00 ContainerStream: npm http fetch GET 200 https://registry.npmjs.org/brace-expansion/-/brace-expansion-1.1.16.tgz 2828ms (cache miss)
2026-07-17T12:48:14.6378619+00:00 ContainerStream: npm http fetch GET 200 https://registry.npmjs.org/fast-uri/-/fast-uri-3.1.3.tgz 2778ms (cache miss)
2026-07-17T12:48:14.7184360+00:00 ContainerStream: npm http fetch GET 200 https://registry.npmjs.org/clipboardy/-/clipboardy-3.0.0.tgz 2850ms (cache miss)
2026-07-17T12:48:14.7891509+00:00 ContainerStream: npm http fetch GET 200 https://registry.npmjs.org/type-fest/-/type-fest-2.19.0.tgz 2950ms (cache miss)
2026-07-17T12:48:15.2984031+00:00 ContainerStream: npm http fetch GET 200 https://registry.npmjs.org/ajv/-/ajv-8.18.0.tgz 3422ms (cache miss)
2026-07-17T12:48:16.7757973+00:00 ContainerStream:  ERROR  Could not parse /home/site/wwwroot/package.json as JSON: Unexpected token '﻿', "﻿{
2026-07-17T12:48:16.7758579+00:00 ContainerStream:   "name"... is not valid JSON
2026-07-17T12:48:16.8067984+00:00 ContainerStream: npm notice
2026-07-17T12:48:16.8068318+00:00 ContainerStream: npm notice New major version of npm available! 10.9.2 -> 12.0.1
2026-07-17T12:48:16.8068397+00:00 ContainerStream: npm notice Changelog: https://github.com/npm/cli/releases/tag/v12.0.1
2026-07-17T12:48:16.8068414+00:00 ContainerStream: npm notice To update run: npm install -g npm@12.0.1
2026-07-17T12:48:16.8068428+00:00 ContainerStream: npm notice
2026-07-17T12:48:16.9044925+00:00 ContainerStatus: Container has finished running with exit code: 1.
2026-07-17T12:48:16.9053050+00:00 ContainerStatus: Container is terminating. Grace period: 5 seconds.
2026-07-17T12:48:16.9064173+00:00 ContainerStatus: Stop and delete container. Retry count = 0
2026-07-17T12:48:16.9068957+00:00 ContainerStatus: Stopping container: 872a59cb4a95_babitk-app.
2026-07-17T12:48:16.9676178+00:00 ContainerStatus: Deleting container: 872a59cb4a95_babitk-app. Retry count = 0
2026-07-17T12:48:17.3849259+00:00 ContainerStatus: Container spec TerminationMessagePolicy  path 
2026-07-17T12:48:17.3851689+00:00 ContainerStatus: Container is terminated. Total time elapsed: 479 ms.
2026-07-17T12:48:17.3857879+00:00 ContainerStatus: Site container: babitk-app terminated during site startup.
2026-07-17T12:48:17.5574004+00:00 ContainerStatus: State: Stopping, Action: CancellingStartup, LastError: ContainerTimeout, LastErrorTimestamp: 07/17/2026 12:46:29, LastErrorDetails: Container did not start within expected time limit of 230s. Please inspect your container logs for more details., Details: Site container: babitk-app terminated during site startup. Cancelling site startup., DetailsLevel: ERR
2026-07-17T12:48:17.6100222+00:00 ContainerStatus: Site startup probe failed after 32.601357 seconds.
2026-07-17T12:48:17.7181798+00:00 ContainerStatus: State: Stopping, Action: CancellingStartup, LastError: ContainerTimeout, LastErrorTimestamp: 07/17/2026 12:48:17, LastErrorDetails: Container did not start within expected time limit of 230s. Please inspect your container logs for more details., Details: Site container: babitk-app terminated during site startup. Cancelling site startup., DetailsLevel: ERR
2026-07-17T12:48:17.7190037+00:00 ContainerStatus: Failed to start site. Revert by stopping site.
2026-07-17T12:48:17.7191884+00:00 ContainerStatus: State: Stopping, Action: StoppingSite, LastError: ContainerTimeout, LastErrorTimestamp: 07/17/2026 12:48:17, LastErrorDetails: Container did not start within expected time limit of 230s. Please inspect your container logs for more details., Details: Site container: babitk-app terminated during site startup. Cancelling site startup., DetailsLevel: ERR
2026-07-17T12:48:17.7193753+00:00 ContainerStatus: State: Stopping, Action: StoppingSiteContainers, LastError: ContainerTimeout, LastErrorTimestamp: 07/17/2026 12:48:17, LastErrorDetails: Container did not start within expected time limit of 230s. Please inspect your container logs for more details., Details: Site container: babitk-app terminated during site startup. Cancelling site startup., DetailsLevel: ERR
2026-07-17T12:48:17.7193892+00:00 ContainerStatus: Site: babitk-app stopped.
========== New Cold Start Attempt (2026-07-17T13:48:53.3308594+00:00) ==========
2026-07-17T13:48:53.3308594+00:00 ContainerStatus: State: Stopping, Action: StoppingSiteContainers, LastError: ContainerTimeout, LastErrorTimestamp: 07/17/2026 12:48:17, LastErrorDetails: Container did not start within expected time limit of 230s. Please inspect your container logs for more details., Details: Site started at 07/17/2026 13:15:32 (UTC), DetailsLevel: INFO
2026-07-17T13:48:53.3377110+00:00 ContainerStatus: Container is terminating. Grace period: 5 seconds.
2026-07-17T13:48:53.3673094+00:00 ContainerStatus: Stop and delete container. Retry count = 0
2026-07-17T13:48:53.3685755+00:00 ContainerStatus: Stopping container: a3696bceea60_babitk-app.
2026-07-17T13:48:58.5008337+00:00 ContainerStatus: Deleting container: a3696bceea60_babitk-app. Retry count = 0
2026-07-17T13:48:58.7133921+00:00 ContainerStatus: Container spec TerminationMessagePolicy  path 
2026-07-17T13:48:58.7138868+00:00 ContainerStatus: Container is terminated. Total time elapsed: 5374 ms.
2026-07-17T13:48:58.7223666+00:00 ContainerStatus: Site: babitk-app stopped.
2026-07-17T13:48:59.6753495+00:00 ContainerStatus: State: Starting, Action: EstablishingSiteNetworks, LastError: , LastErrorTimestamp: 01/01/0001 00:00:00, LastErrorDetails: , Details: , DetailsLevel: INFO
2026-07-17T13:49:01.5598835+00:00 ContainerStatus: State: Starting, Action: StartingSiteContainers, LastError: , LastErrorTimestamp: 01/01/0001 00:00:00, LastErrorDetails: , Details: , DetailsLevel: INFO
2026-07-17T13:49:01.5619360+00:00 ContainerStatus: Container start method called.
2026-07-17T13:49:01.5620933+00:00 ContainerStatus: State: Starting, Action: PullingImage, LastError: , LastErrorTimestamp: 01/01/0001 00:00:00, LastErrorDetails: , Details: Pulling image 10.1.0.6:13209/appsvc/node:22-lts_20260504.4.tuxprod for babitk-app., DetailsLevel: INFO
2026-07-17T13:49:01.5705133+00:00 ContainerStatus: Establishing network.
2026-07-17T13:49:01.5806785+00:00 ContainerStatus: Pulling image: appsvc/node:22-lts_20260504.4.tuxprod.
2026-07-17T13:49:01.9129107+00:00 ContainerStatus: Container is starting.
2026-07-17T13:49:01.9202166+00:00 ContainerStatus: State: Starting, Action: MountingVolumes, LastError: , LastErrorTimestamp: 01/01/0001 00:00:00, LastErrorDetails: , Details: Mounting volumes for babitk-app., DetailsLevel: INFO
2026-07-17T13:49:01.9206159+00:00 ContainerStatus: Establishing user namespace if not established already.
2026-07-17T13:49:01.9207099+00:00 ContainerStatus: Establishing network if not established already.
2026-07-17T13:49:01.9207760+00:00 ContainerStatus: Mounting volumes.
2026-07-17T13:49:01.9308043+00:00 ContainerStatus: Nested mountpoint 
2026-07-17T13:49:02.0002430+00:00 ContainerStatus: Nested mountpoint volatile/logs
2026-07-17T13:49:02.0206931+00:00 ContainerStatus: Nested mountpoint 
2026-07-17T13:49:02.0295611+00:00 ContainerStatus: Nested mountpoint 
2026-07-17T13:49:02.2007129+00:00 ContainerStatus: Nested mountpoint 
2026-07-17T13:49:02.3792176+00:00 ContainerStatus: Nested mountpoint 
2026-07-17T13:49:02.6582386+00:00 ContainerStatus: State: Starting, Action: CreatingContainer, LastError: , LastErrorTimestamp: 01/01/0001 00:00:00, LastErrorDetails: , Details: Finished pulling container image and mounting volumes for babitk-app. Allocatinng the rest of the container resources to finish container creation., DetailsLevel: INFO
2026-07-17T13:49:02.6589832+00:00 ContainerStatus: Creating container.
2026-07-17T13:49:02.6591439+00:00 ContainerStatus: Creating pipes for streaming container io.
2026-07-17T13:49:02.6592112+00:00 ContainerStatus: Creating stdout named pipe at /podr/container/pipe/5a1e6e071cfc_babitk-app/stdout_2a556dbf51ad476f81bdf454f4787de7.
2026-07-17T13:49:02.6605767+00:00 ContainerStatus: Successfully created stdout named pipe at: /podr/container/pipe/5a1e6e071cfc_babitk-app/stdout_2a556dbf51ad476f81bdf454f4787de7.
2026-07-17T13:49:02.6697307+00:00 ContainerStatus: Opening named pipe /podr/container/pipe/5a1e6e071cfc_babitk-app/stdout_2a556dbf51ad476f81bdf454f4787de7 for reading in non-blocking mode.
2026-07-17T13:49:02.6785353+00:00 ContainerStatus: Successfully opened named pipe: /podr/container/pipe/5a1e6e071cfc_babitk-app/stdout_2a556dbf51ad476f81bdf454f4787de7.
2026-07-17T13:49:02.6787975+00:00 ContainerStatus: Successfully removed non-blocking flag from /podr/container/pipe/5a1e6e071cfc_babitk-app/stdout_2a556dbf51ad476f81bdf454f4787de7.
2026-07-17T13:49:02.6798741+00:00 ContainerStatus: Creating stderr named pipe at /podr/container/pipe/5a1e6e071cfc_babitk-app/stderr_f7e7bf115e4a493fa8a79d96adacabad.
2026-07-17T13:49:02.6879360+00:00 ContainerStatus: Successfully created stderr named pipe at: /podr/container/pipe/5a1e6e071cfc_babitk-app/stderr_f7e7bf115e4a493fa8a79d96adacabad.
2026-07-17T13:49:02.6881199+00:00 ContainerStatus: Opening named pipe /podr/container/pipe/5a1e6e071cfc_babitk-app/stderr_f7e7bf115e4a493fa8a79d96adacabad for reading in non-blocking mode.
2026-07-17T13:49:02.6885115+00:00 ContainerStatus: Successfully opened named pipe: /podr/container/pipe/5a1e6e071cfc_babitk-app/stderr_f7e7bf115e4a493fa8a79d96adacabad.
2026-07-17T13:49:02.6887026+00:00 ContainerStatus: Successfully removed non-blocking flag from /podr/container/pipe/5a1e6e071cfc_babitk-app/stderr_f7e7bf115e4a493fa8a79d96adacabad.
2026-07-17T13:49:02.6888525+00:00 ContainerStatus: Creating container with image: appsvc/node:22-lts_20260504.4.tuxprod from registry: 10.1.0.6:13209 and fully qualified image name: 10.1.0.6:13209/appsvc/node:22-lts_20260504.4.tuxprod
2026-07-17T13:49:04.1842942+00:00 ContainerStatus: Starting container: 5a1e6e071cfc_babitk-app.
2026-07-17T13:49:04.2473892+00:00 ContainerStatus: Starting watchers and probes.
2026-07-17T13:49:04.2487047+00:00 ContainerStatus: Starting metrics collection.
2026-07-17T13:49:04.2566959+00:00 ContainerStatus: Container is running.
2026-07-17T13:49:04.2573120+00:00 ContainerStatus: State: Starting, Action: CreatingContainer, LastError: , LastErrorTimestamp: 01/01/0001 00:00:00, LastErrorDetails: , Details: Container babitk-app successfully created and is running., DetailsLevel: INFO
2026-07-17T13:49:04.4906737+00:00 ContainerStatus: Container start method finished after 2928 ms.
2026-07-17T13:49:04.4991237+00:00 ContainerStatus: State: Starting, Action: InitiatingSiteWarmUpProbe, LastError: , LastErrorTimestamp: 01/01/0001 00:00:00, LastErrorDetails: , Details: Container babitk-app successfully created and is running., DetailsLevel: INFO
2026-07-17T13:49:04.4992193+00:00 ContainerStatus: State: Starting, Action: WaitingForSiteWarmUpProbeSuccess, LastError: , LastErrorTimestamp: 01/01/0001 00:00:00, LastErrorDetails: , Details: Pinging warmup path to ensure container is ready to receive requests., DetailsLevel: INFO
2026-07-17T13:49:04.7288795+00:00 ContainerStream:    _____                               
2026-07-17T13:49:04.7290325+00:00 ContainerStream:   /  _  \ __________ _________   ____  
2026-07-17T13:49:04.7290356+00:00 ContainerStream:  /  /_\  \\___   /  |  \_  __ \_/ __ \ 
2026-07-17T13:49:04.7290378+00:00 ContainerStream: /    |    \/    /|  |  /|  | \/\  ___/ 
2026-07-17T13:49:04.7290396+00:00 ContainerStream: \____|__  /_____ \____/ |__|    \___  >
2026-07-17T13:49:04.7290466+00:00 ContainerStream:         \/      \/                  \/ 
2026-07-17T13:49:04.7290484+00:00 ContainerStream: A P P   S E R V I C E   O N   L I N U X
2026-07-17T13:49:04.7290499+00:00 ContainerStream: 
2026-07-17T13:49:04.7290521+00:00 ContainerStream: Documentation    : http://aka.ms/webapp-linux
2026-07-17T13:49:04.7290541+00:00 ContainerStream: NodeJS quickstart: https://aka.ms/node-qs
2026-07-17T13:49:04.7290560+00:00 ContainerStream: NodeJS Version   : v22.22.2
2026-07-17T13:49:04.7290589+00:00 ContainerStream: Instance Name    : lw1sdlwk0000OJ
2026-07-17T13:49:04.7290611+00:00 ContainerStream: Instance Id      : e853b0d521c13ae8cb31bbb09a3a1872c5b2865061d0d453c8b371a72b35cb7a
2026-07-17T13:49:04.7290627+00:00 ContainerStream: 
2026-07-17T13:49:04.7290645+00:00 ContainerStream: Note: Any data outside '/home' is not persisted
2026-07-17T13:49:05.9983638+00:00 ContainerStatus: Site startup probe failed after 1.4798165 seconds.
2026-07-17T13:49:07.0048868+00:00 ContainerStatus: State: Starting, Action: WaitingForSiteWarmUpProbeSuccess, LastError: ContainerTimeout, LastErrorTimestamp: 07/17/2026 13:49:07, LastErrorDetails: Container did not start within expected time limit of 600s. Please inspect your container logs for more details., Details: Pinging warmup path to ensure container is ready to receive requests., DetailsLevel: ERR
2026-07-17T13:49:07.0144278+00:00 ContainerStatus: Failed to start site. Revert by stopping site.
2026-07-17T13:49:07.0236682+00:00 ContainerStatus: State: Stopping, Action: StoppingSite, LastError: ContainerTimeout, LastErrorTimestamp: 07/17/2026 13:49:07, LastErrorDetails: Container did not start within expected time limit of 600s. Please inspect your container logs for more details., Details: Pinging warmup path to ensure container is ready to receive requests., DetailsLevel: ERR
2026-07-17T13:49:07.0239702+00:00 ContainerStatus: State: Stopping, Action: StoppingSiteContainers, LastError: ContainerTimeout, LastErrorTimestamp: 07/17/2026 13:49:07, LastErrorDetails: Container did not start within expected time limit of 600s. Please inspect your container logs for more details., Details: Pinging warmup path to ensure container is ready to receive requests., DetailsLevel: ERR
2026-07-17T13:49:07.0240406+00:00 ContainerStatus: Container is terminating. Grace period: 5 seconds.
2026-07-17T13:49:07.0526895+00:00 ContainerStatus: Stop and delete container. Retry count = 0
2026-07-17T13:49:07.0527831+00:00 ContainerStatus: Stopping container: 5a1e6e071cfc_babitk-app.
2026-07-17T13:49:10.5344400+00:00 ContainerStream: Starting OpenBSD Secure Shell server: sshd.
2026-07-17T13:49:10.5945241+00:00 ContainerStream: WEBSITES_INCLUDE_CLOUD_CERTS is not set to true.
2026-07-17T13:49:10.8840103+00:00 ContainerStream: Updating certificates in /etc/ssl/certs...
2026-07-17T13:49:14.3938353+00:00 ContainerStatus: Deleting container: 5a1e6e071cfc_babitk-app. Retry count = 0
2026-07-17T13:49:14.9892584+00:00 ContainerStatus: Container spec TerminationMessagePolicy  path 
2026-07-17T13:49:14.9893949+00:00 ContainerStatus: Container is terminated. Total time elapsed: 7965 ms.
2026-07-17T13:49:14.9895386+00:00 ContainerStatus: Site container: babitk-app terminated during site startup.
2026-07-17T13:49:14.9896332+00:00 ContainerStatus: State: Stopping, Action: CancellingStartup, LastError: ContainerTimeout, LastErrorTimestamp: 07/17/2026 13:49:07, LastErrorDetails: Container did not start within expected time limit of 600s. Please inspect your container logs for more details., Details: Site container: babitk-app terminated during site startup. Cancelling site startup., DetailsLevel: ERR
2026-07-17T13:49:14.9898318+00:00 ContainerStatus: Site: babitk-app stopped.
========== New Cold Start Attempt (2026-07-17T14:11:37.3833503+00:00) ==========
2026-07-17T14:11:37.3833503+00:00 ContainerStatus: State: Stopping, Action: StoppingSiteContainers, LastError: ContainerTimeout, LastErrorTimestamp: 07/17/2026 13:49:07, LastErrorDetails: Container did not start within expected time limit of 600s. Please inspect your container logs for more details., Details: Site started at 07/17/2026 14:02:18 (UTC), DetailsLevel: INFO
2026-07-17T14:11:37.3843326+00:00 ContainerStatus: Container is terminating. Grace period: 5 seconds.
2026-07-17T14:11:37.4158583+00:00 ContainerStatus: Stop and delete container. Retry count = 0
2026-07-17T14:11:37.4194054+00:00 ContainerStatus: Stopping container: 8fd9ffbabba6_babitk-app.
2026-07-17T14:11:43.6079616+00:00 ContainerStatus: Deleting container: 8fd9ffbabba6_babitk-app. Retry count = 0
2026-07-17T14:11:44.2619071+00:00 ContainerStatus: Container spec TerminationMessagePolicy  path 
2026-07-17T14:11:44.2925859+00:00 ContainerStatus: Container is terminated. Total time elapsed: 6906 ms.
2026-07-17T14:11:44.2933213+00:00 ContainerStatus: Site: babitk-app stopped.
2026-07-17T14:11:45.6375561+00:00 ContainerStatus: State: Starting, Action: EstablishingSiteNetworks, LastError: , LastErrorTimestamp: 01/01/0001 00:00:00, LastErrorDetails: , Details: , DetailsLevel: INFO
2026-07-17T14:11:46.8255627+00:00 ContainerStatus: State: Starting, Action: EstablishingSiteNetworks, LastError: VNETFailure, LastErrorTimestamp: 07/17/2026 14:11:46, LastErrorDetails: There was an issue setting up VNet., Details: , DetailsLevel: ERR
2026-07-17T14:11:46.8582579+00:00 ContainerStatus: Failed to start site. Revert by stopping site.
2026-07-17T14:11:46.8880136+00:00 ContainerStatus: State: Stopping, Action: StoppingSite, LastError: VNETFailure, LastErrorTimestamp: 07/17/2026 14:11:46, LastErrorDetails: There was an issue setting up VNet., Details: , DetailsLevel: ERR
2026-07-17T14:11:46.8881841+00:00 ContainerStatus: State: Stopping, Action: StoppingSiteContainers, LastError: VNETFailure, LastErrorTimestamp: 07/17/2026 14:11:46, LastErrorDetails: There was an issue setting up VNet., Details: , DetailsLevel: ERR
2026-07-17T14:11:46.8881969+00:00 ContainerStatus: Site: babitk-app stopped.
