2026-07-17T12:50:36.6812465+00:00 ContainerStatus: State: Starting, Action: EstablishingSiteNetworks, LastError: ContainerTimeout, LastErrorTimestamp: 07/17/2026 12:48:17, LastErrorDetails: Container did not start within expected time limit of 230s. Please inspect your container logs for more details., Details: Site is blocked due to multiple, consecutive cold start failures. Site scheduled to be unblocked at 07/17/2026 12:49:18, DetailsLevel: WARN
2026-07-17T12:50:38.1097156+00:00 ContainerStatus: State: Starting, Action: StartingSiteContainers, LastError: ContainerTimeout, LastErrorTimestamp: 07/17/2026 12:48:17, LastErrorDetails: Container did not start within expected time limit of 230s. Please inspect your container logs for more details., Details: Site is blocked due to multiple, consecutive cold start failures. Site scheduled to be unblocked at 07/17/2026 12:49:18, DetailsLevel: WARN
2026-07-17T12:50:38.1100104+00:00 ContainerStatus: Container start method called.
2026-07-17T12:50:38.1103125+00:00 ContainerStatus: State: Starting, Action: PullingImage, LastError: ContainerTimeout, LastErrorTimestamp: 07/17/2026 12:48:17, LastErrorDetails: Container did not start within expected time limit of 230s. Please inspect your container logs for more details., Details: Pulling image 10.1.0.6:13209/appsvc/node:22-lts_20260504.4.tuxprod for babitk-app., DetailsLevel: INFO
2026-07-17T12:50:38.1105537+00:00 ContainerStatus: Establishing network.
2026-07-17T12:50:38.1108799+00:00 ContainerStatus: Pulling image: appsvc/node:22-lts_20260504.4.tuxprod.
2026-07-17T12:50:38.3248076+00:00 ContainerStatus: Container is starting.
2026-07-17T12:50:38.3248938+00:00 ContainerStatus: State: Starting, Action: MountingVolumes, LastError: ContainerTimeout, LastErrorTimestamp: 07/17/2026 12:48:17, LastErrorDetails: Container did not start within expected time limit of 230s. Please inspect your container logs for more details., Details: Mounting volumes for babitk-app., DetailsLevel: INFO
2026-07-17T12:50:38.3249677+00:00 ContainerStatus: Establishing user namespace if not established already.
2026-07-17T12:50:38.3250442+00:00 ContainerStatus: Establishing network if not established already.
2026-07-17T12:50:38.3251702+00:00 ContainerStatus: Mounting volumes.
2026-07-17T12:50:38.3253816+00:00 ContainerStatus: Nested mountpoint 
2026-07-17T12:50:38.3664995+00:00 ContainerStatus: Nested mountpoint volatile/logs
2026-07-17T12:50:38.3945681+00:00 ContainerStatus: Nested mountpoint 
2026-07-17T12:50:38.4046296+00:00 ContainerStatus: Nested mountpoint 
2026-07-17T12:50:38.4361013+00:00 ContainerStatus: Nested mountpoint 
2026-07-17T12:50:38.5146751+00:00 ContainerStatus: Nested mountpoint 
2026-07-17T12:50:38.7291900+00:00 ContainerStatus: State: Starting, Action: CreatingContainer, LastError: ContainerTimeout, LastErrorTimestamp: 07/17/2026 12:48:17, LastErrorDetails: Container did not start within expected time limit of 230s. Please inspect your container logs for more details., Details: Finished pulling container image and mounting volumes for babitk-app. Allocatinng the rest of the container resources to finish container creation., DetailsLevel: INFO
2026-07-17T12:50:38.7294062+00:00 ContainerStatus: Creating container.
2026-07-17T12:50:38.7300858+00:00 ContainerStatus: Creating pipes for streaming container io.
2026-07-17T12:50:38.7372084+00:00 ContainerStatus: Creating stdout named pipe at /podr/container/pipe/925929651b03_babitk-app/stdout_9184ba9adc33408ea3836801f994c984.
2026-07-17T12:50:38.7376046+00:00 ContainerStatus: Successfully created stdout named pipe at: /podr/container/pipe/925929651b03_babitk-app/stdout_9184ba9adc33408ea3836801f994c984.
2026-07-17T12:50:38.7377525+00:00 ContainerStatus: Opening named pipe /podr/container/pipe/925929651b03_babitk-app/stdout_9184ba9adc33408ea3836801f994c984 for reading in non-blocking mode.
2026-07-17T12:50:38.7378471+00:00 ContainerStatus: Successfully opened named pipe: /podr/container/pipe/925929651b03_babitk-app/stdout_9184ba9adc33408ea3836801f994c984.
2026-07-17T12:50:38.7379248+00:00 ContainerStatus: Successfully removed non-blocking flag from /podr/container/pipe/925929651b03_babitk-app/stdout_9184ba9adc33408ea3836801f994c984.
2026-07-17T12:50:38.7380387+00:00 ContainerStatus: Creating stderr named pipe at /podr/container/pipe/925929651b03_babitk-app/stderr_ef594e4d552241a5904b5460797296ff.
2026-07-17T12:50:38.7381370+00:00 ContainerStatus: Successfully created stderr named pipe at: /podr/container/pipe/925929651b03_babitk-app/stderr_ef594e4d552241a5904b5460797296ff.
2026-07-17T12:50:38.7382087+00:00 ContainerStatus: Opening named pipe /podr/container/pipe/925929651b03_babitk-app/stderr_ef594e4d552241a5904b5460797296ff for reading in non-blocking mode.
2026-07-17T12:50:38.7383677+00:00 ContainerStatus: Successfully opened named pipe: /podr/container/pipe/925929651b03_babitk-app/stderr_ef594e4d552241a5904b5460797296ff.
2026-07-17T12:50:38.7385342+00:00 ContainerStatus: Successfully removed non-blocking flag from /podr/container/pipe/925929651b03_babitk-app/stderr_ef594e4d552241a5904b5460797296ff.
2026-07-17T12:50:38.7386938+00:00 ContainerStatus: Creating container with image: appsvc/node:22-lts_20260504.4.tuxprod from registry: 10.1.0.6:13209 and fully qualified image name: 10.1.0.6:13209/appsvc/node:22-lts_20260504.4.tuxprod
2026-07-17T12:50:39.2065845+00:00 ContainerStatus: Starting container: 925929651b03_babitk-app.
2026-07-17T12:50:39.2435844+00:00 ContainerStatus: Starting watchers and probes.
2026-07-17T12:50:39.2439167+00:00 ContainerStatus: Starting metrics collection.
2026-07-17T12:50:39.2528301+00:00 ContainerStatus: Container is running.
2026-07-17T12:50:39.2535299+00:00 ContainerStatus: State: Starting, Action: CreatingContainer, LastError: ContainerTimeout, LastErrorTimestamp: 07/17/2026 12:48:17, LastErrorDetails: Container did not start within expected time limit of 230s. Please inspect your container logs for more details., Details: Container babitk-app successfully created and is running., DetailsLevel: INFO
2026-07-17T12:50:39.3242640+00:00 ContainerStatus: Container start method finished after 1214 ms.
2026-07-17T12:50:39.3528771+00:00 ContainerStatus: State: Starting, Action: InitiatingSiteWarmUpProbe, LastError: ContainerTimeout, LastErrorTimestamp: 07/17/2026 12:48:17, LastErrorDetails: Container did not start within expected time limit of 230s. Please inspect your container logs for more details., Details: Container babitk-app successfully created and is running., DetailsLevel: INFO
2026-07-17T12:50:39.3530486+00:00 ContainerStatus: State: Starting, Action: WaitingForSiteWarmUpProbeSuccess, LastError: ContainerTimeout, LastErrorTimestamp: 07/17/2026 12:48:17, LastErrorDetails: Container did not start within expected time limit of 230s. Please inspect your container logs for more details., Details: Pinging warmup path to ensure container is ready to receive requests., DetailsLevel: INFO
2026-07-17T12:50:39.4931285+00:00 ContainerStream:    _____                               
2026-07-17T12:50:39.4932697+00:00 ContainerStream:   /  _  \ __________ _________   ____  
2026-07-17T12:50:39.4932727+00:00 ContainerStream:  /  /_\  \\___   /  |  \_  __ \_/ __ \ 
2026-07-17T12:50:39.4932745+00:00 ContainerStream: /    |    \/    /|  |  /|  | \/\  ___/ 
2026-07-17T12:50:39.4932765+00:00 ContainerStream: \____|__  /_____ \____/ |__|    \___  >
2026-07-17T12:50:39.4932789+00:00 ContainerStream:         \/      \/                  \/ 
2026-07-17T12:50:39.4932807+00:00 ContainerStream: A P P   S E R V I C E   O N   L I N U X
2026-07-17T12:50:39.4932839+00:00 ContainerStream: 
2026-07-17T12:50:39.4932861+00:00 ContainerStream: Documentation    : http://aka.ms/webapp-linux
2026-07-17T12:50:39.4932883+00:00 ContainerStream: NodeJS quickstart: https://aka.ms/node-qs
2026-07-17T12:50:39.4932901+00:00 ContainerStream: NodeJS Version   : v22.22.2
2026-07-17T12:50:39.4932919+00:00 ContainerStream: Instance Name    : lw1sdlwk0000OJ
2026-07-17T12:50:39.4932939+00:00 ContainerStream: Instance Id      : e853b0d521c13ae8cb31bbb09a3a1872c5b2865061d0d453c8b371a72b35cb7a
2026-07-17T12:50:39.4932967+00:00 ContainerStream: 
2026-07-17T12:50:39.4932984+00:00 ContainerStream: Note: Any data outside '/home' is not persisted
2026-07-17T12:50:44.1931159+00:00 ContainerStream: Starting OpenBSD Secure Shell server: sshd.
2026-07-17T12:50:44.2044403+00:00 ContainerStream: WEBSITES_INCLUDE_CLOUD_CERTS is not set to true.
2026-07-17T12:50:44.2436253+00:00 ContainerStream: Updating certificates in /etc/ssl/certs...
2026-07-17T12:50:59.5721501+00:00 ContainerStream: rehash: warning: skipping duplicate certificate in azl_SSL.com_TLS_ECC_Root_CA_2022.pem
2026-07-17T12:50:59.5729933+00:00 ContainerStream: rehash: warning: skipping duplicate certificate in azl_SSL.com_TLS_RSA_Root_CA_2022.pem
2026-07-17T12:50:59.7725592+00:00 ContainerStream: rehash: warning: skipping ca-certificates.crt,it does not contain exactly one certificate or CRL
2026-07-17T12:50:59.8315278+00:00 ContainerStream: 4 added, 0 removed; done.
2026-07-17T12:50:59.8319557+00:00 ContainerStream: Running hooks in /etc/ca-certificates/update.d...
2026-07-17T12:50:59.8416475+00:00 ContainerStream: done.
2026-07-17T12:50:59.8539873+00:00 ContainerStream: CA certificates copied and updated successfully.
2026-07-17T12:51:00.0131085+00:00 ContainerStream: Starting periodic command scheduler: cron.
2026-07-17T12:51:00.1707605+00:00 ContainerStream: Could not find build manifest file at '/home/site/wwwroot/oryx-manifest.toml'
2026-07-17T12:51:00.1710826+00:00 ContainerStream: Could not find operation ID in manifest. Generating an operation id...
2026-07-17T12:51:00.1713759+00:00 ContainerStream: Build Operation ID: 389cbc2e-8c89-4849-bf8f-9753c7b4d841
2026-07-17T12:51:00.4938737+00:00 ContainerStream: Environment Variables for Application Insight's IPA Codeless Configuration exists..
2026-07-17T12:51:00.5411862+00:00 ContainerStream: Writing output script to '/opt/startup/startup.sh'
2026-07-17T12:51:00.5820586+00:00 ContainerStream: Running #!/bin/sh
2026-07-17T12:51:00.5821101+00:00 ContainerStream: 
2026-07-17T12:51:00.5821137+00:00 ContainerStream: # Enter the source directory to make sure the script runs where the user expects
2026-07-17T12:51:00.5821174+00:00 ContainerStream: cd "/home/site/wwwroot"
2026-07-17T12:51:00.5821196+00:00 ContainerStream: 
2026-07-17T12:51:00.5821273+00:00 ContainerStream: export NODE_PATH=/usr/local/lib/node_modules:$NODE_PATH
2026-07-17T12:51:00.5821292+00:00 ContainerStream: if [ -z "$PORT" ]; then
2026-07-17T12:51:00.5821309+00:00 ContainerStream: 		export PORT=8080
2026-07-17T12:51:00.5821325+00:00 ContainerStream: fi
2026-07-17T12:51:00.5821341+00:00 ContainerStream: 
2026-07-17T12:51:00.5828157+00:00 ContainerStream: PATH="$PATH:/home/site/wwwroot" pm2 serve /home/site/wwwroot --no-daemon --spa
2026-07-17T12:51:02.2899572+00:00 ContainerStream: 
2026-07-17T12:51:02.2900302+00:00 ContainerStream:                         -------------
2026-07-17T12:51:02.2900335+00:00 ContainerStream: 
2026-07-17T12:51:02.2900355+00:00 ContainerStream: __/\\\\\\\\\\\\\____/\\\\____________/\\\\____/\\\\\\\\\_____
2026-07-17T12:51:02.2900375+00:00 ContainerStream:  _\/\\\/////////\\\_\/\\\\\\________/\\\\\\__/\\\///////\\\___
2026-07-17T12:51:02.2900394+00:00 ContainerStream:   _\/\\\_______\/\\\_\/\\\//\\\____/\\\//\\\_\///______\//\\\__
2026-07-17T12:51:02.2900414+00:00 ContainerStream:    _\/\\\\\\\\\\\\\/__\/\\\\///\\\/\\\/_\/\\\___________/\\\/___
2026-07-17T12:51:02.2900447+00:00 ContainerStream:     _\/\\\/////////____\/\\\__\///\\\/___\/\\\________/\\\//_____
2026-07-17T12:51:02.2900466+00:00 ContainerStream:      _\/\\\_____________\/\\\____\///_____\/\\\_____/\\\//________
2026-07-17T12:51:02.2900484+00:00 ContainerStream:       _\/\\\_____________\/\\\_____________\/\\\___/\\\/___________
2026-07-17T12:51:02.2900502+00:00 ContainerStream:        _\/\\\_____________\/\\\_____________\/\\\__/\\\\\\\\\\\\\\\_
2026-07-17T12:51:02.2900520+00:00 ContainerStream:         _\///______________\///______________\///__\///////////////__
2026-07-17T12:51:02.2900536+00:00 ContainerStream: 
2026-07-17T12:51:02.2900552+00:00 ContainerStream: 
2026-07-17T12:51:02.2900581+00:00 ContainerStream:                           Runtime Edition
2026-07-17T12:51:02.2900596+00:00 ContainerStream: 
2026-07-17T12:51:02.2900614+00:00 ContainerStream:         PM2 is a Production Process Manager for Node.js applications
2026-07-17T12:51:02.2900649+00:00 ContainerStream:                      with a built-in Load Balancer.
2026-07-17T12:51:02.2900666+00:00 ContainerStream: 
2026-07-17T12:51:02.2900683+00:00 ContainerStream:                 Start and Daemonize any application:
2026-07-17T12:51:02.2900712+00:00 ContainerStream:                 $ pm2 start app.js
2026-07-17T12:51:02.2900728+00:00 ContainerStream: 
2026-07-17T12:51:02.2900744+00:00 ContainerStream:                 Load Balance 4 instances of api.js:
2026-07-17T12:51:02.2900762+00:00 ContainerStream:                 $ pm2 start api.js -i 4
2026-07-17T12:51:02.2900777+00:00 ContainerStream: 
2026-07-17T12:51:02.2900793+00:00 ContainerStream:                 Monitor in production:
2026-07-17T12:51:02.2900811+00:00 ContainerStream:                 $ pm2 monitor
2026-07-17T12:51:02.2900827+00:00 ContainerStream: 
2026-07-17T12:51:02.2900855+00:00 ContainerStream:                 Make pm2 auto-boot at server restart:
2026-07-17T12:51:02.2900873+00:00 ContainerStream:                 $ pm2 startup
2026-07-17T12:51:02.2900888+00:00 ContainerStream: 
2026-07-17T12:51:02.2900903+00:00 ContainerStream:                 To go further checkout:
2026-07-17T12:51:02.2900935+00:00 ContainerStream:                 http://pm2.io/
2026-07-17T12:51:02.2900970+00:00 ContainerStream: 
2026-07-17T12:51:02.2900984+00:00 ContainerStream: 
2026-07-17T12:51:02.2901000+00:00 ContainerStream:                         -------------
2026-07-17T12:51:02.2901015+00:00 ContainerStream: 
2026-07-17T12:51:02.3386066+00:00 ContainerStream: pm2 launched in no-daemon mode (you can add DEBUG="*" env variable to get more messages)
2026-07-17T12:51:02.8405108+00:00 ContainerStream: 2026-07-17T12:51:02: PM2 log: Launching in no daemon mode
2026-07-17T12:51:02.9611573+00:00 ContainerStream: 2026-07-17T12:51:02: PM2 log: [PM2] This PM2 is not UP TO DATE
2026-07-17T12:51:02.9806734+00:00 ContainerStream: 2026-07-17T12:51:02: PM2 log: [PM2] Upgrade to version 7.0.3
2026-07-17T12:51:03.0013334+00:00 ContainerStream: 2026-07-17T12:51:03: PM2 log: [PM2] Starting /usr/local/lib/node_modules/pm2/lib/API/Serve.js in fork_mode (1 instance)
2026-07-17T12:51:03.0694213+00:00 ContainerStream: 2026-07-17T12:51:03: PM2 log: App [static-page-server-8080:0] starting in -fork mode-
2026-07-17T12:51:03.2714165+00:00 ContainerStream: 2026-07-17T12:51:03: PM2 log: App [static-page-server-8080:0] online
2026-07-17T12:51:03.3696425+00:00 ContainerStream: 2026-07-17T12:51:03: PM2 log: [PM2] Done.
2026-07-17T12:51:03.3696885+00:00 ContainerStream: 2026-07-17T12:51:03: PM2 log: [PM2] Serving /home/site/wwwroot on port 8080
2026-07-17T12:51:03.6895649+00:00 ContainerStream: 2026-07-17T12:51:03: PM2 log: ┌────┬────────────────────────────┬─────────────┬─────────┬─────────┬──────────┬────────┬──────┬───────────┬──────────┬──────────┬──────────┬──────────┐
2026-07-17T12:51:03.6896166+00:00 ContainerStream: │ id │ name                       │ namespace   │ version │ mode    │ pid      │ uptime │ ↺    │ status    │ cpu      │ mem      │ user     │ watching │
2026-07-17T12:51:03.6896216+00:00 ContainerStream: ├────┼────────────────────────────┼─────────────┼─────────┼─────────┼──────────┼────────┼──────┼───────────┼──────────┼──────────┼──────────┼──────────┤
2026-07-17T12:51:03.6896311+00:00 ContainerStream: │ 0  │ static-page-server-8080    │ default     │ 6.0.5   │ fork    │ 1870     │ 0s     │ 0    │ online    │ 0%       │ 41.3mb   │ root     │ disabled │
2026-07-17T12:51:03.6896350+00:00 ContainerStream: └────┴────────────────────────────┴─────────────┴─────────┴─────────┴──────────┴────────┴──────┴───────────┴──────────┴──────────┴──────────┴──────────┘
2026-07-17T12:51:03.6918146+00:00 ContainerStream: 2026-07-17T12:51:03: PM2 log: [--no-daemon] Continue to stream logs
2026-07-17T12:51:03.7002649+00:00 ContainerStream: 2026-07-17T12:51:03: PM2 log: [--no-daemon] Exit on target PM2 exit pid=1853
2026-07-17T12:51:04.0999160+00:00 ContainerStream: 12:51:04 0|static-page-server-8080  | Exposing /home/site/wwwroot directory on 0.0.0.0:8080
2026-07-17T12:51:04.4036042+00:00 ContainerStatus: Site startup probe succeeded after 25.0491923 seconds.
2026-07-17T12:51:04.5735795+00:00 ContainerStatus: State: Starting, Action: WarmUpProbeSucceeded, LastError: ContainerTimeout, LastErrorTimestamp: 07/17/2026 12:48:17, LastErrorDetails: Container did not start within expected time limit of 230s. Please inspect your container logs for more details., Details: Site startup probe succeeded after 25.0491923 seconds., DetailsLevel: INFO
2026-07-17T12:51:04.7861071+00:00 ContainerStatus: Site is running with deployment version: 
2026-07-17T12:51:04.7923780+00:00 ContainerStatus: Site started.
2026-07-17T12:51:04.7925263+00:00 ContainerStatus: State: Started, Action: None, LastError: ContainerTimeout, LastErrorTimestamp: 07/17/2026 12:48:17, LastErrorDetails: Container did not start within expected time limit of 230s. Please inspect your container logs for more details., Details: Site started at 07/17/2026 12:51:04 (UTC), DetailsLevel: INFO
2026-07-17T12:51:04.7941335+00:00 ContainerStatus: Site is running with patch version NODE-22.22.2
========== New Cold Start Attempt (2026-07-17T13:11:46.0405946+00:00) ==========
2026-07-17T13:11:46.0405946+00:00 ContainerStatus: State: Starting, Action: EstablishingSiteNetworks, LastError: , LastErrorTimestamp: 01/01/0001 00:00:00, LastErrorDetails: , Details: , DetailsLevel: INFO
2026-07-17T13:11:49.5759310+00:00 ContainerStatus: State: Starting, Action: StartingSiteContainers, LastError: , LastErrorTimestamp: 01/01/0001 00:00:00, LastErrorDetails: , Details: , DetailsLevel: INFO
2026-07-17T13:11:49.5762385+00:00 ContainerStatus: Container start method called.
2026-07-17T13:11:49.5765610+00:00 ContainerStatus: State: Starting, Action: PullingImage, LastError: , LastErrorTimestamp: 01/01/0001 00:00:00, LastErrorDetails: , Details: Pulling image 10.1.0.4:13209/appsvc/node:22-lts_20260504.4.tuxprod for babitk-app., DetailsLevel: INFO
2026-07-17T13:11:49.5766736+00:00 ContainerStatus: Establishing network.
2026-07-17T13:11:49.5768123+00:00 ContainerStatus: Pulling image: appsvc/node:22-lts_20260504.4.tuxprod.
2026-07-17T13:11:50.4692277+00:00 ContainerStatus: Container is starting.
2026-07-17T13:11:50.5282580+00:00 ContainerStatus: State: Starting, Action: MountingVolumes, LastError: , LastErrorTimestamp: 01/01/0001 00:00:00, LastErrorDetails: , Details: Mounting volumes for babitk-app., DetailsLevel: INFO
2026-07-17T13:11:50.5290937+00:00 ContainerStatus: Establishing user namespace if not established already.
2026-07-17T13:11:50.5365595+00:00 ContainerStatus: Establishing network if not established already.
2026-07-17T13:11:50.5367333+00:00 ContainerStatus: Mounting volumes.
2026-07-17T13:11:50.5368362+00:00 ContainerStatus: Nested mountpoint 
2026-07-17T13:11:50.5383244+00:00 ContainerStatus: Nested mountpoint volatile/logs
2026-07-17T13:11:50.6072307+00:00 ContainerStatus: Nested mountpoint 
2026-07-17T13:11:50.6183458+00:00 ContainerStatus: Nested mountpoint 
2026-07-17T13:11:50.6191358+00:00 ContainerStatus: Nested mountpoint 
2026-07-17T13:11:50.6472715+00:00 ContainerStatus: Nested mountpoint 
2026-07-17T13:11:52.0718964+00:00 ContainerStatus: State: Starting, Action: CreatingContainer, LastError: , LastErrorTimestamp: 01/01/0001 00:00:00, LastErrorDetails: , Details: Finished pulling container image and mounting volumes for babitk-app. Allocatinng the rest of the container resources to finish container creation., DetailsLevel: INFO
2026-07-17T13:11:52.0720366+00:00 ContainerStatus: Creating container.
2026-07-17T13:11:52.0723063+00:00 ContainerStatus: Creating pipes for streaming container io.
2026-07-17T13:11:52.0724755+00:00 ContainerStatus: Creating stdout named pipe at /podr/container/pipe/aefd73101071_babitk-app/stdout_e8f653e84bfb4b7a9296bb3a86bf32dd.
2026-07-17T13:11:52.0726623+00:00 ContainerStatus: Successfully created stdout named pipe at: /podr/container/pipe/aefd73101071_babitk-app/stdout_e8f653e84bfb4b7a9296bb3a86bf32dd.
2026-07-17T13:11:52.0728804+00:00 ContainerStatus: Opening named pipe /podr/container/pipe/aefd73101071_babitk-app/stdout_e8f653e84bfb4b7a9296bb3a86bf32dd for reading in non-blocking mode.
2026-07-17T13:11:52.0729802+00:00 ContainerStatus: Successfully opened named pipe: /podr/container/pipe/aefd73101071_babitk-app/stdout_e8f653e84bfb4b7a9296bb3a86bf32dd.
2026-07-17T13:11:52.0730527+00:00 ContainerStatus: Successfully removed non-blocking flag from /podr/container/pipe/aefd73101071_babitk-app/stdout_e8f653e84bfb4b7a9296bb3a86bf32dd.
2026-07-17T13:11:52.0731646+00:00 ContainerStatus: Creating stderr named pipe at /podr/container/pipe/aefd73101071_babitk-app/stderr_4782202bf83a401cbb6cc99bc8a5fa74.
2026-07-17T13:11:52.0733316+00:00 ContainerStatus: Successfully created stderr named pipe at: /podr/container/pipe/aefd73101071_babitk-app/stderr_4782202bf83a401cbb6cc99bc8a5fa74.
2026-07-17T13:11:52.2529955+00:00 ContainerStatus: Opening named pipe /podr/container/pipe/aefd73101071_babitk-app/stderr_4782202bf83a401cbb6cc99bc8a5fa74 for reading in non-blocking mode.
2026-07-17T13:11:52.2533541+00:00 ContainerStatus: Successfully opened named pipe: /podr/container/pipe/aefd73101071_babitk-app/stderr_4782202bf83a401cbb6cc99bc8a5fa74.
2026-07-17T13:11:52.2617124+00:00 ContainerStatus: Successfully removed non-blocking flag from /podr/container/pipe/aefd73101071_babitk-app/stderr_4782202bf83a401cbb6cc99bc8a5fa74.
2026-07-17T13:11:52.2619108+00:00 ContainerStatus: Creating container with image: appsvc/node:22-lts_20260504.4.tuxprod from registry: 10.1.0.4:13209 and fully qualified image name: 10.1.0.4:13209/appsvc/node:22-lts_20260504.4.tuxprod
2026-07-17T13:11:54.1103200+00:00 ContainerStatus: Starting container: aefd73101071_babitk-app.
2026-07-17T13:11:54.2783217+00:00 ContainerStatus: Starting watchers and probes.
2026-07-17T13:11:54.2792221+00:00 ContainerStatus: Starting metrics collection.
2026-07-17T13:11:54.2795856+00:00 ContainerStatus: Container is running.
2026-07-17T13:11:54.2796659+00:00 ContainerStatus: State: Starting, Action: CreatingContainer, LastError: , LastErrorTimestamp: 01/01/0001 00:00:00, LastErrorDetails: , Details: Container babitk-app successfully created and is running., DetailsLevel: INFO
2026-07-17T13:11:54.7591199+00:00 ContainerStatus: Container start method finished after 5182 ms.
2026-07-17T13:11:54.7999162+00:00 ContainerStatus: State: Starting, Action: InitiatingSiteWarmUpProbe, LastError: , LastErrorTimestamp: 01/01/0001 00:00:00, LastErrorDetails: , Details: Container babitk-app successfully created and is running., DetailsLevel: INFO
2026-07-17T13:11:54.8070639+00:00 ContainerStatus: State: Starting, Action: WaitingForSiteWarmUpProbeSuccess, LastError: , LastErrorTimestamp: 01/01/0001 00:00:00, LastErrorDetails: , Details: Pinging warmup path to ensure container is ready to receive requests., DetailsLevel: INFO
2026-07-17T13:11:55.4681420+00:00 ContainerStream:    _____                               
2026-07-17T13:11:55.4683004+00:00 ContainerStream:   /  _  \ __________ _________   ____  
2026-07-17T13:11:55.4683037+00:00 ContainerStream:  /  /_\  \\___   /  |  \_  __ \_/ __ \ 
2026-07-17T13:11:55.4683066+00:00 ContainerStream: /    |    \/    /|  |  /|  | \/\  ___/ 
2026-07-17T13:11:55.4683085+00:00 ContainerStream: \____|__  /_____ \____/ |__|    \___  >
2026-07-17T13:11:55.4683175+00:00 ContainerStream:         \/      \/                  \/ 
2026-07-17T13:11:55.4683193+00:00 ContainerStream: A P P   S E R V I C E   O N   L I N U X
2026-07-17T13:11:55.4683212+00:00 ContainerStream: 
2026-07-17T13:11:55.4683236+00:00 ContainerStream: Documentation    : http://aka.ms/webapp-linux
2026-07-17T13:11:55.4683257+00:00 ContainerStream: NodeJS quickstart: https://aka.ms/node-qs
2026-07-17T13:11:55.4683274+00:00 ContainerStream: NodeJS Version   : v22.22.2
2026-07-17T13:11:55.4683303+00:00 ContainerStream: Instance Name    : lw1sdlwk0000OJ
2026-07-17T13:11:55.4683324+00:00 ContainerStream: Instance Id      : e853b0d521c13ae8cb31bbb09a3a1872c5b2865061d0d453c8b371a72b35cb7a
2026-07-17T13:11:55.4683340+00:00 ContainerStream: 
2026-07-17T13:11:55.4683357+00:00 ContainerStream: Note: Any data outside '/home' is not persisted
2026-07-17T13:12:09.2280202+00:00 ContainerStream: Starting OpenBSD Secure Shell server: sshd.
2026-07-17T13:12:09.4975554+00:00 ContainerStream: WEBSITES_INCLUDE_CLOUD_CERTS is not set to true.
2026-07-17T13:12:09.7702569+00:00 ContainerStream: Updating certificates in /etc/ssl/certs...
2026-07-17T13:12:50.3501798+00:00 ContainerStream: rehash: warning: skipping duplicate certificate in azl_SSL.com_TLS_ECC_Root_CA_2022.pem
2026-07-17T13:12:50.3508381+00:00 ContainerStream: rehash: warning: skipping duplicate certificate in azl_SSL.com_TLS_RSA_Root_CA_2022.pem
2026-07-17T13:12:50.6302570+00:00 ContainerStream: rehash: warning: skipping ca-certificates.crt,it does not contain exactly one certificate or CRL
2026-07-17T13:12:50.7096627+00:00 ContainerStream: 4 added, 0 removed; done.
2026-07-17T13:12:50.7106861+00:00 ContainerStream: Running hooks in /etc/ca-certificates/update.d...
2026-07-17T13:12:50.7387805+00:00 ContainerStream: done.
2026-07-17T13:12:50.7705542+00:00 ContainerStream: CA certificates copied and updated successfully.
2026-07-17T13:12:51.2969688+00:00 ContainerStream: Starting periodic command scheduler: cron.
2026-07-17T13:12:51.5455649+00:00 ContainerStream: Could not find build manifest file at '/home/site/wwwroot/oryx-manifest.toml'
2026-07-17T13:12:51.5462703+00:00 ContainerStream: Could not find operation ID in manifest. Generating an operation id...
2026-07-17T13:12:51.5472303+00:00 ContainerStream: Build Operation ID: f3e0b0b8-01f2-4d70-adbd-e38da163a82f
2026-07-17T13:12:52.2454910+00:00 ContainerStream: Environment Variables for Application Insight's IPA Codeless Configuration exists..
2026-07-17T13:12:52.3143542+00:00 ContainerStream: Writing output script to '/opt/startup/startup.sh'
2026-07-17T13:12:52.4525265+00:00 ContainerStream: Running #!/bin/sh
2026-07-17T13:12:52.4525874+00:00 ContainerStream: 
2026-07-17T13:12:52.4525987+00:00 ContainerStream: # Enter the source directory to make sure the script runs where the user expects
2026-07-17T13:12:52.4526018+00:00 ContainerStream: cd "/home/site/wwwroot"
2026-07-17T13:12:52.4526034+00:00 ContainerStream: 
2026-07-17T13:12:52.4526052+00:00 ContainerStream: export NODE_PATH=/usr/local/lib/node_modules:$NODE_PATH
2026-07-17T13:12:52.4526069+00:00 ContainerStream: if [ -z "$PORT" ]; then
2026-07-17T13:12:52.4526085+00:00 ContainerStream: 		export PORT=8080
2026-07-17T13:12:52.4526100+00:00 ContainerStream: fi
2026-07-17T13:12:52.4526130+00:00 ContainerStream: 
2026-07-17T13:12:52.4720434+00:00 ContainerStream: PATH="$PATH:/home/site/wwwroot" pm2 serve /home/site/wwwroot --no-daemon --spa
2026-07-17T13:12:56.1164890+00:00 ContainerStream: 
2026-07-17T13:12:56.1165486+00:00 ContainerStream:                         -------------
2026-07-17T13:12:56.1165521+00:00 ContainerStream: 
2026-07-17T13:12:56.1165549+00:00 ContainerStream: __/\\\\\\\\\\\\\____/\\\\____________/\\\\____/\\\\\\\\\_____
2026-07-17T13:12:56.1165570+00:00 ContainerStream:  _\/\\\/////////\\\_\/\\\\\\________/\\\\\\__/\\\///////\\\___
2026-07-17T13:12:56.1165659+00:00 ContainerStream:   _\/\\\_______\/\\\_\/\\\//\\\____/\\\//\\\_\///______\//\\\__
2026-07-17T13:12:56.1165679+00:00 ContainerStream:    _\/\\\\\\\\\\\\\/__\/\\\\///\\\/\\\/_\/\\\___________/\\\/___
2026-07-17T13:12:56.1165698+00:00 ContainerStream:     _\/\\\/////////____\/\\\__\///\\\/___\/\\\________/\\\//_____
2026-07-17T13:12:56.1165717+00:00 ContainerStream:      _\/\\\_____________\/\\\____\///_____\/\\\_____/\\\//________
2026-07-17T13:12:56.1165736+00:00 ContainerStream:       _\/\\\_____________\/\\\_____________\/\\\___/\\\/___________
2026-07-17T13:12:56.1165755+00:00 ContainerStream:        _\/\\\_____________\/\\\_____________\/\\\__/\\\\\\\\\\\\\\\_
2026-07-17T13:12:56.1165791+00:00 ContainerStream:         _\///______________\///______________\///__\///////////////__
2026-07-17T13:12:56.1165807+00:00 ContainerStream: 
2026-07-17T13:12:56.1165822+00:00 ContainerStream: 
2026-07-17T13:12:56.1165839+00:00 ContainerStream:                           Runtime Edition
2026-07-17T13:12:56.1165855+00:00 ContainerStream: 
2026-07-17T13:12:56.1165872+00:00 ContainerStream:         PM2 is a Production Process Manager for Node.js applications
2026-07-17T13:12:56.1165926+00:00 ContainerStream:                      with a built-in Load Balancer.
2026-07-17T13:12:56.1165944+00:00 ContainerStream: 
2026-07-17T13:12:56.1165962+00:00 ContainerStream:                 Start and Daemonize any application:
2026-07-17T13:12:56.1165980+00:00 ContainerStream:                 $ pm2 start app.js
2026-07-17T13:12:56.1165996+00:00 ContainerStream: 
2026-07-17T13:12:56.1166012+00:00 ContainerStream:                 Load Balance 4 instances of api.js:
2026-07-17T13:12:56.1166030+00:00 ContainerStream:                 $ pm2 start api.js -i 4
2026-07-17T13:12:56.1166045+00:00 ContainerStream: 
2026-07-17T13:12:56.1166076+00:00 ContainerStream:                 Monitor in production:
2026-07-17T13:12:56.1166095+00:00 ContainerStream:                 $ pm2 monitor
2026-07-17T13:12:56.1166110+00:00 ContainerStream: 
2026-07-17T13:12:56.1166128+00:00 ContainerStream:                 Make pm2 auto-boot at server restart:
2026-07-17T13:12:56.1166145+00:00 ContainerStream:                 $ pm2 startup
2026-07-17T13:12:56.1166160+00:00 ContainerStream: 
2026-07-17T13:12:56.1166176+00:00 ContainerStream:                 To go further checkout:
2026-07-17T13:12:56.1253816+00:00 ContainerStream:                 http://pm2.io/
2026-07-17T13:12:56.1254051+00:00 ContainerStream: 
2026-07-17T13:12:56.1254088+00:00 ContainerStream: 
2026-07-17T13:12:56.1254106+00:00 ContainerStream:                         -------------
2026-07-17T13:12:56.1254127+00:00 ContainerStream: 
2026-07-17T13:12:56.2411424+00:00 ContainerStream: pm2 launched in no-daemon mode (you can add DEBUG="*" env variable to get more messages)
2026-07-17T13:12:57.2783339+00:00 ContainerStream: 2026-07-17T13:12:57: PM2 log: Launching in no daemon mode
2026-07-17T13:12:57.4287516+00:00 ContainerStream: 2026-07-17T13:12:57: PM2 log: [PM2] This PM2 is not UP TO DATE
2026-07-17T13:12:57.4382749+00:00 ContainerStream: 2026-07-17T13:12:57: PM2 log: [PM2] Upgrade to version 7.0.3
2026-07-17T13:12:57.5679296+00:00 ContainerStream: 2026-07-17T13:12:57: PM2 log: [PM2] Starting /usr/local/lib/node_modules/pm2/lib/API/Serve.js in fork_mode (1 instance)
2026-07-17T13:12:57.5881693+00:00 ContainerStream: 2026-07-17T13:12:57: PM2 log: App [static-page-server-8080:0] starting in -fork mode-
2026-07-17T13:12:57.6784197+00:00 ContainerStream: 2026-07-17T13:12:57: PM2 log: App [static-page-server-8080:0] online
2026-07-17T13:12:57.6989404+00:00 ContainerStream: 2026-07-17T13:12:57: PM2 log: [PM2] Done.
2026-07-17T13:12:57.6996835+00:00 ContainerStream: 2026-07-17T13:12:57: PM2 log: [PM2] Serving /home/site/wwwroot on port 8080
2026-07-17T13:12:57.8193609+00:00 ContainerStream: 2026-07-17T13:12:57: PM2 log: ┌────┬────────────────────────────┬─────────────┬─────────┬─────────┬──────────┬────────┬──────┬───────────┬──────────┬──────────┬──────────┬──────────┐
2026-07-17T13:12:57.8194302+00:00 ContainerStream: │ id │ name                       │ namespace   │ version │ mode    │ pid      │ uptime │ ↺    │ status    │ cpu      │ mem      │ user     │ watching │
2026-07-17T13:12:57.8194405+00:00 ContainerStream: ├────┼────────────────────────────┼─────────────┼─────────┼─────────┼──────────┼────────┼──────┼───────────┼──────────┼──────────┼──────────┼──────────┤
2026-07-17T13:12:57.8194438+00:00 ContainerStream: │ 0  │ static-page-server-8080    │ default     │ 6.0.5   │ fork    │ 1872     │ 0s     │ 0    │ online    │ 0%       │ 32.1mb   │ root     │ disabled │
2026-07-17T13:12:57.8194479+00:00 ContainerStream: └────┴────────────────────────────┴─────────────┴─────────┴─────────┴──────────┴────────┴──────┴───────────┴──────────┴──────────┴──────────┴──────────┘
2026-07-17T13:12:57.8383714+00:00 ContainerStream: 2026-07-17T13:12:57: PM2 log: [--no-daemon] Continue to stream logs
2026-07-17T13:12:57.8387386+00:00 ContainerStream: 2026-07-17T13:12:57: PM2 log: [--no-daemon] Exit on target PM2 exit pid=1852
2026-07-17T13:12:58.6489452+00:00 ContainerStream: 13:12:58 0|static-page-server-8080  | Exposing /home/site/wwwroot directory on 0.0.0.0:8080
2026-07-17T13:12:58.9123415+00:00 ContainerStatus: Site startup probe succeeded after 64.063412 seconds.
2026-07-17T13:12:59.2417277+00:00 ContainerStatus: State: Starting, Action: WarmUpProbeSucceeded, LastError: , LastErrorTimestamp: 01/01/0001 00:00:00, LastErrorDetails: , Details: Site startup probe succeeded after 64.063412 seconds., DetailsLevel: INFO
2026-07-17T13:12:59.6966539+00:00 ContainerStatus: Site is running with deployment version: 
2026-07-17T13:12:59.6974119+00:00 ContainerStatus: Site started.
2026-07-17T13:12:59.6986961+00:00 ContainerStatus: State: Started, Action: None, LastError: , LastErrorTimestamp: 01/01/0001 00:00:00, LastErrorDetails: , Details: Site started at 07/17/2026 13:12:59 (UTC), DetailsLevel: INFO
2026-07-17T13:12:59.7063863+00:00 ContainerStatus: Site is running with patch version NODE-22.22.2
========== New Cold Start Attempt (2026-07-17T13:13:19.8017514+00:00) ==========
2026-07-17T13:13:19.8017514+00:00 ContainerStatus: State: Stopping, Action: StoppingSiteContainers, LastError: ContainerTimeout, LastErrorTimestamp: 07/17/2026 12:48:17, LastErrorDetails: Container did not start within expected time limit of 230s. Please inspect your container logs for more details., Details: Site started at 07/17/2026 12:51:04 (UTC), DetailsLevel: INFO
2026-07-17T13:13:19.8023594+00:00 ContainerStatus: Container is terminating. Grace period: 5 seconds.
2026-07-17T13:13:19.8302605+00:00 ContainerStatus: Stop and delete container. Retry count = 0
2026-07-17T13:13:19.8303377+00:00 ContainerStatus: Stopping container: 925929651b03_babitk-app.
2026-07-17T13:13:24.9732876+00:00 ContainerStatus: Deleting container: 925929651b03_babitk-app. Retry count = 0
2026-07-17T13:13:25.1755890+00:00 ContainerStatus: Container spec TerminationMessagePolicy  path 
2026-07-17T13:13:25.1761715+00:00 ContainerStatus: Container is terminated. Total time elapsed: 5373 ms.
2026-07-17T13:13:25.1835502+00:00 ContainerStatus: Site: babitk-app stopped.
2026-07-17T13:13:26.6271419+00:00 ContainerStatus: State: Starting, Action: EstablishingSiteNetworks, LastError: , LastErrorTimestamp: 01/01/0001 00:00:00, LastErrorDetails: , Details: , DetailsLevel: INFO
2026-07-17T13:13:29.2396189+00:00 ContainerStatus: State: Starting, Action: StartingSiteContainers, LastError: , LastErrorTimestamp: 01/01/0001 00:00:00, LastErrorDetails: , Details: , DetailsLevel: INFO
2026-07-17T13:13:29.2403844+00:00 ContainerStatus: Container start method called.
2026-07-17T13:13:29.2404638+00:00 ContainerStatus: State: Starting, Action: PullingImage, LastError: , LastErrorTimestamp: 01/01/0001 00:00:00, LastErrorDetails: , Details: Pulling image 10.1.0.4:13209/appsvc/node:22-lts_20260504.4.tuxprod for babitk-app., DetailsLevel: INFO
2026-07-17T13:13:29.2405624+00:00 ContainerStatus: Establishing network.
2026-07-17T13:13:29.2484393+00:00 ContainerStatus: Pulling image: appsvc/node:22-lts_20260504.4.tuxprod.
2026-07-17T13:13:30.5241195+00:00 ContainerStatus: Container is starting.
2026-07-17T13:13:30.5250847+00:00 ContainerStatus: State: Starting, Action: MountingVolumes, LastError: , LastErrorTimestamp: 01/01/0001 00:00:00, LastErrorDetails: , Details: Mounting volumes for babitk-app., DetailsLevel: INFO
2026-07-17T13:13:30.5936212+00:00 ContainerStatus: Establishing user namespace if not established already.
2026-07-17T13:13:30.6714727+00:00 ContainerStatus: Establishing network if not established already.
2026-07-17T13:13:30.6718636+00:00 ContainerStatus: Mounting volumes.
2026-07-17T13:13:30.6720406+00:00 ContainerStatus: Nested mountpoint 
2026-07-17T13:13:30.7117040+00:00 ContainerStatus: Nested mountpoint volatile/logs
2026-07-17T13:13:30.8828524+00:00 ContainerStatus: Nested mountpoint 
2026-07-17T13:13:30.8835264+00:00 ContainerStatus: Nested mountpoint 
2026-07-17T13:13:30.9326731+00:00 ContainerStatus: Nested mountpoint 
2026-07-17T13:13:31.0322796+00:00 ContainerStatus: Nested mountpoint 
2026-07-17T13:13:32.0020094+00:00 ContainerStatus: State: Starting, Action: CreatingContainer, LastError: , LastErrorTimestamp: 01/01/0001 00:00:00, LastErrorDetails: , Details: Finished pulling container image and mounting volumes for babitk-app. Allocatinng the rest of the container resources to finish container creation., DetailsLevel: INFO
2026-07-17T13:13:32.0270237+00:00 ContainerStatus: Creating container.
2026-07-17T13:13:32.0281266+00:00 ContainerStatus: Creating pipes for streaming container io.
2026-07-17T13:13:32.0345806+00:00 ContainerStatus: Creating stdout named pipe at /podr/container/pipe/9d419ec1debe_babitk-app/stdout_422093622b9049999b19e41d36e2ce2c.
2026-07-17T13:13:32.0453350+00:00 ContainerStatus: Successfully created stdout named pipe at: /podr/container/pipe/9d419ec1debe_babitk-app/stdout_422093622b9049999b19e41d36e2ce2c.
2026-07-17T13:13:32.0460393+00:00 ContainerStatus: Opening named pipe /podr/container/pipe/9d419ec1debe_babitk-app/stdout_422093622b9049999b19e41d36e2ce2c for reading in non-blocking mode.
2026-07-17T13:13:32.0744752+00:00 ContainerStatus: Successfully opened named pipe: /podr/container/pipe/9d419ec1debe_babitk-app/stdout_422093622b9049999b19e41d36e2ce2c.
2026-07-17T13:13:32.0753868+00:00 ContainerStatus: Successfully removed non-blocking flag from /podr/container/pipe/9d419ec1debe_babitk-app/stdout_422093622b9049999b19e41d36e2ce2c.
2026-07-17T13:13:32.0755318+00:00 ContainerStatus: Creating stderr named pipe at /podr/container/pipe/9d419ec1debe_babitk-app/stderr_7d02687782004eefbe215f2438f188f0.
2026-07-17T13:13:32.0766023+00:00 ContainerStatus: Successfully created stderr named pipe at: /podr/container/pipe/9d419ec1debe_babitk-app/stderr_7d02687782004eefbe215f2438f188f0.
2026-07-17T13:13:32.0766722+00:00 ContainerStatus: Opening named pipe /podr/container/pipe/9d419ec1debe_babitk-app/stderr_7d02687782004eefbe215f2438f188f0 for reading in non-blocking mode.
2026-07-17T13:13:32.1760720+00:00 ContainerStatus: Successfully opened named pipe: /podr/container/pipe/9d419ec1debe_babitk-app/stderr_7d02687782004eefbe215f2438f188f0.
2026-07-17T13:13:32.1763329+00:00 ContainerStatus: Successfully removed non-blocking flag from /podr/container/pipe/9d419ec1debe_babitk-app/stderr_7d02687782004eefbe215f2438f188f0.
2026-07-17T13:13:32.1764305+00:00 ContainerStatus: Creating container with image: appsvc/node:22-lts_20260504.4.tuxprod from registry: 10.1.0.4:13209 and fully qualified image name: 10.1.0.4:13209/appsvc/node:22-lts_20260504.4.tuxprod
2026-07-17T13:13:33.8854400+00:00 ContainerStatus: Starting container: 9d419ec1debe_babitk-app.
2026-07-17T13:13:34.0452511+00:00 ContainerStatus: Starting watchers and probes.
2026-07-17T13:13:34.0467722+00:00 ContainerStatus: Starting metrics collection.
2026-07-17T13:13:34.0470786+00:00 ContainerStatus: Container is running.
2026-07-17T13:13:34.0572695+00:00 ContainerStatus: State: Starting, Action: CreatingContainer, LastError: , LastErrorTimestamp: 01/01/0001 00:00:00, LastErrorDetails: , Details: Container babitk-app successfully created and is running., DetailsLevel: INFO
2026-07-17T13:13:34.4352370+00:00 ContainerStatus: Container start method finished after 5194 ms.
2026-07-17T13:13:34.4353674+00:00 ContainerStatus: State: Starting, Action: InitiatingSiteWarmUpProbe, LastError: , LastErrorTimestamp: 01/01/0001 00:00:00, LastErrorDetails: , Details: Container babitk-app successfully created and is running., DetailsLevel: INFO
2026-07-17T13:13:34.4353810+00:00 ContainerStatus: State: Starting, Action: WaitingForSiteWarmUpProbeSuccess, LastError: , LastErrorTimestamp: 01/01/0001 00:00:00, LastErrorDetails: , Details: Pinging warmup path to ensure container is ready to receive requests., DetailsLevel: INFO
2026-07-17T13:13:34.6950449+00:00 ContainerStream:    _____                               
2026-07-17T13:13:34.6951852+00:00 ContainerStream:   /  _  \ __________ _________   ____  
2026-07-17T13:13:34.6951885+00:00 ContainerStream:  /  /_\  \\___   /  |  \_  __ \_/ __ \ 
2026-07-17T13:13:34.6951908+00:00 ContainerStream: /    |    \/    /|  |  /|  | \/\  ___/ 
2026-07-17T13:13:34.6951982+00:00 ContainerStream: \____|__  /_____ \____/ |__|    \___  >
2026-07-17T13:13:34.6952011+00:00 ContainerStream:         \/      \/                  \/ 
2026-07-17T13:13:34.6952028+00:00 ContainerStream: A P P   S E R V I C E   O N   L I N U X
2026-07-17T13:13:34.6952044+00:00 ContainerStream: 
2026-07-17T13:13:34.6952066+00:00 ContainerStream: Documentation    : http://aka.ms/webapp-linux
2026-07-17T13:13:34.6952089+00:00 ContainerStream: NodeJS quickstart: https://aka.ms/node-qs
2026-07-17T13:13:34.6952117+00:00 ContainerStream: NodeJS Version   : v22.22.2
2026-07-17T13:13:34.6952136+00:00 ContainerStream: Instance Name    : lw1sdlwk0000OJ
2026-07-17T13:13:34.6952157+00:00 ContainerStream: Instance Id      : e853b0d521c13ae8cb31bbb09a3a1872c5b2865061d0d453c8b371a72b35cb7a
2026-07-17T13:13:34.6952173+00:00 ContainerStream: 
2026-07-17T13:13:34.6952191+00:00 ContainerStream: Note: Any data outside '/home' is not persisted
2026-07-17T13:13:39.1463226+00:00 ContainerStream: Starting OpenBSD Secure Shell server: sshd.
2026-07-17T13:13:39.1686834+00:00 ContainerStream: WEBSITES_INCLUDE_CLOUD_CERTS is not set to true.
2026-07-17T13:13:39.2275870+00:00 ContainerStream: Updating certificates in /etc/ssl/certs...
2026-07-17T13:14:00.4791242+00:00 ContainerStream: rehash: warning: skipping duplicate certificate in azl_SSL.com_TLS_ECC_Root_CA_2022.pem
2026-07-17T13:14:00.4799559+00:00 ContainerStream: rehash: warning: skipping duplicate certificate in azl_SSL.com_TLS_RSA_Root_CA_2022.pem
2026-07-17T13:14:01.3172758+00:00 ContainerStream: rehash: warning: skipping ca-certificates.crt,it does not contain exactly one certificate or CRL
2026-07-17T13:14:01.6786465+00:00 ContainerStream: 4 added, 0 removed; done.
2026-07-17T13:14:01.7581536+00:00 ContainerStream: Running hooks in /etc/ca-certificates/update.d...
2026-07-17T13:14:01.7582163+00:00 ContainerStream: done.
2026-07-17T13:14:02.1666049+00:00 ContainerStream: CA certificates copied and updated successfully.
2026-07-17T13:14:02.7474659+00:00 ContainerStream: Starting periodic command scheduler: cron.
2026-07-17T13:14:04.0127552+00:00 ContainerStream: Could not find build manifest file at '/home/site/wwwroot/oryx-manifest.toml'
2026-07-17T13:14:04.0136962+00:00 ContainerStream: Could not find operation ID in manifest. Generating an operation id...
2026-07-17T13:14:04.0717715+00:00 ContainerStream: Build Operation ID: bd4d2076-f985-4ede-afb6-075d9d9f7334
2026-07-17T13:14:05.2112871+00:00 ContainerStream: Environment Variables for Application Insight's IPA Codeless Configuration exists..
2026-07-17T13:14:05.3178240+00:00 ContainerStream: Writing output script to '/opt/startup/startup.sh'
2026-07-17T13:14:05.3692775+00:00 ContainerStream: Running #!/bin/sh
2026-07-17T13:14:05.3693311+00:00 ContainerStream: 
2026-07-17T13:14:05.3693346+00:00 ContainerStream: # Enter the source directory to make sure the script runs where the user expects
2026-07-17T13:14:05.3693378+00:00 ContainerStream: cd "/home/site/wwwroot"
2026-07-17T13:14:05.3693395+00:00 ContainerStream: 
2026-07-17T13:14:05.3693413+00:00 ContainerStream: export NODE_PATH=/usr/local/lib/node_modules:$NODE_PATH
2026-07-17T13:14:05.3693450+00:00 ContainerStream: if [ -z "$PORT" ]; then
2026-07-17T13:14:05.3693519+00:00 ContainerStream: 		export PORT=8080
2026-07-17T13:14:05.3693534+00:00 ContainerStream: fi
2026-07-17T13:14:05.3693550+00:00 ContainerStream: 
2026-07-17T13:14:05.3987247+00:00 ContainerStream: PATH="$PATH:/home/site/wwwroot" pm2 serve /home/site/wwwroot --no-daemon --spa
2026-07-17T13:14:10.6938897+00:00 ContainerStream: 
2026-07-17T13:14:10.6939573+00:00 ContainerStream:                         -------------
2026-07-17T13:14:10.6939615+00:00 ContainerStream: 
2026-07-17T13:14:10.6939706+00:00 ContainerStream: __/\\\\\\\\\\\\\____/\\\\____________/\\\\____/\\\\\\\\\_____
2026-07-17T13:14:10.6939733+00:00 ContainerStream:  _\/\\\/////////\\\_\/\\\\\\________/\\\\\\__/\\\///////\\\___
2026-07-17T13:14:10.6939753+00:00 ContainerStream:   _\/\\\_______\/\\\_\/\\\//\\\____/\\\//\\\_\///______\//\\\__
2026-07-17T13:14:10.6939773+00:00 ContainerStream:    _\/\\\\\\\\\\\\\/__\/\\\\///\\\/\\\/_\/\\\___________/\\\/___
2026-07-17T13:14:10.6939793+00:00 ContainerStream:     _\/\\\/////////____\/\\\__\///\\\/___\/\\\________/\\\//_____
2026-07-17T13:14:10.6939812+00:00 ContainerStream:      _\/\\\_____________\/\\\____\///_____\/\\\_____/\\\//________
2026-07-17T13:14:10.6939843+00:00 ContainerStream:       _\/\\\_____________\/\\\_____________\/\\\___/\\\/___________
2026-07-17T13:14:10.6939862+00:00 ContainerStream:        _\/\\\_____________\/\\\_____________\/\\\__/\\\\\\\\\\\\\\\_
2026-07-17T13:14:10.6939881+00:00 ContainerStream:         _\///______________\///______________\///__\///////////////__
2026-07-17T13:14:10.6939897+00:00 ContainerStream: 
2026-07-17T13:14:10.6939912+00:00 ContainerStream: 
2026-07-17T13:14:10.6939929+00:00 ContainerStream:                           Runtime Edition
2026-07-17T13:14:10.6939945+00:00 ContainerStream: 
2026-07-17T13:14:10.6939973+00:00 ContainerStream:         PM2 is a Production Process Manager for Node.js applications
2026-07-17T13:14:10.6940012+00:00 ContainerStream:                      with a built-in Load Balancer.
2026-07-17T13:14:10.6940029+00:00 ContainerStream: 
2026-07-17T13:14:10.6940045+00:00 ContainerStream:                 Start and Daemonize any application:
2026-07-17T13:14:10.6940063+00:00 ContainerStream:                 $ pm2 start app.js
2026-07-17T13:14:10.6940079+00:00 ContainerStream: 
2026-07-17T13:14:10.6940097+00:00 ContainerStream:                 Load Balance 4 instances of api.js:
2026-07-17T13:14:10.6940123+00:00 ContainerStream:                 $ pm2 start api.js -i 4
2026-07-17T13:14:10.6940140+00:00 ContainerStream: 
2026-07-17T13:14:10.6940158+00:00 ContainerStream:                 Monitor in production:
2026-07-17T13:14:10.6940175+00:00 ContainerStream:                 $ pm2 monitor
2026-07-17T13:14:10.6940191+00:00 ContainerStream: 
2026-07-17T13:14:10.6940209+00:00 ContainerStream:                 Make pm2 auto-boot at server restart:
2026-07-17T13:14:10.6940226+00:00 ContainerStream:                 $ pm2 startup
2026-07-17T13:14:10.6940250+00:00 ContainerStream: 
2026-07-17T13:14:10.6940267+00:00 ContainerStream:                 To go further checkout:
2026-07-17T13:14:10.6940314+00:00 ContainerStream:                 http://pm2.io/
2026-07-17T13:14:10.6940335+00:00 ContainerStream: 
2026-07-17T13:14:10.6940350+00:00 ContainerStream: 
2026-07-17T13:14:10.6940366+00:00 ContainerStream:                         -------------
2026-07-17T13:14:10.6940395+00:00 ContainerStream: 
2026-07-17T13:14:10.7261634+00:00 ContainerStream: pm2 launched in no-daemon mode (you can add DEBUG="*" env variable to get more messages)
2026-07-17T13:14:12.0112710+00:00 ContainerStream: 2026-07-17T13:14:11: PM2 log: Launching in no daemon mode
2026-07-17T13:14:12.3591843+00:00 ContainerStream: 2026-07-17T13:14:12: PM2 log: [PM2] This PM2 is not UP TO DATE
2026-07-17T13:14:12.3707087+00:00 ContainerStream: 2026-07-17T13:14:12: PM2 log: [PM2] Upgrade to version 7.0.3
2026-07-17T13:14:12.4304146+00:00 ContainerStream: 2026-07-17T13:14:12: PM2 log: [PM2] Starting /usr/local/lib/node_modules/pm2/lib/API/Serve.js in fork_mode (1 instance)
2026-07-17T13:14:12.5304770+00:00 ContainerStream: 2026-07-17T13:14:12: PM2 log: App [static-page-server-8080:0] starting in -fork mode-
2026-07-17T13:14:12.7473471+00:00 ContainerStream: 2026-07-17T13:14:12: PM2 log: App [static-page-server-8080:0] online
2026-07-17T13:14:12.8078592+00:00 ContainerStream: 2026-07-17T13:14:12: PM2 log: [PM2] Done.
2026-07-17T13:14:12.8095680+00:00 ContainerStream: 2026-07-17T13:14:12: PM2 log: [PM2] Serving /home/site/wwwroot on port 8080
2026-07-17T13:14:13.1794175+00:00 ContainerStream: 2026-07-17T13:14:13: PM2 log: ┌────┬────────────────────────────┬─────────────┬─────────┬─────────┬──────────┬────────┬──────┬───────────┬──────────┬──────────┬──────────┬──────────┐
2026-07-17T13:14:13.1794804+00:00 ContainerStream: │ id │ name                       │ namespace   │ version │ mode    │ pid      │ uptime │ ↺    │ status    │ cpu      │ mem      │ user     │ watching │
2026-07-17T13:14:13.1794854+00:00 ContainerStream: ├────┼────────────────────────────┼─────────────┼─────────┼─────────┼──────────┼────────┼──────┼───────────┼──────────┼──────────┼──────────┼──────────┤
2026-07-17T13:14:13.1794885+00:00 ContainerStream: │ 0  │ static-page-server-8080    │ default     │ 6.0.5   │ fork    │ 1868     │ 0s     │ 0    │ online    │ 0%       │ 32.4mb   │ root     │ disabled │
2026-07-17T13:14:13.1794925+00:00 ContainerStream: └────┴────────────────────────────┴─────────────┴─────────┴─────────┴──────────┴────────┴──────┴───────────┴──────────┴──────────┴──────────┴──────────┘
2026-07-17T13:14:13.2576104+00:00 ContainerStream: 2026-07-17T13:14:13: PM2 log: [--no-daemon] Continue to stream logs
2026-07-17T13:14:13.2588876+00:00 ContainerStream: 2026-07-17T13:14:13: PM2 log: [--no-daemon] Exit on target PM2 exit pid=1854
2026-07-17T13:14:15.7451394+00:00 ContainerStream: 13:14:15 0|static-page-server-8080  | Exposing /home/site/wwwroot directory on 0.0.0.0:8080
2026-07-17T13:14:16.5363129+00:00 ContainerStatus: Site startup probe succeeded after 42.0999473 seconds.
2026-07-17T13:14:17.0454225+00:00 ContainerStatus: State: Starting, Action: WarmUpProbeSucceeded, LastError: , LastErrorTimestamp: 01/01/0001 00:00:00, LastErrorDetails: , Details: Site startup probe succeeded after 42.0999473 seconds., DetailsLevel: INFO
2026-07-17T13:14:17.7420148+00:00 ContainerStatus: Site is running with deployment version: aa9e51b8-6ed9-410b-8ab1-411619f776dc
2026-07-17T13:14:17.7721939+00:00 ContainerStatus: Site started.
2026-07-17T13:14:17.7817119+00:00 ContainerStatus: State: Started, Action: None, LastError: , LastErrorTimestamp: 01/01/0001 00:00:00, LastErrorDetails: , Details: Site started at 07/17/2026 13:14:17 (UTC), DetailsLevel: INFO
2026-07-17T13:14:17.7907226+00:00 ContainerStatus: Site is running with patch version NODE-22.22.2
========== New Cold Start Attempt (2026-07-17T13:14:38.1175811+00:00) ==========
2026-07-17T13:14:38.1175811+00:00 ContainerStatus: State: Stopping, Action: StoppingSiteContainers, LastError: ContainerTimeout, LastErrorTimestamp: 07/17/2026 12:48:17, LastErrorDetails: Container did not start within expected time limit of 230s. Please inspect your container logs for more details., Details: Site started at 07/17/2026 13:12:59 (UTC), DetailsLevel: INFO
2026-07-17T13:14:38.1180351+00:00 ContainerStatus: Container is terminating. Grace period: 5 seconds.
2026-07-17T13:14:38.5080850+00:00 ContainerStatus: Stop and delete container. Retry count = 0
2026-07-17T13:14:38.5086609+00:00 ContainerStatus: Stopping container: aefd73101071_babitk-app.
2026-07-17T13:14:44.1946022+00:00 ContainerStatus: Deleting container: aefd73101071_babitk-app. Retry count = 0
2026-07-17T13:14:44.5026618+00:00 ContainerStatus: Container spec TerminationMessagePolicy  path 
2026-07-17T13:14:44.5030098+00:00 ContainerStatus: Container is terminated. Total time elapsed: 6384 ms.
2026-07-17T13:14:44.5031153+00:00 ContainerStatus: Site: babitk-app stopped.
2026-07-17T13:14:45.7133715+00:00 ContainerStatus: State: Starting, Action: EstablishingSiteNetworks, LastError: , LastErrorTimestamp: 01/01/0001 00:00:00, LastErrorDetails: , Details: , DetailsLevel: INFO
2026-07-17T13:14:47.9207977+00:00 ContainerStatus: State: Starting, Action: StartingSiteContainers, LastError: , LastErrorTimestamp: 01/01/0001 00:00:00, LastErrorDetails: , Details: , DetailsLevel: INFO
2026-07-17T13:14:47.9210409+00:00 ContainerStatus: Container start method called.
2026-07-17T13:14:47.9210970+00:00 ContainerStatus: State: Starting, Action: PullingImage, LastError: , LastErrorTimestamp: 01/01/0001 00:00:00, LastErrorDetails: , Details: Pulling image 10.1.0.6:13209/appsvc/node:22-lts_20260504.4.tuxprod for babitk-app., DetailsLevel: INFO
2026-07-17T13:14:47.9211706+00:00 ContainerStatus: Establishing network.
2026-07-17T13:14:47.9212447+00:00 ContainerStatus: Pulling image: appsvc/node:22-lts_20260504.4.tuxprod.
2026-07-17T13:14:48.3018880+00:00 ContainerStatus: Container is starting.
2026-07-17T13:14:48.3021854+00:00 ContainerStatus: State: Starting, Action: MountingVolumes, LastError: , LastErrorTimestamp: 01/01/0001 00:00:00, LastErrorDetails: , Details: Mounting volumes for babitk-app., DetailsLevel: INFO
2026-07-17T13:14:48.3022974+00:00 ContainerStatus: Establishing user namespace if not established already.
2026-07-17T13:14:48.3023746+00:00 ContainerStatus: Establishing network if not established already.
2026-07-17T13:14:48.3024601+00:00 ContainerStatus: Mounting volumes.
2026-07-17T13:14:48.3111788+00:00 ContainerStatus: Nested mountpoint 
2026-07-17T13:14:48.4204017+00:00 ContainerStatus: Nested mountpoint volatile/logs
2026-07-17T13:14:48.4314214+00:00 ContainerStatus: Nested mountpoint 
2026-07-17T13:14:48.5628471+00:00 ContainerStatus: Nested mountpoint 
2026-07-17T13:14:48.6808573+00:00 ContainerStatus: Nested mountpoint 
2026-07-17T13:14:48.7518502+00:00 ContainerStatus: Nested mountpoint 
2026-07-17T13:14:49.2625966+00:00 ContainerStatus: State: Starting, Action: CreatingContainer, LastError: , LastErrorTimestamp: 01/01/0001 00:00:00, LastErrorDetails: , Details: Finished pulling container image and mounting volumes for babitk-app. Allocatinng the rest of the container resources to finish container creation., DetailsLevel: INFO
2026-07-17T13:14:49.2627550+00:00 ContainerStatus: Creating container.
2026-07-17T13:14:49.2632278+00:00 ContainerStatus: Creating pipes for streaming container io.
2026-07-17T13:14:49.2723974+00:00 ContainerStatus: Creating stdout named pipe at /podr/container/pipe/a3696bceea60_babitk-app/stdout_106cbfe5ff0d4e109c0851805966ac49.
2026-07-17T13:14:49.2733152+00:00 ContainerStatus: Successfully created stdout named pipe at: /podr/container/pipe/a3696bceea60_babitk-app/stdout_106cbfe5ff0d4e109c0851805966ac49.
2026-07-17T13:14:49.2806788+00:00 ContainerStatus: Opening named pipe /podr/container/pipe/a3696bceea60_babitk-app/stdout_106cbfe5ff0d4e109c0851805966ac49 for reading in non-blocking mode.
2026-07-17T13:14:49.2809453+00:00 ContainerStatus: Successfully opened named pipe: /podr/container/pipe/a3696bceea60_babitk-app/stdout_106cbfe5ff0d4e109c0851805966ac49.
2026-07-17T13:14:49.2810334+00:00 ContainerStatus: Successfully removed non-blocking flag from /podr/container/pipe/a3696bceea60_babitk-app/stdout_106cbfe5ff0d4e109c0851805966ac49.
2026-07-17T13:14:49.2813777+00:00 ContainerStatus: Creating stderr named pipe at /podr/container/pipe/a3696bceea60_babitk-app/stderr_02df668ebefe46ab8124c444bbf83233.
2026-07-17T13:14:49.2816533+00:00 ContainerStatus: Successfully created stderr named pipe at: /podr/container/pipe/a3696bceea60_babitk-app/stderr_02df668ebefe46ab8124c444bbf83233.
2026-07-17T13:14:49.2817272+00:00 ContainerStatus: Opening named pipe /podr/container/pipe/a3696bceea60_babitk-app/stderr_02df668ebefe46ab8124c444bbf83233 for reading in non-blocking mode.
2026-07-17T13:14:49.2818126+00:00 ContainerStatus: Successfully opened named pipe: /podr/container/pipe/a3696bceea60_babitk-app/stderr_02df668ebefe46ab8124c444bbf83233.
2026-07-17T13:14:49.2819374+00:00 ContainerStatus: Successfully removed non-blocking flag from /podr/container/pipe/a3696bceea60_babitk-app/stderr_02df668ebefe46ab8124c444bbf83233.
2026-07-17T13:14:49.2822164+00:00 ContainerStatus: Creating container with image: appsvc/node:22-lts_20260504.4.tuxprod from registry: 10.1.0.6:13209 and fully qualified image name: 10.1.0.6:13209/appsvc/node:22-lts_20260504.4.tuxprod
2026-07-17T13:14:49.9308927+00:00 ContainerStatus: Starting container: a3696bceea60_babitk-app.
2026-07-17T13:14:50.0230621+00:00 ContainerStatus: Starting watchers and probes.
2026-07-17T13:14:50.0409785+00:00 ContainerStatus: Starting metrics collection.
2026-07-17T13:14:50.0414187+00:00 ContainerStatus: Container is running.
2026-07-17T13:14:50.0422327+00:00 ContainerStatus: State: Starting, Action: CreatingContainer, LastError: , LastErrorTimestamp: 01/01/0001 00:00:00, LastErrorDetails: , Details: Container babitk-app successfully created and is running., DetailsLevel: INFO
2026-07-17T13:14:50.3293589+00:00 ContainerStatus: Container start method finished after 2408 ms.
2026-07-17T13:14:50.3296773+00:00 ContainerStatus: State: Starting, Action: InitiatingSiteWarmUpProbe, LastError: , LastErrorTimestamp: 01/01/0001 00:00:00, LastErrorDetails: , Details: Container babitk-app successfully created and is running., DetailsLevel: INFO
2026-07-17T13:14:50.3296962+00:00 ContainerStatus: State: Starting, Action: WaitingForSiteWarmUpProbeSuccess, LastError: , LastErrorTimestamp: 01/01/0001 00:00:00, LastErrorDetails: , Details: Pinging warmup path to ensure container is ready to receive requests., DetailsLevel: INFO
2026-07-17T13:14:50.9874604+00:00 ContainerStream:    _____                               
2026-07-17T13:14:50.9876151+00:00 ContainerStream:   /  _  \ __________ _________   ____  
2026-07-17T13:14:50.9876199+00:00 ContainerStream:  /  /_\  \\___   /  |  \_  __ \_/ __ \ 
2026-07-17T13:14:50.9876217+00:00 ContainerStream: /    |    \/    /|  |  /|  | \/\  ___/ 
2026-07-17T13:14:50.9876234+00:00 ContainerStream: \____|__  /_____ \____/ |__|    \___  >
2026-07-17T13:14:50.9876298+00:00 ContainerStream:         \/      \/                  \/ 
2026-07-17T13:14:50.9876322+00:00 ContainerStream: A P P   S E R V I C E   O N   L I N U X
2026-07-17T13:14:50.9876338+00:00 ContainerStream: 
2026-07-17T13:14:50.9876360+00:00 ContainerStream: Documentation    : http://aka.ms/webapp-linux
2026-07-17T13:14:50.9876381+00:00 ContainerStream: NodeJS quickstart: https://aka.ms/node-qs
2026-07-17T13:14:50.9876399+00:00 ContainerStream: NodeJS Version   : v22.22.2
2026-07-17T13:14:50.9876416+00:00 ContainerStream: Instance Name    : lw1sdlwk0000OJ
2026-07-17T13:14:50.9876453+00:00 ContainerStream: Instance Id      : e853b0d521c13ae8cb31bbb09a3a1872c5b2865061d0d453c8b371a72b35cb7a
2026-07-17T13:14:50.9876470+00:00 ContainerStream: 
2026-07-17T13:14:50.9876487+00:00 ContainerStream: Note: Any data outside '/home' is not persisted
2026-07-17T13:14:54.6113333+00:00 ContainerStream: Starting OpenBSD Secure Shell server: sshd.
2026-07-17T13:14:54.7412492+00:00 ContainerStream: WEBSITES_INCLUDE_CLOUD_CERTS is not set to true.
2026-07-17T13:14:54.7712357+00:00 ContainerStream: Updating certificates in /etc/ssl/certs...
2026-07-17T13:15:24.7065379+00:00 ContainerStream: rehash: warning: skipping duplicate certificate in azl_SSL.com_TLS_ECC_Root_CA_2022.pem
2026-07-17T13:15:24.7074759+00:00 ContainerStream: rehash: warning: skipping duplicate certificate in azl_SSL.com_TLS_RSA_Root_CA_2022.pem
2026-07-17T13:15:24.9750319+00:00 ContainerStream: rehash: warning: skipping ca-certificates.crt,it does not contain exactly one certificate or CRL
2026-07-17T13:15:25.0723635+00:00 ContainerStream: 4 added, 0 removed; done.
2026-07-17T13:15:25.0737178+00:00 ContainerStream: Running hooks in /etc/ca-certificates/update.d...
2026-07-17T13:15:25.0846773+00:00 ContainerStream: done.
2026-07-17T13:15:25.1436194+00:00 ContainerStream: CA certificates copied and updated successfully.
2026-07-17T13:15:25.6229205+00:00 ContainerStream: Starting periodic command scheduler: cron.
2026-07-17T13:15:26.0721555+00:00 ContainerStream: Could not find build manifest file at '/home/site/wwwroot/oryx-manifest.toml'
2026-07-17T13:15:26.0731510+00:00 ContainerStream: Could not find operation ID in manifest. Generating an operation id...
2026-07-17T13:15:26.0738359+00:00 ContainerStream: Build Operation ID: 68d4ff92-60d6-41d3-b526-d34165d2d71a
2026-07-17T13:15:26.5221249+00:00 ContainerStream: Environment Variables for Application Insight's IPA Codeless Configuration exists..
2026-07-17T13:15:26.5518832+00:00 ContainerStream: Writing output script to '/opt/startup/startup.sh'
2026-07-17T13:15:26.6040797+00:00 ContainerStream: Running #!/bin/sh
2026-07-17T13:15:26.6041513+00:00 ContainerStream: 
2026-07-17T13:15:26.6041608+00:00 ContainerStream: # Enter the source directory to make sure the script runs where the user expects
2026-07-17T13:15:26.6041636+00:00 ContainerStream: cd "/home/site/wwwroot"
2026-07-17T13:15:26.6041652+00:00 ContainerStream: 
2026-07-17T13:15:26.6041670+00:00 ContainerStream: export NODE_PATH=/usr/local/lib/node_modules:$NODE_PATH
2026-07-17T13:15:26.6041687+00:00 ContainerStream: if [ -z "$PORT" ]; then
2026-07-17T13:15:26.6041708+00:00 ContainerStream: 		export PORT=8080
2026-07-17T13:15:26.6041723+00:00 ContainerStream: fi
2026-07-17T13:15:26.6041754+00:00 ContainerStream: 
2026-07-17T13:15:26.6324017+00:00 ContainerStream: PATH="$PATH:/home/site/wwwroot" pm2 serve /home/site/wwwroot --no-daemon --spa
2026-07-17T13:15:29.9043220+00:00 ContainerStream: 
2026-07-17T13:15:29.9043786+00:00 ContainerStream:                         -------------
2026-07-17T13:15:29.9043828+00:00 ContainerStream: 
2026-07-17T13:15:29.9043848+00:00 ContainerStream: __/\\\\\\\\\\\\\____/\\\\____________/\\\\____/\\\\\\\\\_____
2026-07-17T13:15:29.9043868+00:00 ContainerStream:  _\/\\\/////////\\\_\/\\\\\\________/\\\\\\__/\\\///////\\\___
2026-07-17T13:15:29.9043947+00:00 ContainerStream:   _\/\\\_______\/\\\_\/\\\//\\\____/\\\//\\\_\///______\//\\\__
2026-07-17T13:15:29.9043967+00:00 ContainerStream:    _\/\\\\\\\\\\\\\/__\/\\\\///\\\/\\\/_\/\\\___________/\\\/___
2026-07-17T13:15:29.9043987+00:00 ContainerStream:     _\/\\\/////////____\/\\\__\///\\\/___\/\\\________/\\\//_____
2026-07-17T13:15:29.9044005+00:00 ContainerStream:      _\/\\\_____________\/\\\____\///_____\/\\\_____/\\\//________
2026-07-17T13:15:29.9044023+00:00 ContainerStream:       _\/\\\_____________\/\\\_____________\/\\\___/\\\/___________
2026-07-17T13:15:29.9044042+00:00 ContainerStream:        _\/\\\_____________\/\\\_____________\/\\\__/\\\\\\\\\\\\\\\_
2026-07-17T13:15:29.9044069+00:00 ContainerStream:         _\///______________\///______________\///__\///////////////__
2026-07-17T13:15:29.9044085+00:00 ContainerStream: 
2026-07-17T13:15:29.9044100+00:00 ContainerStream: 
2026-07-17T13:15:29.9044117+00:00 ContainerStream:                           Runtime Edition
2026-07-17T13:15:29.9044132+00:00 ContainerStream: 
2026-07-17T13:15:29.9044149+00:00 ContainerStream:         PM2 is a Production Process Manager for Node.js applications
2026-07-17T13:15:29.9044198+00:00 ContainerStream:                      with a built-in Load Balancer.
2026-07-17T13:15:29.9044216+00:00 ContainerStream: 
2026-07-17T13:15:29.9044233+00:00 ContainerStream:                 Start and Daemonize any application:
2026-07-17T13:15:29.9044250+00:00 ContainerStream:                 $ pm2 start app.js
2026-07-17T13:15:29.9044264+00:00 ContainerStream: 
2026-07-17T13:15:29.9044281+00:00 ContainerStream:                 Load Balance 4 instances of api.js:
2026-07-17T13:15:29.9044298+00:00 ContainerStream:                 $ pm2 start api.js -i 4
2026-07-17T13:15:29.9044313+00:00 ContainerStream: 
2026-07-17T13:15:29.9044349+00:00 ContainerStream:                 Monitor in production:
2026-07-17T13:15:29.9044367+00:00 ContainerStream:                 $ pm2 monitor
2026-07-17T13:15:29.9044382+00:00 ContainerStream: 
2026-07-17T13:15:29.9044400+00:00 ContainerStream:                 Make pm2 auto-boot at server restart:
2026-07-17T13:15:29.9044416+00:00 ContainerStream:                 $ pm2 startup
2026-07-17T13:15:29.9044430+00:00 ContainerStream: 
2026-07-17T13:15:29.9044446+00:00 ContainerStream:                 To go further checkout:
2026-07-17T13:15:29.9318521+00:00 ContainerStream:                 http://pm2.io/
2026-07-17T13:15:29.9318747+00:00 ContainerStream: 
2026-07-17T13:15:29.9318783+00:00 ContainerStream: 
2026-07-17T13:15:29.9318808+00:00 ContainerStream:                         -------------
2026-07-17T13:15:29.9318843+00:00 ContainerStream: 
2026-07-17T13:15:29.9523428+00:00 ContainerStream: pm2 launched in no-daemon mode (you can add DEBUG="*" env variable to get more messages)
2026-07-17T13:15:30.6820523+00:00 ContainerStream: 2026-07-17T13:15:30: PM2 log: Launching in no daemon mode
2026-07-17T13:15:30.8121390+00:00 ContainerStream: 2026-07-17T13:15:30: PM2 log: [PM2] This PM2 is not UP TO DATE
2026-07-17T13:15:30.8136006+00:00 ContainerStream: 2026-07-17T13:15:30: PM2 log: [PM2] Upgrade to version 7.0.3
2026-07-17T13:15:30.8523224+00:00 ContainerStream: 2026-07-17T13:15:30: PM2 log: [PM2] Starting /usr/local/lib/node_modules/pm2/lib/API/Serve.js in fork_mode (1 instance)
2026-07-17T13:15:30.8619579+00:00 ContainerStream: 2026-07-17T13:15:30: PM2 log: App [static-page-server-8080:0] starting in -fork mode-
2026-07-17T13:15:30.8946042+00:00 ContainerStream: 2026-07-17T13:15:30: PM2 log: App [static-page-server-8080:0] online
2026-07-17T13:15:30.9223429+00:00 ContainerStream: 2026-07-17T13:15:30: PM2 log: [PM2] Done.
2026-07-17T13:15:30.9235107+00:00 ContainerStream: 2026-07-17T13:15:30: PM2 log: [PM2] Serving /home/site/wwwroot on port 8080
2026-07-17T13:15:31.0730350+00:00 ContainerStream: 2026-07-17T13:15:31: PM2 log: ┌────┬────────────────────────────┬─────────────┬─────────┬─────────┬──────────┬────────┬──────┬───────────┬──────────┬──────────┬──────────┬──────────┐
2026-07-17T13:15:31.0730915+00:00 ContainerStream: │ id │ name                       │ namespace   │ version │ mode    │ pid      │ uptime │ ↺    │ status    │ cpu      │ mem      │ user     │ watching │
2026-07-17T13:15:31.0731024+00:00 ContainerStream: ├────┼────────────────────────────┼─────────────┼─────────┼─────────┼──────────┼────────┼──────┼───────────┼──────────┼──────────┼──────────┼──────────┤
2026-07-17T13:15:31.0731055+00:00 ContainerStream: │ 0  │ static-page-server-8080    │ default     │ 6.0.5   │ fork    │ 1873     │ 0s     │ 0    │ online    │ 0%       │ 32.0mb   │ root     │ disabled │
2026-07-17T13:15:31.0731095+00:00 ContainerStream: └────┴────────────────────────────┴─────────────┴─────────┴─────────┴──────────┴────────┴──────┴───────────┴──────────┴──────────┴──────────┴──────────┘
2026-07-17T13:15:31.1031093+00:00 ContainerStream: 2026-07-17T13:15:31: PM2 log: [--no-daemon] Continue to stream logs
2026-07-17T13:15:31.1041992+00:00 ContainerStream: 2026-07-17T13:15:31: PM2 log: [--no-daemon] Exit on target PM2 exit pid=1854
2026-07-17T13:15:31.7425784+00:00 ContainerStream: 13:15:31 0|static-page-server-8080  | Exposing /home/site/wwwroot directory on 0.0.0.0:8080
2026-07-17T13:15:32.3973397+00:00 ContainerStatus: Site startup probe succeeded after 42.0389343 seconds.
2026-07-17T13:15:32.5860989+00:00 ContainerStatus: State: Starting, Action: WarmUpProbeSucceeded, LastError: , LastErrorTimestamp: 01/01/0001 00:00:00, LastErrorDetails: , Details: Site startup probe succeeded after 42.0389343 seconds., DetailsLevel: INFO
2026-07-17T13:15:32.8462541+00:00 ContainerStatus: Site is running with deployment version: aa9e51b8-6ed9-410b-8ab1-411619f776dc
2026-07-17T13:15:32.8467949+00:00 ContainerStatus: Site started.
2026-07-17T13:15:32.8472501+00:00 ContainerStatus: State: Started, Action: None, LastError: , LastErrorTimestamp: 01/01/0001 00:00:00, LastErrorDetails: , Details: Site started at 07/17/2026 13:15:32 (UTC), DetailsLevel: INFO
2026-07-17T13:15:32.8478271+00:00 ContainerStatus: Site is running with patch version NODE-22.22.2
========== New Cold Start Attempt (2026-07-17T13:15:53.0002881+00:00) ==========
2026-07-17T13:15:53.0002881+00:00 ContainerStatus: State: Stopping, Action: StoppingSiteContainers, LastError: ContainerTimeout, LastErrorTimestamp: 07/17/2026 12:48:17, LastErrorDetails: Container did not start within expected time limit of 230s. Please inspect your container logs for more details., Details: Site started at 07/17/2026 13:14:17 (UTC), DetailsLevel: INFO
2026-07-17T13:15:53.0023734+00:00 ContainerStatus: Container is terminating. Grace period: 5 seconds.
2026-07-17T13:15:53.0127527+00:00 ContainerStatus: Stop and delete container. Retry count = 0
2026-07-17T13:15:53.0128543+00:00 ContainerStatus: Stopping container: 9d419ec1debe_babitk-app.
2026-07-17T13:15:58.1568605+00:00 ContainerStatus: Deleting container: 9d419ec1debe_babitk-app. Retry count = 0
2026-07-17T13:15:58.3891700+00:00 ContainerStatus: Container spec TerminationMessagePolicy  path 
2026-07-17T13:15:58.3982065+00:00 ContainerStatus: Container is terminated. Total time elapsed: 5387 ms.
2026-07-17T13:15:58.3983479+00:00 ContainerStatus: Site: babitk-app stopped.
2026-07-17T13:47:21.6374195+00:00 ContainerStatus: State: Starting, Action: EstablishingSiteNetworks, LastError: , LastErrorTimestamp: 01/01/0001 00:00:00, LastErrorDetails: , Details: , DetailsLevel: INFO
2026-07-17T13:47:24.6761486+00:00 ContainerStatus: State: Starting, Action: StartingSiteContainers, LastError: , LastErrorTimestamp: 01/01/0001 00:00:00, LastErrorDetails: , Details: , DetailsLevel: INFO
2026-07-17T13:47:24.6762468+00:00 ContainerStatus: Container start method called.
2026-07-17T13:47:24.6768541+00:00 ContainerStatus: State: Starting, Action: PullingImage, LastError: , LastErrorTimestamp: 01/01/0001 00:00:00, LastErrorDetails: , Details: Pulling image 10.1.0.4:13209/appsvc/node:22-lts_20260504.4.tuxprod for babitk-app., DetailsLevel: INFO
2026-07-17T13:47:24.6769480+00:00 ContainerStatus: Establishing network.
2026-07-17T13:47:24.6770120+00:00 ContainerStatus: Pulling image: appsvc/node:22-lts_20260504.4.tuxprod.
2026-07-17T13:47:25.7929168+00:00 ContainerStatus: Container is starting.
2026-07-17T13:47:25.7930119+00:00 ContainerStatus: State: Starting, Action: MountingVolumes, LastError: , LastErrorTimestamp: 01/01/0001 00:00:00, LastErrorDetails: , Details: Mounting volumes for babitk-app., DetailsLevel: INFO
2026-07-17T13:47:25.7930696+00:00 ContainerStatus: Establishing user namespace if not established already.
2026-07-17T13:47:25.7931250+00:00 ContainerStatus: Establishing network if not established already.
2026-07-17T13:47:25.7931885+00:00 ContainerStatus: Mounting volumes.
2026-07-17T13:47:25.7932794+00:00 ContainerStatus: Nested mountpoint 
2026-07-17T13:47:25.8649768+00:00 ContainerStatus: Nested mountpoint volatile/logs
2026-07-17T13:47:25.9631997+00:00 ContainerStatus: Nested mountpoint 
2026-07-17T13:47:26.1949144+00:00 ContainerStatus: Nested mountpoint 
2026-07-17T13:47:26.2342137+00:00 ContainerStatus: Nested mountpoint 
2026-07-17T13:47:26.3052330+00:00 ContainerStatus: Nested mountpoint 
2026-07-17T13:47:27.0897569+00:00 ContainerStatus: State: Starting, Action: CreatingContainer, LastError: , LastErrorTimestamp: 01/01/0001 00:00:00, LastErrorDetails: , Details: Finished pulling container image and mounting volumes for babitk-app. Allocatinng the rest of the container resources to finish container creation., DetailsLevel: INFO
2026-07-17T13:47:27.0899877+00:00 ContainerStatus: Creating container.
2026-07-17T13:47:27.1101557+00:00 ContainerStatus: Creating pipes for streaming container io.
2026-07-17T13:47:27.1176221+00:00 ContainerStatus: Creating stdout named pipe at /podr/container/pipe/d12a383d1fa8_babitk-app/stdout_ff8b4e8bc74247f8aa116ff8ac9bec8a.
2026-07-17T13:47:27.1188595+00:00 ContainerStatus: Successfully created stdout named pipe at: /podr/container/pipe/d12a383d1fa8_babitk-app/stdout_ff8b4e8bc74247f8aa116ff8ac9bec8a.
2026-07-17T13:47:27.1192952+00:00 ContainerStatus: Opening named pipe /podr/container/pipe/d12a383d1fa8_babitk-app/stdout_ff8b4e8bc74247f8aa116ff8ac9bec8a for reading in non-blocking mode.
2026-07-17T13:47:27.1198673+00:00 ContainerStatus: Successfully opened named pipe: /podr/container/pipe/d12a383d1fa8_babitk-app/stdout_ff8b4e8bc74247f8aa116ff8ac9bec8a.
2026-07-17T13:47:27.1201796+00:00 ContainerStatus: Successfully removed non-blocking flag from /podr/container/pipe/d12a383d1fa8_babitk-app/stdout_ff8b4e8bc74247f8aa116ff8ac9bec8a.
2026-07-17T13:47:27.1285254+00:00 ContainerStatus: Creating stderr named pipe at /podr/container/pipe/d12a383d1fa8_babitk-app/stderr_7fccc2b418554f0bab1c61115c3cdf42.
2026-07-17T13:47:27.1290670+00:00 ContainerStatus: Successfully created stderr named pipe at: /podr/container/pipe/d12a383d1fa8_babitk-app/stderr_7fccc2b418554f0bab1c61115c3cdf42.
2026-07-17T13:47:27.1293248+00:00 ContainerStatus: Opening named pipe /podr/container/pipe/d12a383d1fa8_babitk-app/stderr_7fccc2b418554f0bab1c61115c3cdf42 for reading in non-blocking mode.
2026-07-17T13:47:27.1297365+00:00 ContainerStatus: Successfully opened named pipe: /podr/container/pipe/d12a383d1fa8_babitk-app/stderr_7fccc2b418554f0bab1c61115c3cdf42.
2026-07-17T13:47:27.1298367+00:00 ContainerStatus: Successfully removed non-blocking flag from /podr/container/pipe/d12a383d1fa8_babitk-app/stderr_7fccc2b418554f0bab1c61115c3cdf42.
2026-07-17T13:47:27.1478276+00:00 ContainerStatus: Creating container with image: appsvc/node:22-lts_20260504.4.tuxprod from registry: 10.1.0.4:13209 and fully qualified image name: 10.1.0.4:13209/appsvc/node:22-lts_20260504.4.tuxprod
2026-07-17T13:47:28.1820468+00:00 ContainerStatus: Starting container: d12a383d1fa8_babitk-app.
2026-07-17T13:47:28.4180191+00:00 ContainerStatus: Starting watchers and probes.
2026-07-17T13:47:28.4584779+00:00 ContainerStatus: Starting metrics collection.
2026-07-17T13:47:28.4596777+00:00 ContainerStatus: Container is running.
2026-07-17T13:47:28.4599717+00:00 ContainerStatus: State: Starting, Action: CreatingContainer, LastError: , LastErrorTimestamp: 01/01/0001 00:00:00, LastErrorDetails: , Details: Container babitk-app successfully created and is running., DetailsLevel: INFO
2026-07-17T13:47:29.2570910+00:00 ContainerStatus: Container start method finished after 4580 ms.
2026-07-17T13:47:29.2665743+00:00 ContainerStatus: State: Starting, Action: InitiatingSiteWarmUpProbe, LastError: , LastErrorTimestamp: 01/01/0001 00:00:00, LastErrorDetails: , Details: Container babitk-app successfully created and is running., DetailsLevel: INFO
2026-07-17T13:47:29.2686452+00:00 ContainerStatus: State: Starting, Action: WaitingForSiteWarmUpProbeSuccess, LastError: , LastErrorTimestamp: 01/01/0001 00:00:00, LastErrorDetails: , Details: Pinging warmup path to ensure container is ready to receive requests., DetailsLevel: INFO
2026-07-17T13:47:29.5006228+00:00 ContainerStream:    _____                               
2026-07-17T13:47:29.5007890+00:00 ContainerStream:   /  _  \ __________ _________   ____  
2026-07-17T13:47:29.5008603+00:00 ContainerStream:  /  /_\  \\___   /  |  \_  __ \_/ __ \ 
2026-07-17T13:47:29.5008625+00:00 ContainerStream: /    |    \/    /|  |  /|  | \/\  ___/ 
2026-07-17T13:47:29.5008643+00:00 ContainerStream: \____|__  /_____ \____/ |__|    \___  >
2026-07-17T13:47:29.5008669+00:00 ContainerStream:         \/      \/                  \/ 
2026-07-17T13:47:29.5008687+00:00 ContainerStream: A P P   S E R V I C E   O N   L I N U X
2026-07-17T13:47:29.5008703+00:00 ContainerStream: 
2026-07-17T13:47:29.5008738+00:00 ContainerStream: Documentation    : http://aka.ms/webapp-linux
2026-07-17T13:47:29.5008759+00:00 ContainerStream: NodeJS quickstart: https://aka.ms/node-qs
2026-07-17T13:47:29.5008776+00:00 ContainerStream: NodeJS Version   : v22.22.2
2026-07-17T13:47:29.5008794+00:00 ContainerStream: Instance Name    : lw1sdlwk0000OJ
2026-07-17T13:47:29.5008816+00:00 ContainerStream: Instance Id      : e853b0d521c13ae8cb31bbb09a3a1872c5b2865061d0d453c8b371a72b35cb7a
2026-07-17T13:47:29.5008832+00:00 ContainerStream: 
2026-07-17T13:47:29.5008863+00:00 ContainerStream: Note: Any data outside '/home' is not persisted
2026-07-17T13:47:37.2877243+00:00 ContainerStream: Starting OpenBSD Secure Shell server: sshd.
2026-07-17T13:47:37.3190391+00:00 ContainerStream: WEBSITES_INCLUDE_CLOUD_CERTS is not set to true.
2026-07-17T13:47:37.4172691+00:00 ContainerStream: Updating certificates in /etc/ssl/certs...
2026-07-17T13:48:10.4806059+00:00 ContainerStream: rehash: warning: skipping duplicate certificate in azl_SSL.com_TLS_ECC_Root_CA_2022.pem
2026-07-17T13:48:10.4816380+00:00 ContainerStream: rehash: warning: skipping duplicate certificate in azl_SSL.com_TLS_RSA_Root_CA_2022.pem
2026-07-17T13:48:11.0301748+00:00 ContainerStream: rehash: warning: skipping ca-certificates.crt,it does not contain exactly one certificate or CRL
2026-07-17T13:48:11.1413107+00:00 ContainerStream: 4 added, 0 removed; done.
2026-07-17T13:48:11.1504991+00:00 ContainerStream: Running hooks in /etc/ca-certificates/update.d...
2026-07-17T13:48:11.1714183+00:00 ContainerStream: done.
2026-07-17T13:48:11.2016908+00:00 ContainerStream: CA certificates copied and updated successfully.
2026-07-17T13:48:11.5410169+00:00 ContainerStream: Starting periodic command scheduler: cron.
2026-07-17T13:48:12.4013110+00:00 ContainerStream: Could not find build manifest file at '/home/site/wwwroot/oryx-manifest.toml'
2026-07-17T13:48:12.4020241+00:00 ContainerStream: Could not find operation ID in manifest. Generating an operation id...
2026-07-17T13:48:12.4110202+00:00 ContainerStream: Build Operation ID: ed73389b-9b4d-4f4c-8238-2fb8bac6ebf5
2026-07-17T13:48:13.6107265+00:00 ContainerStream: Environment Variables for Application Insight's IPA Codeless Configuration exists..
2026-07-17T13:48:13.6783431+00:00 ContainerStream: Writing output script to '/opt/startup/startup.sh'
2026-07-17T13:48:13.9098629+00:00 ContainerStream: Running #!/bin/sh
2026-07-17T13:48:13.9099277+00:00 ContainerStream: 
2026-07-17T13:48:13.9099372+00:00 ContainerStream: # Enter the source directory to make sure the script runs where the user expects
2026-07-17T13:48:13.9099403+00:00 ContainerStream: cd "/home/site/wwwroot"
2026-07-17T13:48:13.9099420+00:00 ContainerStream: 
2026-07-17T13:48:13.9099439+00:00 ContainerStream: export NODE_PATH=/usr/local/lib/node_modules:$NODE_PATH
2026-07-17T13:48:13.9099458+00:00 ContainerStream: if [ -z "$PORT" ]; then
2026-07-17T13:48:13.9099475+00:00 ContainerStream: 		export PORT=8080
2026-07-17T13:48:13.9099491+00:00 ContainerStream: fi
2026-07-17T13:48:13.9099520+00:00 ContainerStream: 
2026-07-17T13:48:13.9184446+00:00 ContainerStream: PATH="$PATH:/home/site/wwwroot" pm2 serve /home/site/wwwroot --no-daemon --spa
2026-07-17T13:48:22.7986964+00:00 ContainerStream: 
2026-07-17T13:48:22.7987512+00:00 ContainerStream:                         -------------
2026-07-17T13:48:22.7987549+00:00 ContainerStream: 
2026-07-17T13:48:22.7987569+00:00 ContainerStream: __/\\\\\\\\\\\\\____/\\\\____________/\\\\____/\\\\\\\\\_____
2026-07-17T13:48:22.7987589+00:00 ContainerStream:  _\/\\\/////////\\\_\/\\\\\\________/\\\\\\__/\\\///////\\\___
2026-07-17T13:48:22.7987608+00:00 ContainerStream:   _\/\\\_______\/\\\_\/\\\//\\\____/\\\//\\\_\///______\//\\\__
2026-07-17T13:48:22.7987628+00:00 ContainerStream:    _\/\\\\\\\\\\\\\/__\/\\\\///\\\/\\\/_\/\\\___________/\\\/___
2026-07-17T13:48:22.7987671+00:00 ContainerStream:     _\/\\\/////////____\/\\\__\///\\\/___\/\\\________/\\\//_____
2026-07-17T13:48:22.7987693+00:00 ContainerStream:      _\/\\\_____________\/\\\____\///_____\/\\\_____/\\\//________
2026-07-17T13:48:22.7987713+00:00 ContainerStream:       _\/\\\_____________\/\\\_____________\/\\\___/\\\/___________
2026-07-17T13:48:22.7987733+00:00 ContainerStream:        _\/\\\_____________\/\\\_____________\/\\\__/\\\\\\\\\\\\\\\_
2026-07-17T13:48:22.7987752+00:00 ContainerStream:         _\///______________\///______________\///__\///////////////__
2026-07-17T13:48:22.7987768+00:00 ContainerStream: 
2026-07-17T13:48:22.7987783+00:00 ContainerStream: 
2026-07-17T13:48:22.7987810+00:00 ContainerStream:                           Runtime Edition
2026-07-17T13:48:22.7987827+00:00 ContainerStream: 
2026-07-17T13:48:22.7987845+00:00 ContainerStream:         PM2 is a Production Process Manager for Node.js applications
2026-07-17T13:48:22.7987888+00:00 ContainerStream:                      with a built-in Load Balancer.
2026-07-17T13:48:22.7987905+00:00 ContainerStream: 
2026-07-17T13:48:22.7987923+00:00 ContainerStream:                 Start and Daemonize any application:
2026-07-17T13:48:22.7987952+00:00 ContainerStream:                 $ pm2 start app.js
2026-07-17T13:48:22.7987969+00:00 ContainerStream: 
2026-07-17T13:48:22.7987986+00:00 ContainerStream:                 Load Balance 4 instances of api.js:
2026-07-17T13:48:22.7988003+00:00 ContainerStream:                 $ pm2 start api.js -i 4
2026-07-17T13:48:22.7988019+00:00 ContainerStream: 
2026-07-17T13:48:22.7988036+00:00 ContainerStream:                 Monitor in production:
2026-07-17T13:48:22.7988053+00:00 ContainerStream:                 $ pm2 monitor
2026-07-17T13:48:22.7988079+00:00 ContainerStream: 
2026-07-17T13:48:22.7988098+00:00 ContainerStream:                 Make pm2 auto-boot at server restart:
2026-07-17T13:48:22.7988115+00:00 ContainerStream:                 $ pm2 startup
2026-07-17T13:48:22.7988130+00:00 ContainerStream: 
2026-07-17T13:48:22.7988146+00:00 ContainerStream:                 To go further checkout:
2026-07-17T13:48:22.7993400+00:00 ContainerStream:                 http://pm2.io/
2026-07-17T13:48:22.7993545+00:00 ContainerStream: 
2026-07-17T13:48:22.7993566+00:00 ContainerStream: 
2026-07-17T13:48:22.7993584+00:00 ContainerStream:                         -------------
2026-07-17T13:48:22.7993602+00:00 ContainerStream: 
2026-07-17T13:48:22.8088571+00:00 ContainerStream: pm2 launched in no-daemon mode (you can add DEBUG="*" env variable to get more messages)
2026-07-17T13:48:25.4768994+00:00 ContainerStream: 2026-07-17T13:48:25: PM2 log: Launching in no daemon mode
2026-07-17T13:48:26.0859203+00:00 ContainerStream: 2026-07-17T13:48:26: PM2 log: [PM2] This PM2 is not UP TO DATE
2026-07-17T13:48:26.1046239+00:00 ContainerStream: 2026-07-17T13:48:26: PM2 log: [PM2] Upgrade to version 7.0.3
2026-07-17T13:48:26.3144947+00:00 ContainerStream: 2026-07-17T13:48:26: PM2 log: [PM2] Starting /usr/local/lib/node_modules/pm2/lib/API/Serve.js in fork_mode (1 instance)
2026-07-17T13:48:26.3558219+00:00 ContainerStream: 2026-07-17T13:48:26: PM2 log: App [static-page-server-8080:0] starting in -fork mode-
2026-07-17T13:48:26.5443133+00:00 ContainerStream: 2026-07-17T13:48:26: PM2 log: App [static-page-server-8080:0] online
2026-07-17T13:48:26.5937162+00:00 ContainerStream: 2026-07-17T13:48:26: PM2 log: [PM2] Done.
2026-07-17T13:48:26.5950376+00:00 ContainerStream: 2026-07-17T13:48:26: PM2 log: [PM2] Serving /home/site/wwwroot on port 8080
2026-07-17T13:48:27.2040107+00:00 ContainerStream: 2026-07-17T13:48:27: PM2 log: ┌────┬────────────────────────────┬─────────────┬─────────┬─────────┬──────────┬────────┬──────┬───────────┬──────────┬──────────┬──────────┬──────────┐
2026-07-17T13:48:27.2040785+00:00 ContainerStream: │ id │ name                       │ namespace   │ version │ mode    │ pid      │ uptime │ ↺    │ status    │ cpu      │ mem      │ user     │ watching │
2026-07-17T13:48:27.2040838+00:00 ContainerStream: ├────┼────────────────────────────┼─────────────┼─────────┼─────────┼──────────┼────────┼──────┼───────────┼──────────┼──────────┼──────────┼──────────┤
2026-07-17T13:48:27.2040934+00:00 ContainerStream: │ 0  │ static-page-server-8080    │ default     │ 6.0.5   │ fork    │ 1873     │ 0s     │ 0    │ online    │ 0%       │ 30.5mb   │ root     │ disabled │
2026-07-17T13:48:27.2040973+00:00 ContainerStream: └────┴────────────────────────────┴─────────────┴─────────┴─────────┴──────────┴────────┴──────┴───────────┴──────────┴──────────┴──────────┴──────────┘
2026-07-17T13:48:27.2812115+00:00 ContainerStream: 2026-07-17T13:48:27: PM2 log: [--no-daemon] Continue to stream logs
2026-07-17T13:48:27.2826758+00:00 ContainerStream: 2026-07-17T13:48:27: PM2 log: [--no-daemon] Exit on target PM2 exit pid=1854
2026-07-17T13:48:29.0914763+00:00 ContainerStream: 13:48:29 0|static-page-server-8080  | Exposing /home/site/wwwroot directory on 0.0.0.0:8080
2026-07-17T13:48:29.4627501+00:00 ContainerStatus: Site startup probe succeeded after 60.1463396 seconds.
2026-07-17T13:48:29.7832744+00:00 ContainerStatus: State: Starting, Action: WarmUpProbeSucceeded, LastError: , LastErrorTimestamp: 01/01/0001 00:00:00, LastErrorDetails: , Details: Site startup probe succeeded after 60.1463396 seconds., DetailsLevel: INFO
2026-07-17T13:48:32.8578131+00:00 ContainerStatus: Site is running with deployment version: ff43bc18-08b9-4ae0-9097-b8a6796aae73
2026-07-17T13:48:32.8583880+00:00 ContainerStatus: Site started.
2026-07-17T13:48:32.8678980+00:00 ContainerStatus: State: Started, Action: None, LastError: , LastErrorTimestamp: 01/01/0001 00:00:00, LastErrorDetails: , Details: Site started at 07/17/2026 13:48:32 (UTC), DetailsLevel: INFO
2026-07-17T13:48:32.8981064+00:00 ContainerStatus: Site is running with patch version NODE-22.22.2
========== New Cold Start Attempt (2026-07-17T13:49:36.6641611+00:00) ==========
2026-07-17T13:49:36.6641611+00:00 ContainerStatus: State: Stopping, Action: StoppingSite, LastError: ContainerTimeout, LastErrorTimestamp: 07/17/2026 12:48:17, LastErrorDetails: Container did not start within expected time limit of 230s. Please inspect your container logs for more details., Details: Site started at 07/17/2026 13:48:32 (UTC), DetailsLevel: INFO
2026-07-17T13:49:36.6643742+00:00 ContainerStatus: State: Stopping, Action: StoppingSiteContainers, LastError: ContainerTimeout, LastErrorTimestamp: 07/17/2026 12:48:17, LastErrorDetails: Container did not start within expected time limit of 230s. Please inspect your container logs for more details., Details: Site started at 07/17/2026 13:48:32 (UTC), DetailsLevel: INFO
2026-07-17T13:49:36.6644556+00:00 ContainerStatus: Container is terminating. Grace period: 5 seconds.
2026-07-17T13:49:36.6685522+00:00 ContainerStatus: Stop and delete container. Retry count = 0
2026-07-17T13:49:36.6692408+00:00 ContainerStatus: Stopping container: d12a383d1fa8_babitk-app.
2026-07-17T13:49:42.0835348+00:00 ContainerStatus: Deleting container: d12a383d1fa8_babitk-app. Retry count = 0
2026-07-17T13:49:42.3949678+00:00 ContainerStatus: Container spec TerminationMessagePolicy  path 
2026-07-17T13:49:42.3951069+00:00 ContainerStatus: Container is terminated. Total time elapsed: 5730 ms.
2026-07-17T13:49:42.4025320+00:00 ContainerStatus: Site: babitk-app stopped.
2026-07-17T13:52:30.5609181+00:00 ContainerStatus: State: Starting, Action: EstablishingSiteNetworks, LastError: ContainerTimeout, LastErrorTimestamp: 07/17/2026 13:49:07, LastErrorDetails: Container did not start within expected time limit of 600s. Please inspect your container logs for more details., Details: Site stopped at 07/17/2026 13:49:15 (UTC), DetailsLevel: ERR
2026-07-17T13:52:31.9200875+00:00 ContainerStatus: State: Starting, Action: StartingSiteContainers, LastError: ContainerTimeout, LastErrorTimestamp: 07/17/2026 13:49:07, LastErrorDetails: Container did not start within expected time limit of 600s. Please inspect your container logs for more details., Details: Site stopped at 07/17/2026 13:49:15 (UTC), DetailsLevel: ERR
2026-07-17T13:52:31.9204836+00:00 ContainerStatus: Container start method called.
2026-07-17T13:52:31.9216877+00:00 ContainerStatus: State: Starting, Action: PullingImage, LastError: ContainerTimeout, LastErrorTimestamp: 07/17/2026 13:49:07, LastErrorDetails: Container did not start within expected time limit of 600s. Please inspect your container logs for more details., Details: Pulling image 10.1.0.4:13209/appsvc/node:22-lts_20260504.4.tuxprod for babitk-app., DetailsLevel: INFO
2026-07-17T13:52:31.9219914+00:00 ContainerStatus: Establishing network.
2026-07-17T13:52:31.9299742+00:00 ContainerStatus: Pulling image: appsvc/node:22-lts_20260504.4.tuxprod.
2026-07-17T13:52:32.2037492+00:00 ContainerStatus: Container is starting.
2026-07-17T13:52:32.2038410+00:00 ContainerStatus: State: Starting, Action: MountingVolumes, LastError: ContainerTimeout, LastErrorTimestamp: 07/17/2026 13:49:07, LastErrorDetails: Container did not start within expected time limit of 600s. Please inspect your container logs for more details., Details: Mounting volumes for babitk-app., DetailsLevel: INFO
2026-07-17T13:52:32.2041298+00:00 ContainerStatus: Establishing user namespace if not established already.
2026-07-17T13:52:32.2042271+00:00 ContainerStatus: Establishing network if not established already.
2026-07-17T13:52:32.2044905+00:00 ContainerStatus: Mounting volumes.
2026-07-17T13:52:32.2046298+00:00 ContainerStatus: Nested mountpoint 
2026-07-17T13:52:32.2445228+00:00 ContainerStatus: Nested mountpoint volatile/logs
2026-07-17T13:52:32.2860281+00:00 ContainerStatus: Nested mountpoint 
2026-07-17T13:52:32.3048317+00:00 ContainerStatus: Nested mountpoint 
2026-07-17T13:52:32.3139590+00:00 ContainerStatus: Nested mountpoint 
2026-07-17T13:52:32.3161059+00:00 ContainerStatus: Nested mountpoint 
2026-07-17T13:52:32.6249627+00:00 ContainerStatus: State: Starting, Action: CreatingContainer, LastError: ContainerTimeout, LastErrorTimestamp: 07/17/2026 13:49:07, LastErrorDetails: Container did not start within expected time limit of 600s. Please inspect your container logs for more details., Details: Finished pulling container image and mounting volumes for babitk-app. Allocatinng the rest of the container resources to finish container creation., DetailsLevel: INFO
2026-07-17T13:52:32.6255168+00:00 ContainerStatus: Creating container.
2026-07-17T13:52:32.6258429+00:00 ContainerStatus: Creating pipes for streaming container io.
2026-07-17T13:52:32.6345197+00:00 ContainerStatus: Creating stdout named pipe at /podr/container/pipe/7db748f4611b_babitk-app/stdout_667c9cc0a6264e14a729e40748bf6ec1.
2026-07-17T13:52:32.6348036+00:00 ContainerStatus: Successfully created stdout named pipe at: /podr/container/pipe/7db748f4611b_babitk-app/stdout_667c9cc0a6264e14a729e40748bf6ec1.
2026-07-17T13:52:32.6348627+00:00 ContainerStatus: Opening named pipe /podr/container/pipe/7db748f4611b_babitk-app/stdout_667c9cc0a6264e14a729e40748bf6ec1 for reading in non-blocking mode.
2026-07-17T13:52:32.6349324+00:00 ContainerStatus: Successfully opened named pipe: /podr/container/pipe/7db748f4611b_babitk-app/stdout_667c9cc0a6264e14a729e40748bf6ec1.
2026-07-17T13:52:32.6349829+00:00 ContainerStatus: Successfully removed non-blocking flag from /podr/container/pipe/7db748f4611b_babitk-app/stdout_667c9cc0a6264e14a729e40748bf6ec1.
2026-07-17T13:52:32.6437662+00:00 ContainerStatus: Creating stderr named pipe at /podr/container/pipe/7db748f4611b_babitk-app/stderr_44bb04e7f18a486a8b60e57ca7b77da6.
2026-07-17T13:52:32.6439173+00:00 ContainerStatus: Successfully created stderr named pipe at: /podr/container/pipe/7db748f4611b_babitk-app/stderr_44bb04e7f18a486a8b60e57ca7b77da6.
2026-07-17T13:52:32.6439681+00:00 ContainerStatus: Opening named pipe /podr/container/pipe/7db748f4611b_babitk-app/stderr_44bb04e7f18a486a8b60e57ca7b77da6 for reading in non-blocking mode.
2026-07-17T13:52:32.6444934+00:00 ContainerStatus: Successfully opened named pipe: /podr/container/pipe/7db748f4611b_babitk-app/stderr_44bb04e7f18a486a8b60e57ca7b77da6.
2026-07-17T13:52:32.6448463+00:00 ContainerStatus: Successfully removed non-blocking flag from /podr/container/pipe/7db748f4611b_babitk-app/stderr_44bb04e7f18a486a8b60e57ca7b77da6.
2026-07-17T13:52:32.6449671+00:00 ContainerStatus: Creating container with image: appsvc/node:22-lts_20260504.4.tuxprod from registry: 10.1.0.4:13209 and fully qualified image name: 10.1.0.4:13209/appsvc/node:22-lts_20260504.4.tuxprod
2026-07-17T13:52:33.1164499+00:00 ContainerStatus: Starting container: 7db748f4611b_babitk-app.
2026-07-17T13:52:33.1822903+00:00 ContainerStatus: Starting watchers and probes.
2026-07-17T13:52:33.1830898+00:00 ContainerStatus: Starting metrics collection.
2026-07-17T13:52:33.1832594+00:00 ContainerStatus: Container is running.
2026-07-17T13:52:33.1833474+00:00 ContainerStatus: State: Starting, Action: CreatingContainer, LastError: ContainerTimeout, LastErrorTimestamp: 07/17/2026 13:49:07, LastErrorDetails: Container did not start within expected time limit of 600s. Please inspect your container logs for more details., Details: Container babitk-app successfully created and is running., DetailsLevel: INFO
2026-07-17T13:52:33.3528520+00:00 ContainerStatus: Container start method finished after 1432 ms.
2026-07-17T13:52:33.3532351+00:00 ContainerStatus: State: Starting, Action: InitiatingSiteWarmUpProbe, LastError: ContainerTimeout, LastErrorTimestamp: 07/17/2026 13:49:07, LastErrorDetails: Container did not start within expected time limit of 600s. Please inspect your container logs for more details., Details: Container babitk-app successfully created and is running., DetailsLevel: INFO
2026-07-17T13:52:33.3532577+00:00 ContainerStatus: State: Starting, Action: WaitingForSiteWarmUpProbeSuccess, LastError: ContainerTimeout, LastErrorTimestamp: 07/17/2026 13:49:07, LastErrorDetails: Container did not start within expected time limit of 600s. Please inspect your container logs for more details., Details: Pinging warmup path to ensure container is ready to receive requests., DetailsLevel: INFO
2026-07-17T13:52:33.5714226+00:00 ContainerStream:    _____                               
2026-07-17T13:52:33.5715730+00:00 ContainerStream:   /  _  \ __________ _________   ____  
2026-07-17T13:52:33.5715761+00:00 ContainerStream:  /  /_\  \\___   /  |  \_  __ \_/ __ \ 
2026-07-17T13:52:33.5715787+00:00 ContainerStream: /    |    \/    /|  |  /|  | \/\  ___/ 
2026-07-17T13:52:33.5715807+00:00 ContainerStream: \____|__  /_____ \____/ |__|    \___  >
2026-07-17T13:52:33.5715830+00:00 ContainerStream:         \/      \/                  \/ 
2026-07-17T13:52:33.5715892+00:00 ContainerStream: A P P   S E R V I C E   O N   L I N U X
2026-07-17T13:52:33.5715910+00:00 ContainerStream: 
2026-07-17T13:52:33.5715933+00:00 ContainerStream: Documentation    : http://aka.ms/webapp-linux
2026-07-17T13:52:33.5715954+00:00 ContainerStream: NodeJS quickstart: https://aka.ms/node-qs
2026-07-17T13:52:33.5715972+00:00 ContainerStream: NodeJS Version   : v22.22.2
2026-07-17T13:52:33.5715989+00:00 ContainerStream: Instance Name    : lw1sdlwk0000OJ
2026-07-17T13:52:33.5716022+00:00 ContainerStream: Instance Id      : e853b0d521c13ae8cb31bbb09a3a1872c5b2865061d0d453c8b371a72b35cb7a
2026-07-17T13:52:33.5716039+00:00 ContainerStream: 
2026-07-17T13:52:33.5716056+00:00 ContainerStream: Note: Any data outside '/home' is not persisted
2026-07-17T13:52:36.5667062+00:00 ContainerStream: Starting OpenBSD Secure Shell server: sshd.
2026-07-17T13:52:36.5869680+00:00 ContainerStream: WEBSITES_INCLUDE_CLOUD_CERTS is not set to true.
2026-07-17T13:52:36.6481984+00:00 ContainerStream: Updating certificates in /etc/ssl/certs...
2026-07-17T13:52:54.4436681+00:00 ContainerStream: rehash: warning: skipping duplicate certificate in azl_SSL.com_TLS_ECC_Root_CA_2022.pem
2026-07-17T13:52:54.4445898+00:00 ContainerStream: rehash: warning: skipping duplicate certificate in azl_SSL.com_TLS_RSA_Root_CA_2022.pem
2026-07-17T13:52:54.6544176+00:00 ContainerStream: rehash: warning: skipping ca-certificates.crt,it does not contain exactly one certificate or CRL
2026-07-17T13:52:54.6956823+00:00 ContainerStream: 4 added, 0 removed; done.
2026-07-17T13:52:54.7052675+00:00 ContainerStream: Running hooks in /etc/ca-certificates/update.d...
2026-07-17T13:52:54.7232784+00:00 ContainerStream: done.
2026-07-17T13:52:54.7332131+00:00 ContainerStream: CA certificates copied and updated successfully.
2026-07-17T13:52:54.8959219+00:00 ContainerStream: Starting periodic command scheduler: cron.
2026-07-17T13:52:55.1526044+00:00 ContainerStream: Could not find build manifest file at '/home/site/wwwroot/oryx-manifest.toml'
2026-07-17T13:52:55.1533643+00:00 ContainerStream: Could not find operation ID in manifest. Generating an operation id...
2026-07-17T13:52:55.1536393+00:00 ContainerStream: Build Operation ID: e8bf29ac-2aad-4c9a-b271-4583f4cea279
2026-07-17T13:52:55.6226940+00:00 ContainerStream: Environment Variables for Application Insight's IPA Codeless Configuration exists..
2026-07-17T13:52:55.6601048+00:00 ContainerStream: Writing output script to '/opt/startup/startup.sh'
2026-07-17T13:52:55.7112873+00:00 ContainerStream: Running #!/bin/sh
2026-07-17T13:52:55.7113450+00:00 ContainerStream: 
2026-07-17T13:52:55.7113546+00:00 ContainerStream: # Enter the source directory to make sure the script runs where the user expects
2026-07-17T13:52:55.7113576+00:00 ContainerStream: cd "/home/site/wwwroot"
2026-07-17T13:52:55.7113592+00:00 ContainerStream: 
2026-07-17T13:52:55.7113610+00:00 ContainerStream: export NODE_PATH=/usr/local/lib/node_modules:$NODE_PATH
2026-07-17T13:52:55.7113635+00:00 ContainerStream: if [ -z "$PORT" ]; then
2026-07-17T13:52:55.7113651+00:00 ContainerStream: 		export PORT=8080
2026-07-17T13:52:55.7113667+00:00 ContainerStream: fi
2026-07-17T13:52:55.7113700+00:00 ContainerStream: 
2026-07-17T13:52:55.7113720+00:00 ContainerStream: PATH="$PATH:/home/site/wwwroot" pm2 serve /home/site/wwwroot --no-daemon --spa
2026-07-17T13:52:58.3343455+00:00 ContainerStream: 
2026-07-17T13:52:58.3344146+00:00 ContainerStream:                         -------------
2026-07-17T13:52:58.3344183+00:00 ContainerStream: 
2026-07-17T13:52:58.3344204+00:00 ContainerStream: __/\\\\\\\\\\\\\____/\\\\____________/\\\\____/\\\\\\\\\_____
2026-07-17T13:52:58.3344223+00:00 ContainerStream:  _\/\\\/////////\\\_\/\\\\\\________/\\\\\\__/\\\///////\\\___
2026-07-17T13:52:58.3344305+00:00 ContainerStream:   _\/\\\_______\/\\\_\/\\\//\\\____/\\\//\\\_\///______\//\\\__
2026-07-17T13:52:58.3344328+00:00 ContainerStream:    _\/\\\\\\\\\\\\\/__\/\\\\///\\\/\\\/_\/\\\___________/\\\/___
2026-07-17T13:52:58.3344348+00:00 ContainerStream:     _\/\\\/////////____\/\\\__\///\\\/___\/\\\________/\\\//_____
2026-07-17T13:52:58.3344368+00:00 ContainerStream:      _\/\\\_____________\/\\\____\///_____\/\\\_____/\\\//________
2026-07-17T13:52:58.3344392+00:00 ContainerStream:       _\/\\\_____________\/\\\_____________\/\\\___/\\\/___________
2026-07-17T13:52:58.3344411+00:00 ContainerStream:        _\/\\\_____________\/\\\_____________\/\\\__/\\\\\\\\\\\\\\\_
2026-07-17T13:52:58.3344447+00:00 ContainerStream:         _\///______________\///______________\///__\///////////////__
2026-07-17T13:52:58.3344464+00:00 ContainerStream: 
2026-07-17T13:52:58.3344479+00:00 ContainerStream: 
2026-07-17T13:52:58.3344498+00:00 ContainerStream:                           Runtime Edition
2026-07-17T13:52:58.3344514+00:00 ContainerStream: 
2026-07-17T13:52:58.3344532+00:00 ContainerStream:         PM2 is a Production Process Manager for Node.js applications
2026-07-17T13:52:58.3344594+00:00 ContainerStream:                      with a built-in Load Balancer.
2026-07-17T13:52:58.3344612+00:00 ContainerStream: 
2026-07-17T13:52:58.3344629+00:00 ContainerStream:                 Start and Daemonize any application:
2026-07-17T13:52:58.3344646+00:00 ContainerStream:                 $ pm2 start app.js
2026-07-17T13:52:58.3344662+00:00 ContainerStream: 
2026-07-17T13:52:58.3344680+00:00 ContainerStream:                 Load Balance 4 instances of api.js:
2026-07-17T13:52:58.3344697+00:00 ContainerStream:                 $ pm2 start api.js -i 4
2026-07-17T13:52:58.3344713+00:00 ContainerStream: 
2026-07-17T13:52:58.3344748+00:00 ContainerStream:                 Monitor in production:
2026-07-17T13:52:58.3344765+00:00 ContainerStream:                 $ pm2 monitor
2026-07-17T13:52:58.3344782+00:00 ContainerStream: 
2026-07-17T13:52:58.3344800+00:00 ContainerStream:                 Make pm2 auto-boot at server restart:
2026-07-17T13:52:58.3344817+00:00 ContainerStream:                 $ pm2 startup
2026-07-17T13:52:58.3344832+00:00 ContainerStream: 
2026-07-17T13:52:58.3344848+00:00 ContainerStream:                 To go further checkout:
2026-07-17T13:52:58.3344967+00:00 ContainerStream:                 http://pm2.io/
2026-07-17T13:52:58.3344990+00:00 ContainerStream: 
2026-07-17T13:52:58.3345004+00:00 ContainerStream: 
2026-07-17T13:52:58.3345021+00:00 ContainerStream:                         -------------
2026-07-17T13:52:58.3345036+00:00 ContainerStream: 
2026-07-17T13:52:58.4028289+00:00 ContainerStream: pm2 launched in no-daemon mode (you can add DEBUG="*" env variable to get more messages)
2026-07-17T13:52:59.2350731+00:00 ContainerStream: 2026-07-17T13:52:59: PM2 log: Launching in no daemon mode
2026-07-17T13:52:59.3533777+00:00 ContainerStream: 2026-07-17T13:52:59: PM2 log: [PM2] This PM2 is not UP TO DATE
2026-07-17T13:52:59.3547742+00:00 ContainerStream: 2026-07-17T13:52:59: PM2 log: [PM2] Upgrade to version 7.0.3
2026-07-17T13:52:59.4989788+00:00 ContainerStream: 2026-07-17T13:52:59: PM2 log: [PM2] Starting /usr/local/lib/node_modules/pm2/lib/API/Serve.js in fork_mode (1 instance)
2026-07-17T13:52:59.5089123+00:00 ContainerStream: 2026-07-17T13:52:59: PM2 log: App [static-page-server-8080:0] starting in -fork mode-
2026-07-17T13:52:59.5586031+00:00 ContainerStream: 2026-07-17T13:52:59: PM2 log: App [static-page-server-8080:0] online
2026-07-17T13:52:59.5789346+00:00 ContainerStream: 2026-07-17T13:52:59: PM2 log: [PM2] Done.
2026-07-17T13:52:59.6072115+00:00 ContainerStream: 2026-07-17T13:52:59: PM2 log: [PM2] Serving /home/site/wwwroot on port 8080
2026-07-17T13:52:59.7760217+00:00 ContainerStream: 2026-07-17T13:52:59: PM2 log: ┌────┬────────────────────────────┬─────────────┬─────────┬─────────┬──────────┬────────┬──────┬───────────┬──────────┬──────────┬──────────┬──────────┐
2026-07-17T13:52:59.7760978+00:00 ContainerStream: │ id │ name                       │ namespace   │ version │ mode    │ pid      │ uptime │ ↺    │ status    │ cpu      │ mem      │ user     │ watching │
2026-07-17T13:52:59.7761027+00:00 ContainerStream: ├────┼────────────────────────────┼─────────────┼─────────┼─────────┼──────────┼────────┼──────┼───────────┼──────────┼──────────┼──────────┼──────────┤
2026-07-17T13:52:59.7761058+00:00 ContainerStream: │ 0  │ static-page-server-8080    │ default     │ 6.0.5   │ fork    │ 1872     │ 0s     │ 0    │ online    │ 0%       │ 34.4mb   │ root     │ disabled │
2026-07-17T13:52:59.7761100+00:00 ContainerStream: └────┴────────────────────────────┴─────────────┴─────────┴─────────┴──────────┴────────┴──────┴───────────┴──────────┴──────────┴──────────┴──────────┘
2026-07-17T13:52:59.7776700+00:00 ContainerStream: 2026-07-17T13:52:59: PM2 log: [--no-daemon] Continue to stream logs
2026-07-17T13:52:59.7860580+00:00 ContainerStream: 2026-07-17T13:52:59: PM2 log: [--no-daemon] Exit on target PM2 exit pid=1853
2026-07-17T13:53:00.3336889+00:00 ContainerStream: 13:53:00 0|static-page-server-8080  | Exposing /home/site/wwwroot directory on 0.0.0.0:8080
2026-07-17T13:53:00.4049679+00:00 ContainerStatus: Site startup probe succeeded after 27.0510423 seconds.
2026-07-17T13:53:00.5658026+00:00 ContainerStatus: State: Starting, Action: WarmUpProbeSucceeded, LastError: ContainerTimeout, LastErrorTimestamp: 07/17/2026 13:49:07, LastErrorDetails: Container did not start within expected time limit of 600s. Please inspect your container logs for more details., Details: Site startup probe succeeded after 27.0510423 seconds., DetailsLevel: INFO
2026-07-17T13:53:00.9309202+00:00 ContainerStatus: Site is running with deployment version: ff43bc18-08b9-4ae0-9097-b8a6796aae73
2026-07-17T13:53:00.9387119+00:00 ContainerStatus: Site started.
2026-07-17T13:53:00.9388919+00:00 ContainerStatus: State: Started, Action: None, LastError: ContainerTimeout, LastErrorTimestamp: 07/17/2026 13:49:07, LastErrorDetails: Container did not start within expected time limit of 600s. Please inspect your container logs for more details., Details: Site started at 07/17/2026 13:53:00 (UTC), DetailsLevel: INFO
2026-07-17T13:53:00.9808288+00:00 ContainerStatus: Site is running with patch version NODE-22.22.2
========== New Cold Start Attempt (2026-07-17T14:00:32.2417285+00:00) ==========
2026-07-17T14:00:32.2417285+00:00 ContainerStatus: State: Starting, Action: EstablishingSiteNetworks, LastError: , LastErrorTimestamp: 01/01/0001 00:00:00, LastErrorDetails: , Details: , DetailsLevel: INFO
2026-07-17T14:00:34.5781340+00:00 ContainerStatus: State: Starting, Action: StartingSiteContainers, LastError: , LastErrorTimestamp: 01/01/0001 00:00:00, LastErrorDetails: , Details: , DetailsLevel: INFO
2026-07-17T14:00:34.5783952+00:00 ContainerStatus: Container start method called.
2026-07-17T14:00:34.5863818+00:00 ContainerStatus: State: Starting, Action: PullingImage, LastError: , LastErrorTimestamp: 01/01/0001 00:00:00, LastErrorDetails: , Details: Pulling image 10.1.0.4:13209/appsvc/node:22-lts_20260504.4.tuxprod for babitk-app., DetailsLevel: INFO
2026-07-17T14:00:34.5867563+00:00 ContainerStatus: Establishing network.
2026-07-17T14:00:34.5874089+00:00 ContainerStatus: Pulling image: appsvc/node:22-lts_20260504.4.tuxprod.
2026-07-17T14:00:34.9103678+00:00 ContainerStatus: Container is starting.
2026-07-17T14:00:34.9107004+00:00 ContainerStatus: State: Starting, Action: MountingVolumes, LastError: , LastErrorTimestamp: 01/01/0001 00:00:00, LastErrorDetails: , Details: Mounting volumes for babitk-app., DetailsLevel: INFO
2026-07-17T14:00:34.9183154+00:00 ContainerStatus: Establishing user namespace if not established already.
2026-07-17T14:00:34.9184274+00:00 ContainerStatus: Establishing network if not established already.
2026-07-17T14:00:34.9185193+00:00 ContainerStatus: Mounting volumes.
2026-07-17T14:00:34.9186427+00:00 ContainerStatus: Nested mountpoint 
2026-07-17T14:00:34.9207645+00:00 ContainerStatus: Nested mountpoint volatile/logs
2026-07-17T14:00:34.9601614+00:00 ContainerStatus: Nested mountpoint 
2026-07-17T14:00:34.9901720+00:00 ContainerStatus: Nested mountpoint 
2026-07-17T14:00:34.9985945+00:00 ContainerStatus: Nested mountpoint 
2026-07-17T14:00:35.0090301+00:00 ContainerStatus: Nested mountpoint 
2026-07-17T14:00:35.5360529+00:00 ContainerStatus: State: Starting, Action: CreatingContainer, LastError: , LastErrorTimestamp: 01/01/0001 00:00:00, LastErrorDetails: , Details: Finished pulling container image and mounting volumes for babitk-app. Allocatinng the rest of the container resources to finish container creation., DetailsLevel: INFO
2026-07-17T14:00:35.5368247+00:00 ContainerStatus: Creating container.
2026-07-17T14:00:35.5373610+00:00 ContainerStatus: Creating pipes for streaming container io.
2026-07-17T14:00:35.5377627+00:00 ContainerStatus: Creating stdout named pipe at /podr/container/pipe/ec8760a70c34_babitk-app/stdout_4388393e345b4e93ab36fd8331cb0fd9.
2026-07-17T14:00:35.5468502+00:00 ContainerStatus: Successfully created stdout named pipe at: /podr/container/pipe/ec8760a70c34_babitk-app/stdout_4388393e345b4e93ab36fd8331cb0fd9.
2026-07-17T14:00:35.5474434+00:00 ContainerStatus: Opening named pipe /podr/container/pipe/ec8760a70c34_babitk-app/stdout_4388393e345b4e93ab36fd8331cb0fd9 for reading in non-blocking mode.
2026-07-17T14:00:35.5479006+00:00 ContainerStatus: Successfully opened named pipe: /podr/container/pipe/ec8760a70c34_babitk-app/stdout_4388393e345b4e93ab36fd8331cb0fd9.
2026-07-17T14:00:35.5562253+00:00 ContainerStatus: Successfully removed non-blocking flag from /podr/container/pipe/ec8760a70c34_babitk-app/stdout_4388393e345b4e93ab36fd8331cb0fd9.
2026-07-17T14:00:35.5582759+00:00 ContainerStatus: Creating stderr named pipe at /podr/container/pipe/ec8760a70c34_babitk-app/stderr_40bf706a6a0d4ecaa84b3be9d2dbb84b.
2026-07-17T14:00:35.5880659+00:00 ContainerStatus: Successfully created stderr named pipe at: /podr/container/pipe/ec8760a70c34_babitk-app/stderr_40bf706a6a0d4ecaa84b3be9d2dbb84b.
2026-07-17T14:00:35.6167246+00:00 ContainerStatus: Opening named pipe /podr/container/pipe/ec8760a70c34_babitk-app/stderr_40bf706a6a0d4ecaa84b3be9d2dbb84b for reading in non-blocking mode.
2026-07-17T14:00:35.6174374+00:00 ContainerStatus: Successfully opened named pipe: /podr/container/pipe/ec8760a70c34_babitk-app/stderr_40bf706a6a0d4ecaa84b3be9d2dbb84b.
2026-07-17T14:00:35.6184326+00:00 ContainerStatus: Successfully removed non-blocking flag from /podr/container/pipe/ec8760a70c34_babitk-app/stderr_40bf706a6a0d4ecaa84b3be9d2dbb84b.
2026-07-17T14:00:35.6369305+00:00 ContainerStatus: Creating container with image: appsvc/node:22-lts_20260504.4.tuxprod from registry: 10.1.0.4:13209 and fully qualified image name: 10.1.0.4:13209/appsvc/node:22-lts_20260504.4.tuxprod
2026-07-17T14:00:36.2037029+00:00 ContainerStatus: Starting container: ec8760a70c34_babitk-app.
2026-07-17T14:00:36.2859832+00:00 ContainerStatus: Starting watchers and probes.
2026-07-17T14:00:36.2944577+00:00 ContainerStatus: Starting metrics collection.
2026-07-17T14:00:36.2946855+00:00 ContainerStatus: Container is running.
2026-07-17T14:00:36.2949358+00:00 ContainerStatus: State: Starting, Action: CreatingContainer, LastError: , LastErrorTimestamp: 01/01/0001 00:00:00, LastErrorDetails: , Details: Container babitk-app successfully created and is running., DetailsLevel: INFO
2026-07-17T14:00:36.4810569+00:00 ContainerStatus: Container start method finished after 1902 ms.
2026-07-17T14:00:36.4811935+00:00 ContainerStatus: State: Starting, Action: InitiatingSiteWarmUpProbe, LastError: , LastErrorTimestamp: 01/01/0001 00:00:00, LastErrorDetails: , Details: Container babitk-app successfully created and is running., DetailsLevel: INFO
2026-07-17T14:00:36.4812084+00:00 ContainerStatus: State: Starting, Action: WaitingForSiteWarmUpProbeSuccess, LastError: , LastErrorTimestamp: 01/01/0001 00:00:00, LastErrorDetails: , Details: Pinging warmup path to ensure container is ready to receive requests., DetailsLevel: INFO
2026-07-17T14:00:36.8406855+00:00 ContainerStream:    _____                               
2026-07-17T14:00:36.8414057+00:00 ContainerStream:   /  _  \ __________ _________   ____  
2026-07-17T14:00:36.8414182+00:00 ContainerStream:  /  /_\  \\___   /  |  \_  __ \_/ __ \ 
2026-07-17T14:00:36.8414204+00:00 ContainerStream: /    |    \/    /|  |  /|  | \/\  ___/ 
2026-07-17T14:00:36.8414222+00:00 ContainerStream: \____|__  /_____ \____/ |__|    \___  >
2026-07-17T14:00:36.8414240+00:00 ContainerStream:         \/      \/                  \/ 
2026-07-17T14:00:36.8414262+00:00 ContainerStream: A P P   S E R V I C E   O N   L I N U X
2026-07-17T14:00:36.8414300+00:00 ContainerStream: 
2026-07-17T14:00:36.8414320+00:00 ContainerStream: Documentation    : http://aka.ms/webapp-linux
2026-07-17T14:00:36.8414338+00:00 ContainerStream: NodeJS quickstart: https://aka.ms/node-qs
2026-07-17T14:00:36.8414358+00:00 ContainerStream: NodeJS Version   : v22.22.2
2026-07-17T14:00:36.8414376+00:00 ContainerStream: Instance Name    : lw1sdlwk0000OJ
2026-07-17T14:00:36.8414398+00:00 ContainerStream: Instance Id      : e853b0d521c13ae8cb31bbb09a3a1872c5b2865061d0d453c8b371a72b35cb7a
2026-07-17T14:00:36.8414429+00:00 ContainerStream: 
2026-07-17T14:00:36.8414447+00:00 ContainerStream: Note: Any data outside '/home' is not persisted
2026-07-17T14:00:38.7807125+00:00 ContainerStream: Starting OpenBSD Secure Shell server: sshd.
2026-07-17T14:00:38.8179615+00:00 ContainerStream: WEBSITES_INCLUDE_CLOUD_CERTS is not set to true.
2026-07-17T14:00:38.8774740+00:00 ContainerStream: Updating certificates in /etc/ssl/certs...
2026-07-17T14:00:58.4577855+00:00 ContainerStream: rehash: warning: skipping duplicate certificate in azl_SSL.com_TLS_ECC_Root_CA_2022.pem
2026-07-17T14:00:58.4584034+00:00 ContainerStream: rehash: warning: skipping duplicate certificate in azl_SSL.com_TLS_RSA_Root_CA_2022.pem
2026-07-17T14:00:58.7899760+00:00 ContainerStream: rehash: warning: skipping ca-certificates.crt,it does not contain exactly one certificate or CRL
2026-07-17T14:00:58.8386452+00:00 ContainerStream: 4 added, 0 removed; done.
2026-07-17T14:00:58.8389527+00:00 ContainerStream: Running hooks in /etc/ca-certificates/update.d...
2026-07-17T14:00:58.8490559+00:00 ContainerStream: done.
2026-07-17T14:00:58.8758283+00:00 ContainerStream: CA certificates copied and updated successfully.
2026-07-17T14:00:59.0268616+00:00 ContainerStream: Starting periodic command scheduler: cron.
2026-07-17T14:00:59.2180654+00:00 ContainerStream: Could not find build manifest file at '/home/site/wwwroot/oryx-manifest.toml'
2026-07-17T14:00:59.2181363+00:00 ContainerStream: Could not find operation ID in manifest. Generating an operation id...
2026-07-17T14:00:59.2181389+00:00 ContainerStream: Build Operation ID: b892afbb-d63d-4482-a66b-7fc32a10959f
2026-07-17T14:00:59.5571265+00:00 ContainerStream: Environment Variables for Application Insight's IPA Codeless Configuration exists..
2026-07-17T14:00:59.6097049+00:00 ContainerStream: Writing output script to '/opt/startup/startup.sh'
2026-07-17T14:00:59.6557216+00:00 ContainerStream: Running #!/bin/sh
2026-07-17T14:00:59.6557760+00:00 ContainerStream: 
2026-07-17T14:00:59.6557850+00:00 ContainerStream: # Enter the source directory to make sure the script runs where the user expects
2026-07-17T14:00:59.6557881+00:00 ContainerStream: cd "/home/site/wwwroot"
2026-07-17T14:00:59.6557899+00:00 ContainerStream: 
2026-07-17T14:00:59.6557920+00:00 ContainerStream: export NODE_PATH=/usr/local/lib/node_modules:$NODE_PATH
2026-07-17T14:00:59.6557939+00:00 ContainerStream: if [ -z "$PORT" ]; then
2026-07-17T14:00:59.6557956+00:00 ContainerStream: 		export PORT=8080
2026-07-17T14:00:59.6557974+00:00 ContainerStream: fi
2026-07-17T14:00:59.6558005+00:00 ContainerStream: 
2026-07-17T14:00:59.6561096+00:00 ContainerStream: PATH="$PATH:/home/site/wwwroot" pm2 serve /home/site/wwwroot --no-daemon --spa
2026-07-17T14:01:02.0987107+00:00 ContainerStream: 
2026-07-17T14:01:02.0987792+00:00 ContainerStream:                         -------------
2026-07-17T14:01:02.0987833+00:00 ContainerStream: 
2026-07-17T14:01:02.0987856+00:00 ContainerStream: __/\\\\\\\\\\\\\____/\\\\____________/\\\\____/\\\\\\\\\_____
2026-07-17T14:01:02.0987875+00:00 ContainerStream:  _\/\\\/////////\\\_\/\\\\\\________/\\\\\\__/\\\///////\\\___
2026-07-17T14:01:02.0987969+00:00 ContainerStream:   _\/\\\_______\/\\\_\/\\\//\\\____/\\\//\\\_\///______\//\\\__
2026-07-17T14:01:02.0987990+00:00 ContainerStream:    _\/\\\\\\\\\\\\\/__\/\\\\///\\\/\\\/_\/\\\___________/\\\/___
2026-07-17T14:01:02.0988009+00:00 ContainerStream:     _\/\\\/////////____\/\\\__\///\\\/___\/\\\________/\\\//_____
2026-07-17T14:01:02.0988028+00:00 ContainerStream:      _\/\\\_____________\/\\\____\///_____\/\\\_____/\\\//________
2026-07-17T14:01:02.0988046+00:00 ContainerStream:       _\/\\\_____________\/\\\_____________\/\\\___/\\\/___________
2026-07-17T14:01:02.0988065+00:00 ContainerStream:        _\/\\\_____________\/\\\_____________\/\\\__/\\\\\\\\\\\\\\\_
2026-07-17T14:01:02.0988101+00:00 ContainerStream:         _\///______________\///______________\///__\///////////////__
2026-07-17T14:01:02.0988117+00:00 ContainerStream: 
2026-07-17T14:01:02.0988131+00:00 ContainerStream: 
2026-07-17T14:01:02.0988148+00:00 ContainerStream:                           Runtime Edition
2026-07-17T14:01:02.0988163+00:00 ContainerStream: 
2026-07-17T14:01:02.0988181+00:00 ContainerStream:         PM2 is a Production Process Manager for Node.js applications
2026-07-17T14:01:02.0988231+00:00 ContainerStream:                      with a built-in Load Balancer.
2026-07-17T14:01:02.0988248+00:00 ContainerStream: 
2026-07-17T14:01:02.0988265+00:00 ContainerStream:                 Start and Daemonize any application:
2026-07-17T14:01:02.0988281+00:00 ContainerStream:                 $ pm2 start app.js
2026-07-17T14:01:02.0988296+00:00 ContainerStream: 
2026-07-17T14:01:02.0988313+00:00 ContainerStream:                 Load Balance 4 instances of api.js:
2026-07-17T14:01:02.0988331+00:00 ContainerStream:                 $ pm2 start api.js -i 4
2026-07-17T14:01:02.0988346+00:00 ContainerStream: 
2026-07-17T14:01:02.0988379+00:00 ContainerStream:                 Monitor in production:
2026-07-17T14:01:02.0988397+00:00 ContainerStream:                 $ pm2 monitor
2026-07-17T14:01:02.0988412+00:00 ContainerStream: 
2026-07-17T14:01:02.0988430+00:00 ContainerStream:                 Make pm2 auto-boot at server restart:
2026-07-17T14:01:02.0988447+00:00 ContainerStream:                 $ pm2 startup
2026-07-17T14:01:02.0988462+00:00 ContainerStream: 
2026-07-17T14:01:02.0988478+00:00 ContainerStream:                 To go further checkout:
2026-07-17T14:01:02.1077219+00:00 ContainerStream:                 http://pm2.io/
2026-07-17T14:01:02.1077519+00:00 ContainerStream: 
2026-07-17T14:01:02.1077568+00:00 ContainerStream: 
2026-07-17T14:01:02.1077585+00:00 ContainerStream:                         -------------
2026-07-17T14:01:02.1077614+00:00 ContainerStream: 
2026-07-17T14:01:02.1391046+00:00 ContainerStream: pm2 launched in no-daemon mode (you can add DEBUG="*" env variable to get more messages)
2026-07-17T14:01:02.9451865+00:00 ContainerStream: 2026-07-17T14:01:02: PM2 log: Launching in no daemon mode
2026-07-17T14:01:03.0656232+00:00 ContainerStream: 2026-07-17T14:01:03: PM2 log: [PM2] This PM2 is not UP TO DATE
2026-07-17T14:01:03.0668595+00:00 ContainerStream: 2026-07-17T14:01:03: PM2 log: [PM2] Upgrade to version 7.0.3
2026-07-17T14:01:03.1568387+00:00 ContainerStream: 2026-07-17T14:01:03: PM2 log: [PM2] Starting /usr/local/lib/node_modules/pm2/lib/API/Serve.js in fork_mode (1 instance)
2026-07-17T14:01:03.1954437+00:00 ContainerStream: 2026-07-17T14:01:03: PM2 log: App [static-page-server-8080:0] starting in -fork mode-
2026-07-17T14:01:03.2659734+00:00 ContainerStream: 2026-07-17T14:01:03: PM2 log: App [static-page-server-8080:0] online
2026-07-17T14:01:03.3140160+00:00 ContainerStream: 2026-07-17T14:01:03: PM2 log: [PM2] Done.
2026-07-17T14:01:03.3148167+00:00 ContainerStream: 2026-07-17T14:01:03: PM2 log: [PM2] Serving /home/site/wwwroot on port 8080
2026-07-17T14:01:03.5564239+00:00 ContainerStream: 2026-07-17T14:01:03: PM2 log: ┌────┬────────────────────────────┬─────────────┬─────────┬─────────┬──────────┬────────┬──────┬───────────┬──────────┬──────────┬──────────┬──────────┐
2026-07-17T14:01:03.5564825+00:00 ContainerStream: │ id │ name                       │ namespace   │ version │ mode    │ pid      │ uptime │ ↺    │ status    │ cpu      │ mem      │ user     │ watching │
2026-07-17T14:01:03.5564923+00:00 ContainerStream: ├────┼────────────────────────────┼─────────────┼─────────┼─────────┼──────────┼────────┼──────┼───────────┼──────────┼──────────┼──────────┼──────────┤
2026-07-17T14:01:03.5564955+00:00 ContainerStream: │ 0  │ static-page-server-8080    │ default     │ 6.0.5   │ fork    │ 1867     │ 0s     │ 0    │ online    │ 0%       │ 29.8mb   │ root     │ disabled │
2026-07-17T14:01:03.5564994+00:00 ContainerStream: └────┴────────────────────────────┴─────────────┴─────────┴─────────┴──────────┴────────┴──────┴───────────┴──────────┴──────────┴──────────┴──────────┘
2026-07-17T14:01:03.5641966+00:00 ContainerStream: 2026-07-17T14:01:03: PM2 log: [--no-daemon] Continue to stream logs
2026-07-17T14:01:03.5647019+00:00 ContainerStream: 2026-07-17T14:01:03: PM2 log: [--no-daemon] Exit on target PM2 exit pid=1852
2026-07-17T14:01:04.3059539+00:00 ContainerStream: 14:01:04 0|static-page-server-8080  | Exposing /home/site/wwwroot directory on 0.0.0.0:8080
2026-07-17T14:01:04.5281457+00:00 ContainerStatus: Site startup probe succeeded after 28.0449687 seconds.
2026-07-17T14:01:04.6936091+00:00 ContainerStatus: State: Starting, Action: WarmUpProbeSucceeded, LastError: , LastErrorTimestamp: 01/01/0001 00:00:00, LastErrorDetails: , Details: Site startup probe succeeded after 28.0449687 seconds., DetailsLevel: INFO
========== New Cold Start Attempt (2026-07-17T14:01:05.0286731+00:00) ==========
2026-07-17T14:01:05.0286731+00:00 ContainerStatus: Site is running with deployment version: 2c1a68e0-7d38-4fd3-b50c-f328ecd02a31
2026-07-17T14:01:05.0318365+00:00 ContainerStatus: Site started.
2026-07-17T14:01:05.0324884+00:00 ContainerStatus: State: Started, Action: None, LastError: , LastErrorTimestamp: 01/01/0001 00:00:00, LastErrorDetails: , Details: Site started at 07/17/2026 14:01:05 (UTC), DetailsLevel: INFO
2026-07-17T14:01:05.0389967+00:00 ContainerStatus: Site is running with patch version NODE-22.22.2
2026-07-17T14:01:25.2311553+00:00 ContainerStatus: State: Stopping, Action: StoppingSite, LastError: ContainerTimeout, LastErrorTimestamp: 07/17/2026 13:49:07, LastErrorDetails: Container did not start within expected time limit of 600s. Please inspect your container logs for more details., Details: Site started at 07/17/2026 13:53:00 (UTC), DetailsLevel: INFO
2026-07-17T14:01:25.2423940+00:00 ContainerStatus: State: Stopping, Action: StoppingSiteContainers, LastError: ContainerTimeout, LastErrorTimestamp: 07/17/2026 13:49:07, LastErrorDetails: Container did not start within expected time limit of 600s. Please inspect your container logs for more details., Details: Site started at 07/17/2026 13:53:00 (UTC), DetailsLevel: INFO
2026-07-17T14:01:25.2505823+00:00 ContainerStatus: Container is terminating. Grace period: 5 seconds.
2026-07-17T14:01:25.5525938+00:00 ContainerStatus: Stop and delete container. Retry count = 0
2026-07-17T14:01:25.5528320+00:00 ContainerStatus: Stopping container: 7db748f4611b_babitk-app.
2026-07-17T14:01:30.5651541+00:00 ContainerStatus: Deleting container: 7db748f4611b_babitk-app. Retry count = 0
2026-07-17T14:01:30.9247925+00:00 ContainerStatus: Container spec TerminationMessagePolicy  path 
2026-07-17T14:01:30.9338809+00:00 ContainerStatus: Container is terminated. Total time elapsed: 5681 ms.
2026-07-17T14:01:30.9347456+00:00 ContainerStatus: Site: babitk-app stopped.
2026-07-17T14:01:31.9724748+00:00 ContainerStatus: State: Starting, Action: EstablishingSiteNetworks, LastError: , LastErrorTimestamp: 01/01/0001 00:00:00, LastErrorDetails: , Details: , DetailsLevel: INFO
2026-07-17T14:01:34.2231618+00:00 ContainerStatus: State: Starting, Action: StartingSiteContainers, LastError: , LastErrorTimestamp: 01/01/0001 00:00:00, LastErrorDetails: , Details: , DetailsLevel: INFO
2026-07-17T14:01:34.2234551+00:00 ContainerStatus: Container start method called.
2026-07-17T14:01:34.2335296+00:00 ContainerStatus: State: Starting, Action: PullingImage, LastError: , LastErrorTimestamp: 01/01/0001 00:00:00, LastErrorDetails: , Details: Pulling image 10.1.0.4:13209/appsvc/node:22-lts_20260504.4.tuxprod for babitk-app., DetailsLevel: INFO
2026-07-17T14:01:34.2337585+00:00 ContainerStatus: Establishing network.
2026-07-17T14:01:34.2516852+00:00 ContainerStatus: Pulling image: appsvc/node:22-lts_20260504.4.tuxprod.
2026-07-17T14:01:34.6618646+00:00 ContainerStatus: Container is starting.
2026-07-17T14:01:34.6619553+00:00 ContainerStatus: State: Starting, Action: MountingVolumes, LastError: , LastErrorTimestamp: 01/01/0001 00:00:00, LastErrorDetails: , Details: Mounting volumes for babitk-app., DetailsLevel: INFO
2026-07-17T14:01:34.6620344+00:00 ContainerStatus: Establishing user namespace if not established already.
2026-07-17T14:01:34.6623897+00:00 ContainerStatus: Establishing network if not established already.
2026-07-17T14:01:34.6627039+00:00 ContainerStatus: Mounting volumes.
2026-07-17T14:01:34.6630955+00:00 ContainerStatus: Nested mountpoint 
2026-07-17T14:01:34.7424558+00:00 ContainerStatus: Nested mountpoint volatile/logs
2026-07-17T14:01:34.7629223+00:00 ContainerStatus: Nested mountpoint 
2026-07-17T14:01:34.7633600+00:00 ContainerStatus: Nested mountpoint 
2026-07-17T14:01:34.8233863+00:00 ContainerStatus: Nested mountpoint 
2026-07-17T14:01:35.1427374+00:00 ContainerStatus: Nested mountpoint 
2026-07-17T14:01:35.8701227+00:00 ContainerStatus: State: Starting, Action: CreatingContainer, LastError: , LastErrorTimestamp: 01/01/0001 00:00:00, LastErrorDetails: , Details: Finished pulling container image and mounting volumes for babitk-app. Allocatinng the rest of the container resources to finish container creation., DetailsLevel: INFO
2026-07-17T14:01:35.8704952+00:00 ContainerStatus: Creating container.
2026-07-17T14:01:35.8808304+00:00 ContainerStatus: Creating pipes for streaming container io.
2026-07-17T14:01:35.8809170+00:00 ContainerStatus: Creating stdout named pipe at /podr/container/pipe/8fd9ffbabba6_babitk-app/stdout_3a4128aedaf241bcb50974f62fbbf91d.
2026-07-17T14:01:35.8810929+00:00 ContainerStatus: Successfully created stdout named pipe at: /podr/container/pipe/8fd9ffbabba6_babitk-app/stdout_3a4128aedaf241bcb50974f62fbbf91d.
2026-07-17T14:01:35.8811484+00:00 ContainerStatus: Opening named pipe /podr/container/pipe/8fd9ffbabba6_babitk-app/stdout_3a4128aedaf241bcb50974f62fbbf91d for reading in non-blocking mode.
2026-07-17T14:01:35.8812151+00:00 ContainerStatus: Successfully opened named pipe: /podr/container/pipe/8fd9ffbabba6_babitk-app/stdout_3a4128aedaf241bcb50974f62fbbf91d.
2026-07-17T14:01:35.8812631+00:00 ContainerStatus: Successfully removed non-blocking flag from /podr/container/pipe/8fd9ffbabba6_babitk-app/stdout_3a4128aedaf241bcb50974f62fbbf91d.
2026-07-17T14:01:35.9511765+00:00 ContainerStatus: Creating stderr named pipe at /podr/container/pipe/8fd9ffbabba6_babitk-app/stderr_cb3e59a9d86c4aafa24289936b03a73b.
2026-07-17T14:01:35.9513410+00:00 ContainerStatus: Successfully created stderr named pipe at: /podr/container/pipe/8fd9ffbabba6_babitk-app/stderr_cb3e59a9d86c4aafa24289936b03a73b.
2026-07-17T14:01:35.9800203+00:00 ContainerStatus: Opening named pipe /podr/container/pipe/8fd9ffbabba6_babitk-app/stderr_cb3e59a9d86c4aafa24289936b03a73b for reading in non-blocking mode.
2026-07-17T14:01:36.0094197+00:00 ContainerStatus: Successfully opened named pipe: /podr/container/pipe/8fd9ffbabba6_babitk-app/stderr_cb3e59a9d86c4aafa24289936b03a73b.
2026-07-17T14:01:36.0095958+00:00 ContainerStatus: Successfully removed non-blocking flag from /podr/container/pipe/8fd9ffbabba6_babitk-app/stderr_cb3e59a9d86c4aafa24289936b03a73b.
2026-07-17T14:01:36.0099381+00:00 ContainerStatus: Creating container with image: appsvc/node:22-lts_20260504.4.tuxprod from registry: 10.1.0.4:13209 and fully qualified image name: 10.1.0.4:13209/appsvc/node:22-lts_20260504.4.tuxprod
2026-07-17T14:01:37.2791456+00:00 ContainerStatus: Starting container: 8fd9ffbabba6_babitk-app.
2026-07-17T14:01:37.3699054+00:00 ContainerStatus: Starting watchers and probes.
2026-07-17T14:01:37.3778456+00:00 ContainerStatus: Starting metrics collection.
2026-07-17T14:01:37.3803987+00:00 ContainerStatus: Container is running.
2026-07-17T14:01:37.3887526+00:00 ContainerStatus: State: Starting, Action: CreatingContainer, LastError: , LastErrorTimestamp: 01/01/0001 00:00:00, LastErrorDetails: , Details: Container babitk-app successfully created and is running., DetailsLevel: INFO
2026-07-17T14:01:37.6295940+00:00 ContainerStatus: Container start method finished after 3406 ms.
2026-07-17T14:01:37.6297293+00:00 ContainerStatus: State: Starting, Action: InitiatingSiteWarmUpProbe, LastError: , LastErrorTimestamp: 01/01/0001 00:00:00, LastErrorDetails: , Details: Container babitk-app successfully created and is running., DetailsLevel: INFO
2026-07-17T14:01:37.6297443+00:00 ContainerStatus: State: Starting, Action: WaitingForSiteWarmUpProbeSuccess, LastError: , LastErrorTimestamp: 01/01/0001 00:00:00, LastErrorDetails: , Details: Pinging warmup path to ensure container is ready to receive requests., DetailsLevel: INFO
2026-07-17T14:01:37.9062647+00:00 ContainerStream:    _____                               
2026-07-17T14:01:37.9064497+00:00 ContainerStream:   /  _  \ __________ _________   ____  
2026-07-17T14:01:37.9064531+00:00 ContainerStream:  /  /_\  \\___   /  |  \_  __ \_/ __ \ 
2026-07-17T14:01:37.9064549+00:00 ContainerStream: /    |    \/    /|  |  /|  | \/\  ___/ 
2026-07-17T14:01:37.9064576+00:00 ContainerStream: \____|__  /_____ \____/ |__|    \___  >
2026-07-17T14:01:37.9064645+00:00 ContainerStream:         \/      \/                  \/ 
2026-07-17T14:01:37.9064663+00:00 ContainerStream: A P P   S E R V I C E   O N   L I N U X
2026-07-17T14:01:37.9064678+00:00 ContainerStream: 
2026-07-17T14:01:37.9064700+00:00 ContainerStream: Documentation    : http://aka.ms/webapp-linux
2026-07-17T14:01:37.9064721+00:00 ContainerStream: NodeJS quickstart: https://aka.ms/node-qs
2026-07-17T14:01:37.9064738+00:00 ContainerStream: NodeJS Version   : v22.22.2
2026-07-17T14:01:37.9064755+00:00 ContainerStream: Instance Name    : lw1sdlwk0000OJ
2026-07-17T14:01:37.9064797+00:00 ContainerStream: Instance Id      : e853b0d521c13ae8cb31bbb09a3a1872c5b2865061d0d453c8b371a72b35cb7a
2026-07-17T14:01:37.9064813+00:00 ContainerStream: 
2026-07-17T14:01:37.9064831+00:00 ContainerStream: Note: Any data outside '/home' is not persisted
2026-07-17T14:01:42.1776436+00:00 ContainerStream: Starting OpenBSD Secure Shell server: sshd.
2026-07-17T14:01:42.2380123+00:00 ContainerStream: WEBSITES_INCLUDE_CLOUD_CERTS is not set to true.
2026-07-17T14:01:42.3468098+00:00 ContainerStream: Updating certificates in /etc/ssl/certs...
2026-07-17T14:02:01.4966376+00:00 ContainerStream: rehash: warning: skipping duplicate certificate in azl_SSL.com_TLS_ECC_Root_CA_2022.pem
2026-07-17T14:02:01.5051847+00:00 ContainerStream: rehash: warning: skipping duplicate certificate in azl_SSL.com_TLS_RSA_Root_CA_2022.pem
2026-07-17T14:02:02.0648118+00:00 ContainerStream: rehash: warning: skipping ca-certificates.crt,it does not contain exactly one certificate or CRL
2026-07-17T14:02:02.2901880+00:00 ContainerStream: 4 added, 0 removed; done.
2026-07-17T14:02:02.2902503+00:00 ContainerStream: Running hooks in /etc/ca-certificates/update.d...
2026-07-17T14:02:02.3205547+00:00 ContainerStream: done.
2026-07-17T14:02:02.3709244+00:00 ContainerStream: CA certificates copied and updated successfully.
2026-07-17T14:02:02.6790695+00:00 ContainerStream: Starting periodic command scheduler: cron.
2026-07-17T14:02:03.2975785+00:00 ContainerStream: Could not find build manifest file at '/home/site/wwwroot/oryx-manifest.toml'
2026-07-17T14:02:03.2976496+00:00 ContainerStream: Could not find operation ID in manifest. Generating an operation id...
2026-07-17T14:02:03.2976523+00:00 ContainerStream: Build Operation ID: 9fd2d8da-529e-4fdf-b4dd-41581ca927a0
2026-07-17T14:02:05.5908706+00:00 ContainerStream: Environment Variables for Application Insight's IPA Codeless Configuration exists..
2026-07-17T14:02:05.6604614+00:00 ContainerStream: Writing output script to '/opt/startup/startup.sh'
2026-07-17T14:02:05.7323557+00:00 ContainerStream: Running #!/bin/sh
2026-07-17T14:02:05.7324177+00:00 ContainerStream: 
2026-07-17T14:02:05.7324218+00:00 ContainerStream: # Enter the source directory to make sure the script runs where the user expects
2026-07-17T14:02:05.7324300+00:00 ContainerStream: cd "/home/site/wwwroot"
2026-07-17T14:02:05.7324317+00:00 ContainerStream: 
2026-07-17T14:02:05.7324334+00:00 ContainerStream: export NODE_PATH=/usr/local/lib/node_modules:$NODE_PATH
2026-07-17T14:02:05.7324352+00:00 ContainerStream: if [ -z "$PORT" ]; then
2026-07-17T14:02:05.7324369+00:00 ContainerStream: 		export PORT=8080
2026-07-17T14:02:05.7324384+00:00 ContainerStream: fi
2026-07-17T14:02:05.7324399+00:00 ContainerStream: 
2026-07-17T14:02:05.7402065+00:00 ContainerStream: PATH="$PATH:/home/site/wwwroot" pm2 serve /home/site/wwwroot --no-daemon --spa
2026-07-17T14:02:09.5793623+00:00 ContainerStream: 
2026-07-17T14:02:09.5794333+00:00 ContainerStream:                         -------------
2026-07-17T14:02:09.5794370+00:00 ContainerStream: 
2026-07-17T14:02:09.5794402+00:00 ContainerStream: __/\\\\\\\\\\\\\____/\\\\____________/\\\\____/\\\\\\\\\_____
2026-07-17T14:02:09.5794423+00:00 ContainerStream:  _\/\\\/////////\\\_\/\\\\\\________/\\\\\\__/\\\///////\\\___
2026-07-17T14:02:09.5794521+00:00 ContainerStream:   _\/\\\_______\/\\\_\/\\\//\\\____/\\\//\\\_\///______\//\\\__
2026-07-17T14:02:09.5794544+00:00 ContainerStream:    _\/\\\\\\\\\\\\\/__\/\\\\///\\\/\\\/_\/\\\___________/\\\/___
2026-07-17T14:02:09.5794564+00:00 ContainerStream:     _\/\\\/////////____\/\\\__\///\\\/___\/\\\________/\\\//_____
2026-07-17T14:02:09.5794583+00:00 ContainerStream:      _\/\\\_____________\/\\\____\///_____\/\\\_____/\\\//________
2026-07-17T14:02:09.5794603+00:00 ContainerStream:       _\/\\\_____________\/\\\_____________\/\\\___/\\\/___________
2026-07-17T14:02:09.5794621+00:00 ContainerStream:        _\/\\\_____________\/\\\_____________\/\\\__/\\\\\\\\\\\\\\\_
2026-07-17T14:02:09.5794660+00:00 ContainerStream:         _\///______________\///______________\///__\///////////////__
2026-07-17T14:02:09.5794676+00:00 ContainerStream: 
2026-07-17T14:02:09.5794691+00:00 ContainerStream: 
2026-07-17T14:02:09.5794707+00:00 ContainerStream:                           Runtime Edition
2026-07-17T14:02:09.5794723+00:00 ContainerStream: 
2026-07-17T14:02:09.5794740+00:00 ContainerStream:         PM2 is a Production Process Manager for Node.js applications
2026-07-17T14:02:09.5794778+00:00 ContainerStream:                      with a built-in Load Balancer.
2026-07-17T14:02:09.5794820+00:00 ContainerStream: 
2026-07-17T14:02:09.5794838+00:00 ContainerStream:                 Start and Daemonize any application:
2026-07-17T14:02:09.5794855+00:00 ContainerStream:                 $ pm2 start app.js
2026-07-17T14:02:09.5794870+00:00 ContainerStream: 
2026-07-17T14:02:09.5794887+00:00 ContainerStream:                 Load Balance 4 instances of api.js:
2026-07-17T14:02:09.5794904+00:00 ContainerStream:                 $ pm2 start api.js -i 4
2026-07-17T14:02:09.5794920+00:00 ContainerStream: 
2026-07-17T14:02:09.5794952+00:00 ContainerStream:                 Monitor in production:
2026-07-17T14:02:09.5794970+00:00 ContainerStream:                 $ pm2 monitor
2026-07-17T14:02:09.5794985+00:00 ContainerStream: 
2026-07-17T14:02:09.5795003+00:00 ContainerStream:                 Make pm2 auto-boot at server restart:
2026-07-17T14:02:09.5795021+00:00 ContainerStream:                 $ pm2 startup
2026-07-17T14:02:09.5795036+00:00 ContainerStream: 
2026-07-17T14:02:09.5795052+00:00 ContainerStream:                 To go further checkout:
2026-07-17T14:02:09.5795111+00:00 ContainerStream:                 http://pm2.io/
2026-07-17T14:02:09.5795135+00:00 ContainerStream: 
2026-07-17T14:02:09.5795150+00:00 ContainerStream: 
2026-07-17T14:02:09.5795167+00:00 ContainerStream:                         -------------
2026-07-17T14:02:09.5795181+00:00 ContainerStream: 
2026-07-17T14:02:09.6103899+00:00 ContainerStream: pm2 launched in no-daemon mode (you can add DEBUG="*" env variable to get more messages)
2026-07-17T14:02:12.7087752+00:00 ContainerStream: 2026-07-17T14:02:12: PM2 log: Launching in no daemon mode
2026-07-17T14:02:13.6344933+00:00 ContainerStream: 2026-07-17T14:02:13: PM2 log: [PM2] This PM2 is not UP TO DATE
2026-07-17T14:02:13.6633321+00:00 ContainerStream: 2026-07-17T14:02:13: PM2 log: [PM2] Upgrade to version 7.0.3
2026-07-17T14:02:13.7532159+00:00 ContainerStream: 2026-07-17T14:02:13: PM2 log: [PM2] Starting /usr/local/lib/node_modules/pm2/lib/API/Serve.js in fork_mode (1 instance)
2026-07-17T14:02:13.7826388+00:00 ContainerStream: 2026-07-17T14:02:13: PM2 log: App [static-page-server-8080:0] starting in -fork mode-
2026-07-17T14:02:13.9650980+00:00 ContainerStream: 2026-07-17T14:02:13: PM2 log: App [static-page-server-8080:0] online
2026-07-17T14:02:13.9937842+00:00 ContainerStream: 2026-07-17T14:02:13: PM2 log: [PM2] Done.
2026-07-17T14:02:14.0021693+00:00 ContainerStream: 2026-07-17T14:02:13: PM2 log: [PM2] Serving /home/site/wwwroot on port 8080
2026-07-17T14:02:14.4557319+00:00 ContainerStream: 2026-07-17T14:02:14: PM2 log: ┌────┬────────────────────────────┬─────────────┬─────────┬─────────┬──────────┬────────┬──────┬───────────┬──────────┬──────────┬──────────┬──────────┐
2026-07-17T14:02:14.4558034+00:00 ContainerStream: │ id │ name                       │ namespace   │ version │ mode    │ pid      │ uptime │ ↺    │ status    │ cpu      │ mem      │ user     │ watching │
2026-07-17T14:02:14.4558082+00:00 ContainerStream: ├────┼────────────────────────────┼─────────────┼─────────┼─────────┼──────────┼────────┼──────┼───────────┼──────────┼──────────┼──────────┼──────────┤
2026-07-17T14:02:14.4558113+00:00 ContainerStream: │ 0  │ static-page-server-8080    │ default     │ 6.0.5   │ fork    │ 1869     │ 0s     │ 0    │ online    │ 0%       │ 43.0mb   │ root     │ disabled │
2026-07-17T14:02:14.4558153+00:00 ContainerStream: └────┴────────────────────────────┴─────────────┴─────────┴─────────┴──────────┴────────┴──────┴───────────┴──────────┴──────────┴──────────┴──────────┘
2026-07-17T14:02:14.4650838+00:00 ContainerStream: 2026-07-17T14:02:14: PM2 log: [--no-daemon] Continue to stream logs
2026-07-17T14:02:14.4763869+00:00 ContainerStream: 2026-07-17T14:02:14: PM2 log: [--no-daemon] Exit on target PM2 exit pid=1853
2026-07-17T14:02:16.2096727+00:00 ContainerStream: 14:02:16 0|static-page-server-8080  | Exposing /home/site/wwwroot directory on 0.0.0.0:8080
2026-07-17T14:02:16.7685111+00:00 ContainerStatus: Site startup probe succeeded after 39.1100156 seconds.
2026-07-17T14:02:17.2634246+00:00 ContainerStatus: State: Starting, Action: WarmUpProbeSucceeded, LastError: , LastErrorTimestamp: 01/01/0001 00:00:00, LastErrorDetails: , Details: Site startup probe succeeded after 39.1100156 seconds., DetailsLevel: INFO
2026-07-17T14:02:18.0717742+00:00 ContainerStatus: Site is running with deployment version: 2c1a68e0-7d38-4fd3-b50c-f328ecd02a31
2026-07-17T14:02:18.0720169+00:00 ContainerStatus: Site started.
2026-07-17T14:02:18.1110330+00:00 ContainerStatus: State: Started, Action: None, LastError: , LastErrorTimestamp: 01/01/0001 00:00:00, LastErrorDetails: , Details: Site started at 07/17/2026 14:02:18 (UTC), DetailsLevel: INFO
2026-07-17T14:02:18.1210235+00:00 ContainerStatus: Site is running with patch version NODE-22.22.2
========== New Cold Start Attempt (2026-07-17T14:02:38.6216979+00:00) ==========
2026-07-17T14:02:38.6216979+00:00 ContainerStatus: State: Stopping, Action: StoppingSiteContainers, LastError: ContainerTimeout, LastErrorTimestamp: 07/17/2026 13:49:07, LastErrorDetails: Container did not start within expected time limit of 600s. Please inspect your container logs for more details., Details: Site started at 07/17/2026 14:01:05 (UTC), DetailsLevel: INFO
2026-07-17T14:02:38.6221591+00:00 ContainerStatus: Container is terminating. Grace period: 5 seconds.
2026-07-17T14:02:38.6329338+00:00 ContainerStatus: Stop and delete container. Retry count = 0
2026-07-17T14:02:38.6330139+00:00 ContainerStatus: Stopping container: ec8760a70c34_babitk-app.
2026-07-17T14:02:43.7702409+00:00 ContainerStatus: Deleting container: ec8760a70c34_babitk-app. Retry count = 0
2026-07-17T14:02:43.9973606+00:00 ContainerStatus: Container spec TerminationMessagePolicy  path 
2026-07-17T14:02:43.9983778+00:00 ContainerStatus: Container is terminated. Total time elapsed: 5375 ms.
2026-07-17T14:02:43.9986534+00:00 ContainerStatus: Site: babitk-app stopped.
2026-07-17T14:10:34.4469291+00:00 ContainerStatus: State: Starting, Action: EstablishingSiteNetworks, LastError: , LastErrorTimestamp: 01/01/0001 00:00:00, LastErrorDetails: , Details: , DetailsLevel: INFO
2026-07-17T14:10:37.1638842+00:00 ContainerStatus: State: Starting, Action: StartingSiteContainers, LastError: , LastErrorTimestamp: 01/01/0001 00:00:00, LastErrorDetails: , Details: , DetailsLevel: INFO
2026-07-17T14:10:37.1653875+00:00 ContainerStatus: Container start method called.
2026-07-17T14:10:37.1933560+00:00 ContainerStatus: State: Starting, Action: PullingImage, LastError: , LastErrorTimestamp: 01/01/0001 00:00:00, LastErrorDetails: , Details: Pulling image 10.1.0.6:13209/appsvc/node:22-lts_20260504.4.tuxprod for babitk-app., DetailsLevel: INFO
2026-07-17T14:10:37.1937362+00:00 ContainerStatus: Establishing network.
2026-07-17T14:10:37.1938324+00:00 ContainerStatus: Pulling image: appsvc/node:22-lts_20260504.4.tuxprod.
2026-07-17T14:10:37.4732159+00:00 ContainerStatus: Container is starting.
2026-07-17T14:10:37.4733486+00:00 ContainerStatus: State: Starting, Action: MountingVolumes, LastError: , LastErrorTimestamp: 01/01/0001 00:00:00, LastErrorDetails: , Details: Mounting volumes for babitk-app., DetailsLevel: INFO
2026-07-17T14:10:37.4734251+00:00 ContainerStatus: Establishing user namespace if not established already.
2026-07-17T14:10:37.4735333+00:00 ContainerStatus: Establishing network if not established already.
2026-07-17T14:10:37.4736175+00:00 ContainerStatus: Mounting volumes.
2026-07-17T14:10:37.4737292+00:00 ContainerStatus: Nested mountpoint 
2026-07-17T14:10:37.5310754+00:00 ContainerStatus: Nested mountpoint volatile/logs
2026-07-17T14:10:37.5538678+00:00 ContainerStatus: Nested mountpoint 
2026-07-17T14:10:37.6191429+00:00 ContainerStatus: Nested mountpoint 
2026-07-17T14:10:37.6380439+00:00 ContainerStatus: Nested mountpoint 
2026-07-17T14:10:37.7368193+00:00 ContainerStatus: Nested mountpoint 
2026-07-17T14:10:38.1298970+00:00 ContainerStatus: State: Starting, Action: CreatingContainer, LastError: , LastErrorTimestamp: 01/01/0001 00:00:00, LastErrorDetails: , Details: Finished pulling container image and mounting volumes for babitk-app. Allocatinng the rest of the container resources to finish container creation., DetailsLevel: INFO
2026-07-17T14:10:38.1299986+00:00 ContainerStatus: Creating container.
2026-07-17T14:10:38.1300783+00:00 ContainerStatus: Creating pipes for streaming container io.
2026-07-17T14:10:38.1301499+00:00 ContainerStatus: Creating stdout named pipe at /podr/container/pipe/f72390aeb860_babitk-app/stdout_c4642300d8344dd683872a6ca5d244d0.
2026-07-17T14:10:38.1493213+00:00 ContainerStatus: Successfully created stdout named pipe at: /podr/container/pipe/f72390aeb860_babitk-app/stdout_c4642300d8344dd683872a6ca5d244d0.
2026-07-17T14:10:38.1496970+00:00 ContainerStatus: Opening named pipe /podr/container/pipe/f72390aeb860_babitk-app/stdout_c4642300d8344dd683872a6ca5d244d0 for reading in non-blocking mode.
2026-07-17T14:10:38.1504184+00:00 ContainerStatus: Successfully opened named pipe: /podr/container/pipe/f72390aeb860_babitk-app/stdout_c4642300d8344dd683872a6ca5d244d0.
2026-07-17T14:10:38.1505073+00:00 ContainerStatus: Successfully removed non-blocking flag from /podr/container/pipe/f72390aeb860_babitk-app/stdout_c4642300d8344dd683872a6ca5d244d0.
2026-07-17T14:10:38.1591367+00:00 ContainerStatus: Creating stderr named pipe at /podr/container/pipe/f72390aeb860_babitk-app/stderr_ec52570dbdd648c1937f3df5713df046.
2026-07-17T14:10:38.1592632+00:00 ContainerStatus: Successfully created stderr named pipe at: /podr/container/pipe/f72390aeb860_babitk-app/stderr_ec52570dbdd648c1937f3df5713df046.
2026-07-17T14:10:38.1593245+00:00 ContainerStatus: Opening named pipe /podr/container/pipe/f72390aeb860_babitk-app/stderr_ec52570dbdd648c1937f3df5713df046 for reading in non-blocking mode.
2026-07-17T14:10:38.1593859+00:00 ContainerStatus: Successfully opened named pipe: /podr/container/pipe/f72390aeb860_babitk-app/stderr_ec52570dbdd648c1937f3df5713df046.
2026-07-17T14:10:38.1594330+00:00 ContainerStatus: Successfully removed non-blocking flag from /podr/container/pipe/f72390aeb860_babitk-app/stderr_ec52570dbdd648c1937f3df5713df046.
2026-07-17T14:10:38.1612248+00:00 ContainerStatus: Creating container with image: appsvc/node:22-lts_20260504.4.tuxprod from registry: 10.1.0.6:13209 and fully qualified image name: 10.1.0.6:13209/appsvc/node:22-lts_20260504.4.tuxprod
2026-07-17T14:10:38.8176050+00:00 ContainerStatus: Starting container: f72390aeb860_babitk-app.
2026-07-17T14:10:38.9060300+00:00 ContainerStatus: Starting watchers and probes.
2026-07-17T14:10:38.9063547+00:00 ContainerStatus: Starting metrics collection.
2026-07-17T14:10:38.9068063+00:00 ContainerStatus: Container is running.
2026-07-17T14:10:38.9069329+00:00 ContainerStatus: State: Starting, Action: CreatingContainer, LastError: , LastErrorTimestamp: 01/01/0001 00:00:00, LastErrorDetails: , Details: Container babitk-app successfully created and is running., DetailsLevel: INFO
2026-07-17T14:10:39.2632471+00:00 ContainerStatus: Container start method finished after 2097 ms.
2026-07-17T14:10:39.2633915+00:00 ContainerStatus: State: Starting, Action: InitiatingSiteWarmUpProbe, LastError: , LastErrorTimestamp: 01/01/0001 00:00:00, LastErrorDetails: , Details: Container babitk-app successfully created and is running., DetailsLevel: INFO
2026-07-17T14:10:39.2634117+00:00 ContainerStatus: State: Starting, Action: WaitingForSiteWarmUpProbeSuccess, LastError: , LastErrorTimestamp: 01/01/0001 00:00:00, LastErrorDetails: , Details: Pinging warmup path to ensure container is ready to receive requests., DetailsLevel: INFO
2026-07-17T14:10:39.5226987+00:00 ContainerStream:    _____                               
2026-07-17T14:10:39.5234403+00:00 ContainerStream:   /  _  \ __________ _________   ____  
2026-07-17T14:10:39.5234545+00:00 ContainerStream:  /  /_\  \\___   /  |  \_  __ \_/ __ \ 
2026-07-17T14:10:39.5234565+00:00 ContainerStream: /    |    \/    /|  |  /|  | \/\  ___/ 
2026-07-17T14:10:39.5234583+00:00 ContainerStream: \____|__  /_____ \____/ |__|    \___  >
2026-07-17T14:10:39.5234606+00:00 ContainerStream:         \/      \/                  \/ 
2026-07-17T14:10:39.5234628+00:00 ContainerStream: A P P   S E R V I C E   O N   L I N U X
2026-07-17T14:10:39.5234645+00:00 ContainerStream: 
2026-07-17T14:10:39.5234680+00:00 ContainerStream: Documentation    : http://aka.ms/webapp-linux
2026-07-17T14:10:39.5234701+00:00 ContainerStream: NodeJS quickstart: https://aka.ms/node-qs
2026-07-17T14:10:39.5234719+00:00 ContainerStream: NodeJS Version   : v22.22.2
2026-07-17T14:10:39.5234737+00:00 ContainerStream: Instance Name    : lw1sdlwk0000OJ
2026-07-17T14:10:39.5234760+00:00 ContainerStream: Instance Id      : e853b0d521c13ae8cb31bbb09a3a1872c5b2865061d0d453c8b371a72b35cb7a
2026-07-17T14:10:39.5234777+00:00 ContainerStream: 
2026-07-17T14:10:39.5234806+00:00 ContainerStream: Note: Any data outside '/home' is not persisted
2026-07-17T14:10:43.9667994+00:00 ContainerStream: Starting OpenBSD Secure Shell server: sshd.
2026-07-17T14:10:43.9872198+00:00 ContainerStream: WEBSITES_INCLUDE_CLOUD_CERTS is not set to true.
2026-07-17T14:10:44.0571424+00:00 ContainerStream: Updating certificates in /etc/ssl/certs...
2026-07-17T14:11:06.8562430+00:00 ContainerStream: rehash: warning: skipping duplicate certificate in azl_SSL.com_TLS_ECC_Root_CA_2022.pem
2026-07-17T14:11:06.8575941+00:00 ContainerStream: rehash: warning: skipping duplicate certificate in azl_SSL.com_TLS_RSA_Root_CA_2022.pem
2026-07-17T14:11:07.0762792+00:00 ContainerStream: rehash: warning: skipping ca-certificates.crt,it does not contain exactly one certificate or CRL
2026-07-17T14:11:07.1656200+00:00 ContainerStream: 4 added, 0 removed; done.
2026-07-17T14:11:07.1663746+00:00 ContainerStream: Running hooks in /etc/ca-certificates/update.d...
2026-07-17T14:11:07.1767240+00:00 ContainerStream: done.
2026-07-17T14:11:07.1959400+00:00 ContainerStream: CA certificates copied and updated successfully.
2026-07-17T14:11:07.5053073+00:00 ContainerStream: Starting periodic command scheduler: cron.
2026-07-17T14:11:07.9440417+00:00 ContainerStream: Could not find build manifest file at '/home/site/wwwroot/oryx-manifest.toml'
2026-07-17T14:11:07.9440986+00:00 ContainerStream: Could not find operation ID in manifest. Generating an operation id...
2026-07-17T14:11:07.9441120+00:00 ContainerStream: Build Operation ID: 96307136-50bc-476f-ac30-e6f293639b4d
2026-07-17T14:11:08.5530325+00:00 ContainerStream: Environment Variables for Application Insight's IPA Codeless Configuration exists..
2026-07-17T14:11:08.5714844+00:00 ContainerStream: Writing output script to '/opt/startup/startup.sh'
2026-07-17T14:11:08.6311807+00:00 ContainerStream: Running #!/bin/sh
2026-07-17T14:11:08.6312305+00:00 ContainerStream: 
2026-07-17T14:11:08.6312344+00:00 ContainerStream: # Enter the source directory to make sure the script runs where the user expects
2026-07-17T14:11:08.6312441+00:00 ContainerStream: cd "/home/site/wwwroot"
2026-07-17T14:11:08.6312457+00:00 ContainerStream: 
2026-07-17T14:11:08.6312475+00:00 ContainerStream: export NODE_PATH=/usr/local/lib/node_modules:$NODE_PATH
2026-07-17T14:11:08.6312493+00:00 ContainerStream: if [ -z "$PORT" ]; then
2026-07-17T14:11:08.6312511+00:00 ContainerStream: 		export PORT=8080
2026-07-17T14:11:08.6312526+00:00 ContainerStream: fi
2026-07-17T14:11:08.6312541+00:00 ContainerStream: 
2026-07-17T14:11:08.6324317+00:00 ContainerStream: PATH="$PATH:/home/site/wwwroot" pm2 serve /home/site/wwwroot --no-daemon --spa
2026-07-17T14:11:13.2306164+00:00 ContainerStream: 
2026-07-17T14:11:13.2397026+00:00 ContainerStream:                         -------------
2026-07-17T14:11:13.2397097+00:00 ContainerStream: 
2026-07-17T14:11:13.2397121+00:00 ContainerStream: __/\\\\\\\\\\\\\____/\\\\____________/\\\\____/\\\\\\\\\_____
2026-07-17T14:11:13.2397144+00:00 ContainerStream:  _\/\\\/////////\\\_\/\\\\\\________/\\\\\\__/\\\///////\\\___
2026-07-17T14:11:13.2397163+00:00 ContainerStream:   _\/\\\_______\/\\\_\/\\\//\\\____/\\\//\\\_\///______\//\\\__
2026-07-17T14:11:13.2397236+00:00 ContainerStream:    _\/\\\\\\\\\\\\\/__\/\\\\///\\\/\\\/_\/\\\___________/\\\/___
2026-07-17T14:11:13.2397256+00:00 ContainerStream:     _\/\\\/////////____\/\\\__\///\\\/___\/\\\________/\\\//_____
2026-07-17T14:11:13.2399877+00:00 ContainerStream:      _\/\\\_____________\/\\\____\///_____\/\\\_____/\\\//________
2026-07-17T14:11:13.2399924+00:00 ContainerStream:       _\/\\\_____________\/\\\_____________\/\\\___/\\\/___________
2026-07-17T14:11:13.2399943+00:00 ContainerStream:        _\/\\\_____________\/\\\_____________\/\\\__/\\\\\\\\\\\\\\\_
2026-07-17T14:11:13.2399961+00:00 ContainerStream:         _\///______________\///______________\///__\///////////////__
2026-07-17T14:11:13.2399987+00:00 ContainerStream: 
2026-07-17T14:11:13.2400002+00:00 ContainerStream: 
2026-07-17T14:11:13.2400019+00:00 ContainerStream:                           Runtime Edition
2026-07-17T14:11:13.2400035+00:00 ContainerStream: 
2026-07-17T14:11:13.2400052+00:00 ContainerStream:         PM2 is a Production Process Manager for Node.js applications
2026-07-17T14:11:13.2400084+00:00 ContainerStream:                      with a built-in Load Balancer.
2026-07-17T14:11:13.2400102+00:00 ContainerStream: 
2026-07-17T14:11:13.2400136+00:00 ContainerStream:                 Start and Daemonize any application:
2026-07-17T14:11:13.2400153+00:00 ContainerStream:                 $ pm2 start app.js
2026-07-17T14:11:13.2400168+00:00 ContainerStream: 
2026-07-17T14:11:13.2400184+00:00 ContainerStream:                 Load Balance 4 instances of api.js:
2026-07-17T14:11:13.2400201+00:00 ContainerStream:                 $ pm2 start api.js -i 4
2026-07-17T14:11:13.2400216+00:00 ContainerStream: 
2026-07-17T14:11:13.2400233+00:00 ContainerStream:                 Monitor in production:
2026-07-17T14:11:13.2400260+00:00 ContainerStream:                 $ pm2 monitor
2026-07-17T14:11:13.2400275+00:00 ContainerStream: 
2026-07-17T14:11:13.2400293+00:00 ContainerStream:                 Make pm2 auto-boot at server restart:
2026-07-17T14:11:13.2400309+00:00 ContainerStream:                 $ pm2 startup
2026-07-17T14:11:13.2400324+00:00 ContainerStream: 
2026-07-17T14:11:13.2400340+00:00 ContainerStream:                 To go further checkout:
2026-07-17T14:11:13.2400357+00:00 ContainerStream:                 http://pm2.io/
2026-07-17T14:11:13.2400389+00:00 ContainerStream: 
2026-07-17T14:11:13.2400404+00:00 ContainerStream: 
2026-07-17T14:11:13.2400421+00:00 ContainerStream:                         -------------
2026-07-17T14:11:13.2400436+00:00 ContainerStream: 
2026-07-17T14:11:13.2879015+00:00 ContainerStream: pm2 launched in no-daemon mode (you can add DEBUG="*" env variable to get more messages)
2026-07-17T14:11:14.3061847+00:00 ContainerStream: 2026-07-17T14:11:14: PM2 log: Launching in no daemon mode
2026-07-17T14:11:14.5853693+00:00 ContainerStream: 2026-07-17T14:11:14: PM2 log: [PM2] Starting /usr/local/lib/node_modules/pm2/lib/API/Serve.js in fork_mode (1 instance)
2026-07-17T14:11:14.6062329+00:00 ContainerStream: 2026-07-17T14:11:14: PM2 log: [PM2] This PM2 is not UP TO DATE
2026-07-17T14:11:14.6072020+00:00 ContainerStream: 2026-07-17T14:11:14: PM2 log: [PM2] Upgrade to version 7.0.3
2026-07-17T14:11:14.6258149+00:00 ContainerStream: 2026-07-17T14:11:14: PM2 log: App [static-page-server-8080:0] starting in -fork mode-
2026-07-17T14:11:14.7468536+00:00 ContainerStream: 2026-07-17T14:11:14: PM2 log: App [static-page-server-8080:0] online
2026-07-17T14:11:14.7956733+00:00 ContainerStream: 2026-07-17T14:11:14: PM2 log: [PM2] Done.
2026-07-17T14:11:14.7967414+00:00 ContainerStream: 2026-07-17T14:11:14: PM2 log: [PM2] Serving /home/site/wwwroot on port 8080
2026-07-17T14:11:15.0866121+00:00 ContainerStream: 2026-07-17T14:11:15: PM2 log: ┌────┬────────────────────────────┬─────────────┬─────────┬─────────┬──────────┬────────┬──────┬───────────┬──────────┬──────────┬──────────┬──────────┐
2026-07-17T14:11:15.0866784+00:00 ContainerStream: │ id │ name                       │ namespace   │ version │ mode    │ pid      │ uptime │ ↺    │ status    │ cpu      │ mem      │ user     │ watching │
2026-07-17T14:11:15.0866902+00:00 ContainerStream: ├────┼────────────────────────────┼─────────────┼─────────┼─────────┼──────────┼────────┼──────┼───────────┼──────────┼──────────┼──────────┼──────────┤
2026-07-17T14:11:15.0866935+00:00 ContainerStream: │ 0  │ static-page-server-8080    │ default     │ 6.0.5   │ fork    │ 1867     │ 0s     │ 0    │ online    │ 0%       │ 34.8mb   │ root     │ disabled │
2026-07-17T14:11:15.0866974+00:00 ContainerStream: └────┴────────────────────────────┴─────────────┴─────────┴─────────┴──────────┴────────┴──────┴───────────┴──────────┴──────────┴──────────┴──────────┘
2026-07-17T14:11:15.1166409+00:00 ContainerStream: 2026-07-17T14:11:15: PM2 log: [--no-daemon] Continue to stream logs
2026-07-17T14:11:15.1241440+00:00 ContainerStream: 2026-07-17T14:11:15: PM2 log: [--no-daemon] Exit on target PM2 exit pid=1852
2026-07-17T14:11:16.1021293+00:00 ContainerStream: 14:11:16 0|static-page-server-8080  | Exposing /home/site/wwwroot directory on 0.0.0.0:8080
2026-07-17T14:11:16.3105537+00:00 ContainerStatus: Site startup probe succeeded after 37.044583 seconds.
2026-07-17T14:11:16.6682674+00:00 ContainerStatus: State: Starting, Action: WarmUpProbeSucceeded, LastError: , LastErrorTimestamp: 01/01/0001 00:00:00, LastErrorDetails: , Details: Site startup probe succeeded after 37.044583 seconds., DetailsLevel: INFO
2026-07-17T14:11:17.1573148+00:00 ContainerStatus: Site is running with deployment version: aae404a5-adc6-449b-a6c1-0d57605a6063
2026-07-17T14:11:17.1752557+00:00 ContainerStatus: Site started.
2026-07-17T14:11:17.1753490+00:00 ContainerStatus: State: Started, Action: None, LastError: , LastErrorTimestamp: 01/01/0001 00:00:00, LastErrorDetails: , Details: Site started at 07/17/2026 14:11:17 (UTC), DetailsLevel: INFO
2026-07-17T14:11:17.1769014+00:00 ContainerStatus: Site is running with patch version NODE-22.22.2
========== New Cold Start Attempt (2026-07-17T14:12:07.8383816+00:00) ==========
2026-07-17T14:12:07.8383816+00:00 ContainerStatus: State: Stopping, Action: StoppingSite, LastError: ContainerTimeout, LastErrorTimestamp: 07/17/2026 13:49:07, LastErrorDetails: Container did not start within expected time limit of 600s. Please inspect your container logs for more details., Details: Site started at 07/17/2026 14:11:17 (UTC), DetailsLevel: INFO
2026-07-17T14:12:07.8385585+00:00 ContainerStatus: State: Stopping, Action: StoppingSiteContainers, LastError: ContainerTimeout, LastErrorTimestamp: 07/17/2026 13:49:07, LastErrorDetails: Container did not start within expected time limit of 600s. Please inspect your container logs for more details., Details: Site started at 07/17/2026 14:11:17 (UTC), DetailsLevel: INFO
2026-07-17T14:12:07.8386340+00:00 ContainerStatus: Container is terminating. Grace period: 5 seconds.
2026-07-17T14:12:07.8492091+00:00 ContainerStatus: Stop and delete container. Retry count = 0
2026-07-17T14:12:07.8494322+00:00 ContainerStatus: Stopping container: f72390aeb860_babitk-app.
2026-07-17T14:12:13.2029531+00:00 ContainerStatus: Deleting container: f72390aeb860_babitk-app. Retry count = 0
2026-07-17T14:12:13.6605706+00:00 ContainerStatus: Container spec TerminationMessagePolicy  path 
2026-07-17T14:12:13.6611868+00:00 ContainerStatus: Container is terminated. Total time elapsed: 5822 ms.
2026-07-17T14:12:13.6613390+00:00 ContainerStatus: Site: babitk-app stopped.
2026-07-17T14:12:54.7712114+00:00 ContainerStatus: State: Starting, Action: EstablishingSiteNetworks, LastError: VNETFailure, LastErrorTimestamp: 07/17/2026 14:11:46, LastErrorDetails: There was an issue setting up VNet., Details: Site stopped at 07/17/2026 14:11:47 (UTC), DetailsLevel: ERR
2026-07-17T14:12:55.9745298+00:00 ContainerStatus: State: Starting, Action: StartingSiteContainers, LastError: VNETFailure, LastErrorTimestamp: 07/17/2026 14:11:46, LastErrorDetails: There was an issue setting up VNet., Details: Site stopped at 07/17/2026 14:11:47 (UTC), DetailsLevel: ERR
2026-07-17T14:12:55.9746028+00:00 ContainerStatus: Container start method called.
2026-07-17T14:12:55.9746285+00:00 ContainerStatus: State: Starting, Action: PullingImage, LastError: VNETFailure, LastErrorTimestamp: 07/17/2026 14:11:46, LastErrorDetails: There was an issue setting up VNet., Details: Pulling image 10.1.0.4:13209/appsvc/node:22-lts_20260504.4.tuxprod for babitk-app., DetailsLevel: INFO
2026-07-17T14:12:55.9746812+00:00 ContainerStatus: Establishing network.
2026-07-17T14:12:56.0042181+00:00 ContainerStatus: Pulling image: appsvc/node:22-lts_20260504.4.tuxprod.
2026-07-17T14:12:56.1932202+00:00 ContainerStatus: Container is starting.
2026-07-17T14:12:56.1932899+00:00 ContainerStatus: State: Starting, Action: MountingVolumes, LastError: VNETFailure, LastErrorTimestamp: 07/17/2026 14:11:46, LastErrorDetails: There was an issue setting up VNet., Details: Mounting volumes for babitk-app., DetailsLevel: INFO
2026-07-17T14:12:56.1933437+00:00 ContainerStatus: Establishing user namespace if not established already.
2026-07-17T14:12:56.1934027+00:00 ContainerStatus: Establishing network if not established already.
2026-07-17T14:12:56.1942483+00:00 ContainerStatus: Mounting volumes.
2026-07-17T14:12:56.1943708+00:00 ContainerStatus: Nested mountpoint 
2026-07-17T14:12:56.2330050+00:00 ContainerStatus: Nested mountpoint volatile/logs
2026-07-17T14:12:56.2438030+00:00 ContainerStatus: Nested mountpoint 
2026-07-17T14:12:56.2442770+00:00 ContainerStatus: Nested mountpoint 
2026-07-17T14:12:56.2857670+00:00 ContainerStatus: Nested mountpoint 
2026-07-17T14:12:56.3249563+00:00 ContainerStatus: Nested mountpoint 
2026-07-17T14:12:56.5213500+00:00 ContainerStatus: State: Starting, Action: CreatingContainer, LastError: VNETFailure, LastErrorTimestamp: 07/17/2026 14:11:46, LastErrorDetails: There was an issue setting up VNet., Details: Finished pulling container image and mounting volumes for babitk-app. Allocatinng the rest of the container resources to finish container creation., DetailsLevel: INFO
2026-07-17T14:12:56.5214228+00:00 ContainerStatus: Creating container.
2026-07-17T14:12:56.5216792+00:00 ContainerStatus: Creating pipes for streaming container io.
2026-07-17T14:12:56.5217714+00:00 ContainerStatus: Creating stdout named pipe at /podr/container/pipe/d45ab52b05d0_babitk-app/stdout_9011003c6fcc4f8fab7fa6e7f7fa9c9c.
2026-07-17T14:12:56.5303935+00:00 ContainerStatus: Successfully created stdout named pipe at: /podr/container/pipe/d45ab52b05d0_babitk-app/stdout_9011003c6fcc4f8fab7fa6e7f7fa9c9c.
2026-07-17T14:12:56.5305243+00:00 ContainerStatus: Opening named pipe /podr/container/pipe/d45ab52b05d0_babitk-app/stdout_9011003c6fcc4f8fab7fa6e7f7fa9c9c for reading in non-blocking mode.
2026-07-17T14:12:56.5306237+00:00 ContainerStatus: Successfully opened named pipe: /podr/container/pipe/d45ab52b05d0_babitk-app/stdout_9011003c6fcc4f8fab7fa6e7f7fa9c9c.
2026-07-17T14:12:56.5308615+00:00 ContainerStatus: Successfully removed non-blocking flag from /podr/container/pipe/d45ab52b05d0_babitk-app/stdout_9011003c6fcc4f8fab7fa6e7f7fa9c9c.
2026-07-17T14:12:56.5312741+00:00 ContainerStatus: Creating stderr named pipe at /podr/container/pipe/d45ab52b05d0_babitk-app/stderr_ef86495151a2454982ff2815e06f071c.
2026-07-17T14:12:56.5314042+00:00 ContainerStatus: Successfully created stderr named pipe at: /podr/container/pipe/d45ab52b05d0_babitk-app/stderr_ef86495151a2454982ff2815e06f071c.
2026-07-17T14:12:56.5314774+00:00 ContainerStatus: Opening named pipe /podr/container/pipe/d45ab52b05d0_babitk-app/stderr_ef86495151a2454982ff2815e06f071c for reading in non-blocking mode.
2026-07-17T14:12:56.5317825+00:00 ContainerStatus: Successfully opened named pipe: /podr/container/pipe/d45ab52b05d0_babitk-app/stderr_ef86495151a2454982ff2815e06f071c.
2026-07-17T14:12:56.5318580+00:00 ContainerStatus: Successfully removed non-blocking flag from /podr/container/pipe/d45ab52b05d0_babitk-app/stderr_ef86495151a2454982ff2815e06f071c.
2026-07-17T14:12:56.5321406+00:00 ContainerStatus: Creating container with image: appsvc/node:22-lts_20260504.4.tuxprod from registry: 10.1.0.4:13209 and fully qualified image name: 10.1.0.4:13209/appsvc/node:22-lts_20260504.4.tuxprod
2026-07-17T14:12:56.9991967+00:00 ContainerStatus: Starting container: d45ab52b05d0_babitk-app.
2026-07-17T14:12:57.0713701+00:00 ContainerStatus: Starting watchers and probes.
2026-07-17T14:12:57.0891734+00:00 ContainerStatus: Starting metrics collection.
2026-07-17T14:12:57.0898422+00:00 ContainerStatus: Container is running.
2026-07-17T14:12:57.0901898+00:00 ContainerStatus: State: Starting, Action: CreatingContainer, LastError: VNETFailure, LastErrorTimestamp: 07/17/2026 14:11:46, LastErrorDetails: There was an issue setting up VNet., Details: Container babitk-app successfully created and is running., DetailsLevel: INFO
2026-07-17T14:12:57.2979736+00:00 ContainerStatus: Container start method finished after 1323 ms.
2026-07-17T14:12:57.2989407+00:00 ContainerStatus: State: Starting, Action: InitiatingSiteWarmUpProbe, LastError: VNETFailure, LastErrorTimestamp: 07/17/2026 14:11:46, LastErrorDetails: There was an issue setting up VNet., Details: Container babitk-app successfully created and is running., DetailsLevel: INFO
2026-07-17T14:12:57.2989866+00:00 ContainerStatus: State: Starting, Action: WaitingForSiteWarmUpProbeSuccess, LastError: VNETFailure, LastErrorTimestamp: 07/17/2026 14:11:46, LastErrorDetails: There was an issue setting up VNet., Details: Pinging warmup path to ensure container is ready to receive requests., DetailsLevel: INFO
2026-07-17T14:12:57.3294015+00:00 ContainerStream:    _____                               
2026-07-17T14:12:57.3367590+00:00 ContainerStream:   /  _  \ __________ _________   ____  
2026-07-17T14:12:57.3367855+00:00 ContainerStream:  /  /_\  \\___   /  |  \_  __ \_/ __ \ 
2026-07-17T14:12:57.3367875+00:00 ContainerStream: /    |    \/    /|  |  /|  | \/\  ___/ 
2026-07-17T14:12:57.3367898+00:00 ContainerStream: \____|__  /_____ \____/ |__|    \___  >
2026-07-17T14:12:57.3367931+00:00 ContainerStream:         \/      \/                  \/ 
2026-07-17T14:12:57.3368001+00:00 ContainerStream: A P P   S E R V I C E   O N   L I N U X
2026-07-17T14:12:57.3368017+00:00 ContainerStream: 
2026-07-17T14:12:57.3368040+00:00 ContainerStream: Documentation    : http://aka.ms/webapp-linux
2026-07-17T14:12:57.3368060+00:00 ContainerStream: NodeJS quickstart: https://aka.ms/node-qs
2026-07-17T14:12:57.3368078+00:00 ContainerStream: NodeJS Version   : v22.22.2
2026-07-17T14:12:57.3368095+00:00 ContainerStream: Instance Name    : lw1sdlwk0000OJ
2026-07-17T14:12:57.3368134+00:00 ContainerStream: Instance Id      : e853b0d521c13ae8cb31bbb09a3a1872c5b2865061d0d453c8b371a72b35cb7a
2026-07-17T14:12:57.3368150+00:00 ContainerStream: 
2026-07-17T14:12:57.3368168+00:00 ContainerStream: Note: Any data outside '/home' is not persisted
2026-07-17T14:13:01.0122772+00:00 ContainerStream: Starting OpenBSD Secure Shell server: sshd.
2026-07-17T14:13:01.0318323+00:00 ContainerStream: WEBSITES_INCLUDE_CLOUD_CERTS is not set to true.
2026-07-17T14:13:01.0999062+00:00 ContainerStream: Updating certificates in /etc/ssl/certs...
2026-07-17T14:13:18.1591355+00:00 ContainerStream: rehash: warning: skipping duplicate certificate in azl_SSL.com_TLS_ECC_Root_CA_2022.pem
2026-07-17T14:13:18.1597070+00:00 ContainerStream: rehash: warning: skipping duplicate certificate in azl_SSL.com_TLS_RSA_Root_CA_2022.pem
2026-07-17T14:13:18.3986074+00:00 ContainerStream: rehash: warning: skipping ca-certificates.crt,it does not contain exactly one certificate or CRL
2026-07-17T14:13:18.4391766+00:00 ContainerStream: 4 added, 0 removed; done.
2026-07-17T14:13:18.4400373+00:00 ContainerStream: Running hooks in /etc/ca-certificates/update.d...
2026-07-17T14:13:18.4502200+00:00 ContainerStream: done.
2026-07-17T14:13:18.4707523+00:00 ContainerStream: CA certificates copied and updated successfully.
2026-07-17T14:13:18.6600882+00:00 ContainerStream: Starting periodic command scheduler: cron.
2026-07-17T14:13:18.8713163+00:00 ContainerStream: Could not find build manifest file at '/home/site/wwwroot/oryx-manifest.toml'
2026-07-17T14:13:18.8793225+00:00 ContainerStream: Could not find operation ID in manifest. Generating an operation id...
2026-07-17T14:13:18.8799400+00:00 ContainerStream: Build Operation ID: f857a285-6ed0-42d3-b57c-b9631c4b36f0
2026-07-17T14:13:19.4551383+00:00 ContainerStream: Environment Variables for Application Insight's IPA Codeless Configuration exists..
2026-07-17T14:13:19.4911568+00:00 ContainerStream: Writing output script to '/opt/startup/startup.sh'
2026-07-17T14:13:19.5628499+00:00 ContainerStream: Running #!/bin/sh
2026-07-17T14:13:19.5629124+00:00 ContainerStream: 
2026-07-17T14:13:19.5629221+00:00 ContainerStream: # Enter the source directory to make sure the script runs where the user expects
2026-07-17T14:13:19.5629256+00:00 ContainerStream: cd "/home/site/wwwroot"
2026-07-17T14:13:19.5629273+00:00 ContainerStream: 
2026-07-17T14:13:19.5629291+00:00 ContainerStream: export NODE_PATH=/usr/local/lib/node_modules:$NODE_PATH
2026-07-17T14:13:19.5629309+00:00 ContainerStream: if [ -z "$PORT" ]; then
2026-07-17T14:13:19.5629325+00:00 ContainerStream: 		export PORT=8080
2026-07-17T14:13:19.5629343+00:00 ContainerStream: fi
2026-07-17T14:13:19.5629370+00:00 ContainerStream: 
2026-07-17T14:13:19.5731448+00:00 ContainerStream: PATH="$PATH:/home/site/wwwroot" pm2 serve /home/site/wwwroot --no-daemon --spa
2026-07-17T14:13:20.8872577+00:00 ContainerStream: 
2026-07-17T14:13:20.8873274+00:00 ContainerStream:                         -------------
2026-07-17T14:13:20.8873327+00:00 ContainerStream: 
2026-07-17T14:13:20.8873357+00:00 ContainerStream: __/\\\\\\\\\\\\\____/\\\\____________/\\\\____/\\\\\\\\\_____
2026-07-17T14:13:20.8873396+00:00 ContainerStream:  _\/\\\/////////\\\_\/\\\\\\________/\\\\\\__/\\\///////\\\___
2026-07-17T14:13:20.8873495+00:00 ContainerStream:   _\/\\\_______\/\\\_\/\\\//\\\____/\\\//\\\_\///______\//\\\__
2026-07-17T14:13:20.8873526+00:00 ContainerStream:    _\/\\\\\\\\\\\\\/__\/\\\\///\\\/\\\/_\/\\\___________/\\\/___
2026-07-17T14:13:20.8873554+00:00 ContainerStream:     _\/\\\/////////____\/\\\__\///\\\/___\/\\\________/\\\//_____
2026-07-17T14:13:20.8873582+00:00 ContainerStream:      _\/\\\_____________\/\\\____\///_____\/\\\_____/\\\//________
2026-07-17T14:13:20.8873608+00:00 ContainerStream:       _\/\\\_____________\/\\\_____________\/\\\___/\\\/___________
2026-07-17T14:13:20.8873634+00:00 ContainerStream:        _\/\\\_____________\/\\\_____________\/\\\__/\\\\\\\\\\\\\\\_
2026-07-17T14:13:20.8873675+00:00 ContainerStream:         _\///______________\///______________\///__\///////////////__
2026-07-17T14:13:20.8873697+00:00 ContainerStream: 
2026-07-17T14:13:20.8873720+00:00 ContainerStream: 
2026-07-17T14:13:20.8873744+00:00 ContainerStream:                           Runtime Edition
2026-07-17T14:13:20.8873767+00:00 ContainerStream: 
2026-07-17T14:13:20.8873791+00:00 ContainerStream:         PM2 is a Production Process Manager for Node.js applications
2026-07-17T14:13:20.8873857+00:00 ContainerStream:                      with a built-in Load Balancer.
2026-07-17T14:13:20.8873881+00:00 ContainerStream: 
2026-07-17T14:13:20.8873905+00:00 ContainerStream:                 Start and Daemonize any application:
2026-07-17T14:13:20.8873930+00:00 ContainerStream:                 $ pm2 start app.js
2026-07-17T14:13:20.8873952+00:00 ContainerStream: 
2026-07-17T14:13:20.8873976+00:00 ContainerStream:                 Load Balance 4 instances of api.js:
2026-07-17T14:13:20.8874000+00:00 ContainerStream:                 $ pm2 start api.js -i 4
2026-07-17T14:13:20.8874021+00:00 ContainerStream: 
2026-07-17T14:13:20.8874057+00:00 ContainerStream:                 Monitor in production:
2026-07-17T14:13:20.8874083+00:00 ContainerStream:                 $ pm2 monitor
2026-07-17T14:13:20.8874105+00:00 ContainerStream: 
2026-07-17T14:13:20.8874129+00:00 ContainerStream:                 Make pm2 auto-boot at server restart:
2026-07-17T14:13:20.8874152+00:00 ContainerStream:                 $ pm2 startup
2026-07-17T14:13:20.8874172+00:00 ContainerStream: 
2026-07-17T14:13:20.8874195+00:00 ContainerStream:                 To go further checkout:
2026-07-17T14:13:20.8877028+00:00 ContainerStream:                 http://pm2.io/
2026-07-17T14:13:20.8877096+00:00 ContainerStream: 
2026-07-17T14:13:20.8877114+00:00 ContainerStream: 
2026-07-17T14:13:20.8877132+00:00 ContainerStream:                         -------------
2026-07-17T14:13:20.8877159+00:00 ContainerStream: 
2026-07-17T14:13:20.9293956+00:00 ContainerStream: pm2 launched in no-daemon mode (you can add DEBUG="*" env variable to get more messages)
2026-07-17T14:13:21.4074587+00:00 ContainerStream: 2026-07-17T14:13:21: PM2 log: Launching in no daemon mode
2026-07-17T14:13:21.6762465+00:00 ContainerStream: 2026-07-17T14:13:21: PM2 log: [PM2] Starting /usr/local/lib/node_modules/pm2/lib/API/Serve.js in fork_mode (1 instance)
2026-07-17T14:13:21.6972410+00:00 ContainerStream: 2026-07-17T14:13:21: PM2 log: [PM2] This PM2 is not UP TO DATE
2026-07-17T14:13:21.7155433+00:00 ContainerStream: 2026-07-17T14:13:21: PM2 log: [PM2] Upgrade to version 7.0.3
2026-07-17T14:13:21.7363325+00:00 ContainerStream: 2026-07-17T14:13:21: PM2 log: App [static-page-server-8080:0] starting in -fork mode-
2026-07-17T14:13:21.8179174+00:00 ContainerStream: 2026-07-17T14:13:21: PM2 log: App [static-page-server-8080:0] online
2026-07-17T14:13:21.8368224+00:00 ContainerStream: 2026-07-17T14:13:21: PM2 log: [PM2] Done.
2026-07-17T14:13:21.8475029+00:00 ContainerStream: 2026-07-17T14:13:21: PM2 log: [PM2] Serving /home/site/wwwroot on port 8080
2026-07-17T14:13:22.0259349+00:00 ContainerStream: 2026-07-17T14:13:22: PM2 log: ┌────┬────────────────────────────┬─────────────┬─────────┬─────────┬──────────┬────────┬──────┬───────────┬──────────┬──────────┬──────────┬──────────┐
2026-07-17T14:13:22.0260085+00:00 ContainerStream: │ id │ name                       │ namespace   │ version │ mode    │ pid      │ uptime │ ↺    │ status    │ cpu      │ mem      │ user     │ watching │
2026-07-17T14:13:22.0260136+00:00 ContainerStream: ├────┼────────────────────────────┼─────────────┼─────────┼─────────┼──────────┼────────┼──────┼───────────┼──────────┼──────────┼──────────┼──────────┤
2026-07-17T14:13:22.0260168+00:00 ContainerStream: │ 0  │ static-page-server-8080    │ default     │ 6.0.5   │ fork    │ 1866     │ 0s     │ 0    │ online    │ 0%       │ 27.0mb   │ root     │ disabled │
2026-07-17T14:13:22.0260208+00:00 ContainerStream: └────┴────────────────────────────┴─────────────┴─────────┴─────────┴──────────┴────────┴──────┴───────────┴──────────┴──────────┴──────────┴──────────┘
2026-07-17T14:13:22.0662954+00:00 ContainerStream: 2026-07-17T14:13:22: PM2 log: [--no-daemon] Continue to stream logs
2026-07-17T14:13:22.0753791+00:00 ContainerStream: 2026-07-17T14:13:22: PM2 log: [--no-daemon] Exit on target PM2 exit pid=1852
2026-07-17T14:13:23.1242025+00:00 ContainerStream: 14:13:23 0|static-page-server-8080  | Exposing /home/site/wwwroot directory on 0.0.0.0:8080
2026-07-17T14:13:23.3473340+00:00 ContainerStatus: Site startup probe succeeded after 26.0400831 seconds.
2026-07-17T14:13:23.5086574+00:00 ContainerStatus: State: Starting, Action: WarmUpProbeSucceeded, LastError: VNETFailure, LastErrorTimestamp: 07/17/2026 14:11:46, LastErrorDetails: There was an issue setting up VNet., Details: Site startup probe succeeded after 26.0400831 seconds., DetailsLevel: INFO
========== New Cold Start Attempt (2026-07-17T14:13:23.7643397+00:00) ==========
2026-07-17T14:13:23.7643397+00:00 ContainerStatus: Site is running with deployment version: 71363369-7982-437b-aeeb-7d65ed6f9e58
2026-07-17T14:13:23.7646056+00:00 ContainerStatus: Site started.
2026-07-17T14:13:23.7723605+00:00 ContainerStatus: State: Started, Action: None, LastError: VNETFailure, LastErrorTimestamp: 07/17/2026 14:11:46, LastErrorDetails: There was an issue setting up VNet., Details: Site started at 07/17/2026 14:13:23 (UTC), DetailsLevel: INFO
2026-07-17T14:13:23.7843987+00:00 ContainerStatus: Site is running with patch version NODE-22.22.2
2026-07-17T14:26:26.1400327+00:00 ContainerStatus: State: Starting, Action: EstablishingSiteNetworks, LastError: , LastErrorTimestamp: 01/01/0001 00:00:00, LastErrorDetails: , Details: , DetailsLevel: INFO
2026-07-17T14:26:28.3061094+00:00 ContainerStatus: State: Starting, Action: StartingSiteContainers, LastError: , LastErrorTimestamp: 01/01/0001 00:00:00, LastErrorDetails: , Details: , DetailsLevel: INFO
2026-07-17T14:26:28.3061979+00:00 ContainerStatus: Container start method called.
2026-07-17T14:26:28.3062226+00:00 ContainerStatus: State: Starting, Action: PullingImage, LastError: , LastErrorTimestamp: 01/01/0001 00:00:00, LastErrorDetails: , Details: Pulling image 10.1.0.6:13209/appsvc/node:22-lts_20260504.4.tuxprod for babitk-app., DetailsLevel: INFO
2026-07-17T14:26:28.3062730+00:00 ContainerStatus: Establishing network.
2026-07-17T14:26:28.3063241+00:00 ContainerStatus: Pulling image: appsvc/node:22-lts_20260504.4.tuxprod.
2026-07-17T14:26:28.6186838+00:00 ContainerStatus: Container is starting.
2026-07-17T14:26:28.6191793+00:00 ContainerStatus: State: Starting, Action: MountingVolumes, LastError: , LastErrorTimestamp: 01/01/0001 00:00:00, LastErrorDetails: , Details: Mounting volumes for babitk-app., DetailsLevel: INFO
2026-07-17T14:26:28.6194896+00:00 ContainerStatus: Establishing user namespace if not established already.
2026-07-17T14:26:28.6199618+00:00 ContainerStatus: Establishing network if not established already.
2026-07-17T14:26:28.6205605+00:00 ContainerStatus: Mounting volumes.
2026-07-17T14:26:28.6209759+00:00 ContainerStatus: Nested mountpoint 
2026-07-17T14:26:28.6307179+00:00 ContainerStatus: Nested mountpoint volatile/logs
2026-07-17T14:26:28.6487756+00:00 ContainerStatus: Nested mountpoint 
2026-07-17T14:26:28.6703630+00:00 ContainerStatus: Nested mountpoint 
2026-07-17T14:26:28.6709355+00:00 ContainerStatus: Nested mountpoint 
2026-07-17T14:26:28.6803027+00:00 ContainerStatus: Nested mountpoint 
2026-07-17T14:26:29.0485073+00:00 ContainerStatus: State: Starting, Action: CreatingContainer, LastError: , LastErrorTimestamp: 01/01/0001 00:00:00, LastErrorDetails: , Details: Finished pulling container image and mounting volumes for babitk-app. Allocatinng the rest of the container resources to finish container creation., DetailsLevel: INFO
2026-07-17T14:26:29.0491087+00:00 ContainerStatus: Creating container.
2026-07-17T14:26:29.0506953+00:00 ContainerStatus: Creating pipes for streaming container io.
2026-07-17T14:26:29.0582884+00:00 ContainerStatus: Creating stdout named pipe at /podr/container/pipe/7d744e4c767d_babitk-app/stdout_b6c441c049ab4df5902932689b2ad867.
2026-07-17T14:26:29.0586451+00:00 ContainerStatus: Successfully created stdout named pipe at: /podr/container/pipe/7d744e4c767d_babitk-app/stdout_b6c441c049ab4df5902932689b2ad867.
2026-07-17T14:26:29.0589117+00:00 ContainerStatus: Opening named pipe /podr/container/pipe/7d744e4c767d_babitk-app/stdout_b6c441c049ab4df5902932689b2ad867 for reading in non-blocking mode.
2026-07-17T14:26:29.0590292+00:00 ContainerStatus: Successfully opened named pipe: /podr/container/pipe/7d744e4c767d_babitk-app/stdout_b6c441c049ab4df5902932689b2ad867.
2026-07-17T14:26:29.0591153+00:00 ContainerStatus: Successfully removed non-blocking flag from /podr/container/pipe/7d744e4c767d_babitk-app/stdout_b6c441c049ab4df5902932689b2ad867.
2026-07-17T14:26:29.0593024+00:00 ContainerStatus: Creating stderr named pipe at /podr/container/pipe/7d744e4c767d_babitk-app/stderr_7842cd6246fa476c89adbb7617e96489.
2026-07-17T14:26:29.0595214+00:00 ContainerStatus: Successfully created stderr named pipe at: /podr/container/pipe/7d744e4c767d_babitk-app/stderr_7842cd6246fa476c89adbb7617e96489.
2026-07-17T14:26:29.0596114+00:00 ContainerStatus: Opening named pipe /podr/container/pipe/7d744e4c767d_babitk-app/stderr_7842cd6246fa476c89adbb7617e96489 for reading in non-blocking mode.
2026-07-17T14:26:29.0598015+00:00 ContainerStatus: Successfully opened named pipe: /podr/container/pipe/7d744e4c767d_babitk-app/stderr_7842cd6246fa476c89adbb7617e96489.
2026-07-17T14:26:29.0598848+00:00 ContainerStatus: Successfully removed non-blocking flag from /podr/container/pipe/7d744e4c767d_babitk-app/stderr_7842cd6246fa476c89adbb7617e96489.
2026-07-17T14:26:29.0600245+00:00 ContainerStatus: Creating container with image: appsvc/node:22-lts_20260504.4.tuxprod from registry: 10.1.0.6:13209 and fully qualified image name: 10.1.0.6:13209/appsvc/node:22-lts_20260504.4.tuxprod
2026-07-17T14:26:30.1957602+00:00 ContainerStatus: Starting container: 7d744e4c767d_babitk-app.
2026-07-17T14:26:30.3375064+00:00 ContainerStatus: Starting watchers and probes.
2026-07-17T14:26:30.3463431+00:00 ContainerStatus: Starting metrics collection.
2026-07-17T14:26:30.3475561+00:00 ContainerStatus: Container is running.
2026-07-17T14:26:30.3745368+00:00 ContainerStatus: State: Starting, Action: CreatingContainer, LastError: , LastErrorTimestamp: 01/01/0001 00:00:00, LastErrorDetails: , Details: Container babitk-app successfully created and is running., DetailsLevel: INFO
2026-07-17T14:26:30.4448574+00:00 ContainerStatus: Container start method finished after 2138 ms.
2026-07-17T14:26:30.4464827+00:00 ContainerStatus: State: Starting, Action: InitiatingSiteWarmUpProbe, LastError: , LastErrorTimestamp: 01/01/0001 00:00:00, LastErrorDetails: , Details: Container babitk-app successfully created and is running., DetailsLevel: INFO
2026-07-17T14:26:30.4467181+00:00 ContainerStatus: State: Starting, Action: WaitingForSiteWarmUpProbeSuccess, LastError: , LastErrorTimestamp: 01/01/0001 00:00:00, LastErrorDetails: , Details: Pinging warmup path to ensure container is ready to receive requests., DetailsLevel: INFO
2026-07-17T14:26:31.0353167+00:00 ContainerStream:    _____                               
2026-07-17T14:26:31.2550017+00:00 ContainerStream:   /  _  \ __________ _________   ____  
2026-07-17T14:26:31.2550297+00:00 ContainerStream:  /  /_\  \\___   /  |  \_  __ \_/ __ \ 
2026-07-17T14:26:31.2550318+00:00 ContainerStream: /    |    \/    /|  |  /|  | \/\  ___/ 
2026-07-17T14:26:31.2550336+00:00 ContainerStream: \____|__  /_____ \____/ |__|    \___  >
2026-07-17T14:26:31.2550353+00:00 ContainerStream:         \/      \/                  \/ 
2026-07-17T14:26:31.2550388+00:00 ContainerStream: A P P   S E R V I C E   O N   L I N U X
2026-07-17T14:26:31.2550405+00:00 ContainerStream: 
2026-07-17T14:26:31.2550428+00:00 ContainerStream: Documentation    : http://aka.ms/webapp-linux
2026-07-17T14:26:31.2550461+00:00 ContainerStream: NodeJS quickstart: https://aka.ms/node-qs
2026-07-17T14:26:31.2550485+00:00 ContainerStream: NodeJS Version   : v22.22.2
2026-07-17T14:26:31.2550502+00:00 ContainerStream: Instance Name    : lw1sdlwk0000OJ
2026-07-17T14:26:31.2550528+00:00 ContainerStream: Instance Id      : e853b0d521c13ae8cb31bbb09a3a1872c5b2865061d0d453c8b371a72b35cb7a
2026-07-17T14:26:31.2550545+00:00 ContainerStream: 
2026-07-17T14:26:31.2550562+00:00 ContainerStream: Note: Any data outside '/home' is not persisted
2026-07-17T14:26:34.0568348+00:00 ContainerStream: Starting OpenBSD Secure Shell server: sshd.
2026-07-17T14:26:34.0776461+00:00 ContainerStream: WEBSITES_INCLUDE_CLOUD_CERTS is not set to true.
2026-07-17T14:26:34.1255607+00:00 ContainerStream: Updating certificates in /etc/ssl/certs...
2026-07-17T14:26:49.9234441+00:00 ContainerStream: rehash: warning: skipping duplicate certificate in azl_SSL.com_TLS_ECC_Root_CA_2022.pem
2026-07-17T14:26:49.9243665+00:00 ContainerStream: rehash: warning: skipping duplicate certificate in azl_SSL.com_TLS_RSA_Root_CA_2022.pem
2026-07-17T14:26:50.0643567+00:00 ContainerStream: rehash: warning: skipping ca-certificates.crt,it does not contain exactly one certificate or CRL
2026-07-17T14:26:50.0954603+00:00 ContainerStream: 4 added, 0 removed; done.
2026-07-17T14:26:50.1029436+00:00 ContainerStream: Running hooks in /etc/ca-certificates/update.d...
2026-07-17T14:26:50.1127222+00:00 ContainerStream: done.
2026-07-17T14:26:50.1249367+00:00 ContainerStream: CA certificates copied and updated successfully.
2026-07-17T14:26:50.3149326+00:00 ContainerStream: Starting periodic command scheduler: cron.
2026-07-17T14:26:50.4452871+00:00 ContainerStream: Could not find build manifest file at '/home/site/wwwroot/oryx-manifest.toml'
2026-07-17T14:26:50.4455465+00:00 ContainerStream: Could not find operation ID in manifest. Generating an operation id...
2026-07-17T14:26:50.4456267+00:00 ContainerStream: Build Operation ID: b301a7f1-9614-4b81-8550-89a43c1fd9ad
2026-07-17T14:26:50.7921720+00:00 ContainerStream: Environment Variables for Application Insight's IPA Codeless Configuration exists..
2026-07-17T14:26:50.8361119+00:00 ContainerStream: Writing output script to '/opt/startup/startup.sh'
2026-07-17T14:26:50.8897720+00:00 ContainerStream: Running #!/bin/sh
2026-07-17T14:26:50.8898215+00:00 ContainerStream: 
2026-07-17T14:26:50.8898247+00:00 ContainerStream: # Enter the source directory to make sure the script runs where the user expects
2026-07-17T14:26:50.8898278+00:00 ContainerStream: cd "/home/site/wwwroot"
2026-07-17T14:26:50.8898344+00:00 ContainerStream: 
2026-07-17T14:26:50.8898364+00:00 ContainerStream: export NODE_PATH=/usr/local/lib/node_modules:$NODE_PATH
2026-07-17T14:26:50.8898383+00:00 ContainerStream: if [ -z "$PORT" ]; then
2026-07-17T14:26:50.8898400+00:00 ContainerStream: 		export PORT=8080
2026-07-17T14:26:50.8898417+00:00 ContainerStream: fi
2026-07-17T14:26:50.8898433+00:00 ContainerStream: 
2026-07-17T14:26:50.8937591+00:00 ContainerStream: PATH="$PATH:/home/site/wwwroot" pm2 serve /home/site/wwwroot --no-daemon --spa
2026-07-17T14:26:53.2104114+00:00 ContainerStream: 
2026-07-17T14:26:53.2104705+00:00 ContainerStream:                         -------------
2026-07-17T14:26:53.2104745+00:00 ContainerStream: 
2026-07-17T14:26:53.2104765+00:00 ContainerStream: __/\\\\\\\\\\\\\____/\\\\____________/\\\\____/\\\\\\\\\_____
2026-07-17T14:26:53.2104791+00:00 ContainerStream:  _\/\\\/////////\\\_\/\\\\\\________/\\\\\\__/\\\///////\\\___
2026-07-17T14:26:53.2104811+00:00 ContainerStream:   _\/\\\_______\/\\\_\/\\\//\\\____/\\\//\\\_\///______\//\\\__
2026-07-17T14:26:53.2104831+00:00 ContainerStream:    _\/\\\\\\\\\\\\\/__\/\\\\///\\\/\\\/_\/\\\___________/\\\/___
2026-07-17T14:26:53.2104918+00:00 ContainerStream:     _\/\\\/////////____\/\\\__\///\\\/___\/\\\________/\\\//_____
2026-07-17T14:26:53.2104938+00:00 ContainerStream:      _\/\\\_____________\/\\\____\///_____\/\\\_____/\\\//________
2026-07-17T14:26:53.2104957+00:00 ContainerStream:       _\/\\\_____________\/\\\_____________\/\\\___/\\\/___________
2026-07-17T14:26:53.2104976+00:00 ContainerStream:        _\/\\\_____________\/\\\_____________\/\\\__/\\\\\\\\\\\\\\\_
2026-07-17T14:26:53.2104995+00:00 ContainerStream:         _\///______________\///______________\///__\///////////////__
2026-07-17T14:26:53.2105010+00:00 ContainerStream: 
2026-07-17T14:26:53.2105040+00:00 ContainerStream: 
2026-07-17T14:26:53.2105057+00:00 ContainerStream:                           Runtime Edition
2026-07-17T14:26:53.2105072+00:00 ContainerStream: 
2026-07-17T14:26:53.2105090+00:00 ContainerStream:         PM2 is a Production Process Manager for Node.js applications
2026-07-17T14:26:53.2105127+00:00 ContainerStream:                      with a built-in Load Balancer.
2026-07-17T14:26:53.2105144+00:00 ContainerStream: 
2026-07-17T14:26:53.2105162+00:00 ContainerStream:                 Start and Daemonize any application:
2026-07-17T14:26:53.2105194+00:00 ContainerStream:                 $ pm2 start app.js
2026-07-17T14:26:53.2105209+00:00 ContainerStream: 
2026-07-17T14:26:53.2105226+00:00 ContainerStream:                 Load Balance 4 instances of api.js:
2026-07-17T14:26:53.2105243+00:00 ContainerStream:                 $ pm2 start api.js -i 4
2026-07-17T14:26:53.2105259+00:00 ContainerStream: 
2026-07-17T14:26:53.2105274+00:00 ContainerStream:                 Monitor in production:
2026-07-17T14:26:53.2105291+00:00 ContainerStream:                 $ pm2 monitor
2026-07-17T14:26:53.2105320+00:00 ContainerStream: 
2026-07-17T14:26:53.2105338+00:00 ContainerStream:                 Make pm2 auto-boot at server restart:
2026-07-17T14:26:53.2105354+00:00 ContainerStream:                 $ pm2 startup
2026-07-17T14:26:53.2105368+00:00 ContainerStream: 
2026-07-17T14:26:53.2105385+00:00 ContainerStream:                 To go further checkout:
2026-07-17T14:26:53.2111129+00:00 ContainerStream:                 http://pm2.io/
2026-07-17T14:26:53.2111198+00:00 ContainerStream: 
2026-07-17T14:26:53.2111228+00:00 ContainerStream: 
2026-07-17T14:26:53.2111247+00:00 ContainerStream:                         -------------
2026-07-17T14:26:53.2111263+00:00 ContainerStream: 
2026-07-17T14:26:53.2213231+00:00 ContainerStream: pm2 launched in no-daemon mode (you can add DEBUG="*" env variable to get more messages)
2026-07-17T14:26:53.8801531+00:00 ContainerStream: 2026-07-17T14:26:53: PM2 log: Launching in no daemon mode
2026-07-17T14:26:54.0116713+00:00 ContainerStream: 2026-07-17T14:26:54: PM2 log: [PM2] This PM2 is not UP TO DATE
2026-07-17T14:26:54.0295580+00:00 ContainerStream: 2026-07-17T14:26:54: PM2 log: [PM2] Upgrade to version 7.0.3
2026-07-17T14:26:54.0711700+00:00 ContainerStream: 2026-07-17T14:26:54: PM2 log: [PM2] Starting /usr/local/lib/node_modules/pm2/lib/API/Serve.js in fork_mode (1 instance)
2026-07-17T14:26:54.0900781+00:00 ContainerStream: 2026-07-17T14:26:54: PM2 log: App [static-page-server-8080:0] starting in -fork mode-
2026-07-17T14:26:54.1319118+00:00 ContainerStream: 2026-07-17T14:26:54: PM2 log: App [static-page-server-8080:0] online
2026-07-17T14:26:54.1411308+00:00 ContainerStream: 2026-07-17T14:26:54: PM2 log: [PM2] Done.
2026-07-17T14:26:54.1498114+00:00 ContainerStream: 2026-07-17T14:26:54: PM2 log: [PM2] Serving /home/site/wwwroot on port 8080
2026-07-17T14:26:54.2407164+00:00 ContainerStream: 2026-07-17T14:26:54: PM2 log: ┌────┬────────────────────────────┬─────────────┬─────────┬─────────┬──────────┬────────┬──────┬───────────┬──────────┬──────────┬──────────┬──────────┐
2026-07-17T14:26:54.2407783+00:00 ContainerStream: │ id │ name                       │ namespace   │ version │ mode    │ pid      │ uptime │ ↺    │ status    │ cpu      │ mem      │ user     │ watching │
2026-07-17T14:26:54.2407832+00:00 ContainerStream: ├────┼────────────────────────────┼─────────────┼─────────┼─────────┼──────────┼────────┼──────┼───────────┼──────────┼──────────┼──────────┼──────────┤
2026-07-17T14:26:54.2407934+00:00 ContainerStream: │ 0  │ static-page-server-8080    │ default     │ 6.0.5   │ fork    │ 1873     │ 0s     │ 0    │ online    │ 0%       │ 27.1mb   │ root     │ disabled │
2026-07-17T14:26:54.2407977+00:00 ContainerStream: └────┴────────────────────────────┴─────────────┴─────────┴─────────┴──────────┴────────┴──────┴───────────┴──────────┴──────────┴──────────┴──────────┘
2026-07-17T14:26:54.2493539+00:00 ContainerStream: 2026-07-17T14:26:54: PM2 log: [--no-daemon] Continue to stream logs
2026-07-17T14:26:54.2510022+00:00 ContainerStream: 2026-07-17T14:26:54: PM2 log: [--no-daemon] Exit on target PM2 exit pid=1854
2026-07-17T14:26:54.8805210+00:00 ContainerStream: 14:26:54 0|static-page-server-8080  | Exposing /home/site/wwwroot directory on 0.0.0.0:8080
2026-07-17T14:26:55.5883912+00:00 ContainerStatus: Site startup probe succeeded after 25.1199933 seconds.
2026-07-17T14:26:55.7580677+00:00 ContainerStatus: State: Starting, Action: WarmUpProbeSucceeded, LastError: , LastErrorTimestamp: 01/01/0001 00:00:00, LastErrorDetails: , Details: Site startup probe succeeded after 25.1199933 seconds., DetailsLevel: INFO
========== New Cold Start Attempt (2026-07-17T14:26:55.9766151+00:00) ==========
2026-07-17T14:26:55.9766151+00:00 ContainerStatus: Site is running with deployment version: 5feb0ef3-f308-4ab7-8bbe-65702da9ab80
2026-07-17T14:26:55.9770771+00:00 ContainerStatus: Site started.
2026-07-17T14:26:55.9777952+00:00 ContainerStatus: State: Started, Action: None, LastError: , LastErrorTimestamp: 01/01/0001 00:00:00, LastErrorDetails: , Details: Site started at 07/17/2026 14:26:55 (UTC), DetailsLevel: INFO
2026-07-17T14:26:55.9785123+00:00 ContainerStatus: Site is running with patch version NODE-22.22.2
2026-07-17T14:27:17.1394647+00:00 ContainerStatus: State: Stopping, Action: StoppingSiteContainers, LastError: VNETFailure, LastErrorTimestamp: 07/17/2026 14:11:46, LastErrorDetails: There was an issue setting up VNet., Details: Site started at 07/17/2026 14:13:23 (UTC), DetailsLevel: INFO
2026-07-17T14:27:17.1401851+00:00 ContainerStatus: Container is terminating. Grace period: 5 seconds.
2026-07-17T14:27:17.4485232+00:00 ContainerStatus: Stop and delete container. Retry count = 0
2026-07-17T14:27:17.4485967+00:00 ContainerStatus: Stopping container: d45ab52b05d0_babitk-app.
2026-07-17T14:27:23.5908460+00:00 ContainerStatus: Deleting container: d45ab52b05d0_babitk-app. Retry count = 0
2026-07-17T14:27:23.9105128+00:00 ContainerStatus: Container spec TerminationMessagePolicy  path 
2026-07-17T14:27:23.9204867+00:00 ContainerStatus: Container is terminated. Total time elapsed: 6779 ms.
2026-07-17T14:27:23.9214380+00:00 ContainerStatus: Site: babitk-app stopped.
2026-07-17T14:27:25.1544197+00:00 ContainerStatus: State: Starting, Action: EstablishingSiteNetworks, LastError: , LastErrorTimestamp: 01/01/0001 00:00:00, LastErrorDetails: , Details: , DetailsLevel: INFO
2026-07-17T14:27:26.5068910+00:00 ContainerStatus: State: Starting, Action: StartingSiteContainers, LastError: , LastErrorTimestamp: 01/01/0001 00:00:00, LastErrorDetails: , Details: , DetailsLevel: INFO
2026-07-17T14:27:26.5159163+00:00 ContainerStatus: Container start method called.
2026-07-17T14:27:26.5162126+00:00 ContainerStatus: State: Starting, Action: PullingImage, LastError: , LastErrorTimestamp: 01/01/0001 00:00:00, LastErrorDetails: , Details: Pulling image 10.1.0.6:13209/appsvc/node:22-lts_20260504.4.tuxprod for babitk-app., DetailsLevel: INFO
2026-07-17T14:27:26.5164533+00:00 ContainerStatus: Establishing network.
2026-07-17T14:27:26.5168658+00:00 ContainerStatus: Pulling image: appsvc/node:22-lts_20260504.4.tuxprod.
2026-07-17T14:27:26.9069087+00:00 ContainerStatus: Container is starting.
2026-07-17T14:27:26.9069920+00:00 ContainerStatus: State: Starting, Action: MountingVolumes, LastError: , LastErrorTimestamp: 01/01/0001 00:00:00, LastErrorDetails: , Details: Mounting volumes for babitk-app., DetailsLevel: INFO
2026-07-17T14:27:26.9150982+00:00 ContainerStatus: Establishing user namespace if not established already.
2026-07-17T14:27:26.9154303+00:00 ContainerStatus: Establishing network if not established already.
2026-07-17T14:27:26.9156837+00:00 ContainerStatus: Mounting volumes.
2026-07-17T14:27:26.9160021+00:00 ContainerStatus: Nested mountpoint 
2026-07-17T14:27:26.9466602+00:00 ContainerStatus: Nested mountpoint volatile/logs
2026-07-17T14:27:27.0067607+00:00 ContainerStatus: Nested mountpoint 
2026-07-17T14:27:27.0444027+00:00 ContainerStatus: Nested mountpoint 
2026-07-17T14:27:27.0460060+00:00 ContainerStatus: Nested mountpoint 
2026-07-17T14:27:27.1642338+00:00 ContainerStatus: Nested mountpoint 
2026-07-17T14:27:27.6261168+00:00 ContainerStatus: State: Starting, Action: CreatingContainer, LastError: , LastErrorTimestamp: 01/01/0001 00:00:00, LastErrorDetails: , Details: Finished pulling container image and mounting volumes for babitk-app. Allocatinng the rest of the container resources to finish container creation., DetailsLevel: INFO
2026-07-17T14:27:27.6262202+00:00 ContainerStatus: Creating container.
2026-07-17T14:27:27.6263004+00:00 ContainerStatus: Creating pipes for streaming container io.
2026-07-17T14:27:27.6263757+00:00 ContainerStatus: Creating stdout named pipe at /podr/container/pipe/ce36c656a130_babitk-app/stdout_471598f22960438e9052fbd7fde9f7ca.
2026-07-17T14:27:27.6336030+00:00 ContainerStatus: Successfully created stdout named pipe at: /podr/container/pipe/ce36c656a130_babitk-app/stdout_471598f22960438e9052fbd7fde9f7ca.
2026-07-17T14:27:27.6337047+00:00 ContainerStatus: Opening named pipe /podr/container/pipe/ce36c656a130_babitk-app/stdout_471598f22960438e9052fbd7fde9f7ca for reading in non-blocking mode.
2026-07-17T14:27:27.6338173+00:00 ContainerStatus: Successfully opened named pipe: /podr/container/pipe/ce36c656a130_babitk-app/stdout_471598f22960438e9052fbd7fde9f7ca.
2026-07-17T14:27:27.6338900+00:00 ContainerStatus: Successfully removed non-blocking flag from /podr/container/pipe/ce36c656a130_babitk-app/stdout_471598f22960438e9052fbd7fde9f7ca.
2026-07-17T14:27:27.6351267+00:00 ContainerStatus: Creating stderr named pipe at /podr/container/pipe/ce36c656a130_babitk-app/stderr_5b623337ee4c4b1c8da6d2ba3717a957.
2026-07-17T14:27:27.6352567+00:00 ContainerStatus: Successfully created stderr named pipe at: /podr/container/pipe/ce36c656a130_babitk-app/stderr_5b623337ee4c4b1c8da6d2ba3717a957.
2026-07-17T14:27:27.6353262+00:00 ContainerStatus: Opening named pipe /podr/container/pipe/ce36c656a130_babitk-app/stderr_5b623337ee4c4b1c8da6d2ba3717a957 for reading in non-blocking mode.
2026-07-17T14:27:27.6354034+00:00 ContainerStatus: Successfully opened named pipe: /podr/container/pipe/ce36c656a130_babitk-app/stderr_5b623337ee4c4b1c8da6d2ba3717a957.
2026-07-17T14:27:27.6354737+00:00 ContainerStatus: Successfully removed non-blocking flag from /podr/container/pipe/ce36c656a130_babitk-app/stderr_5b623337ee4c4b1c8da6d2ba3717a957.
2026-07-17T14:27:27.6440234+00:00 ContainerStatus: Creating container with image: appsvc/node:22-lts_20260504.4.tuxprod from registry: 10.1.0.6:13209 and fully qualified image name: 10.1.0.6:13209/appsvc/node:22-lts_20260504.4.tuxprod
2026-07-17T14:27:28.4228929+00:00 ContainerStatus: Starting container: ce36c656a130_babitk-app.
2026-07-17T14:27:28.4918826+00:00 ContainerStatus: Starting watchers and probes.
2026-07-17T14:27:28.4920991+00:00 ContainerStatus: Starting metrics collection.
2026-07-17T14:27:28.4922055+00:00 ContainerStatus: Container is running.
2026-07-17T14:27:28.4928667+00:00 ContainerStatus: State: Starting, Action: CreatingContainer, LastError: , LastErrorTimestamp: 01/01/0001 00:00:00, LastErrorDetails: , Details: Container babitk-app successfully created and is running., DetailsLevel: INFO
2026-07-17T14:27:28.6930758+00:00 ContainerStatus: Container start method finished after 2177 ms.
2026-07-17T14:27:28.6932085+00:00 ContainerStatus: State: Starting, Action: InitiatingSiteWarmUpProbe, LastError: , LastErrorTimestamp: 01/01/0001 00:00:00, LastErrorDetails: , Details: Container babitk-app successfully created and is running., DetailsLevel: INFO
2026-07-17T14:27:28.6932238+00:00 ContainerStatus: State: Starting, Action: WaitingForSiteWarmUpProbeSuccess, LastError: , LastErrorTimestamp: 01/01/0001 00:00:00, LastErrorDetails: , Details: Pinging warmup path to ensure container is ready to receive requests., DetailsLevel: INFO
2026-07-17T14:27:28.9825956+00:00 ContainerStream:    _____                               
2026-07-17T14:27:28.9920869+00:00 ContainerStream:   /  _  \ __________ _________   ____  
2026-07-17T14:27:28.9921093+00:00 ContainerStream:  /  /_\  \\___   /  |  \_  __ \_/ __ \ 
2026-07-17T14:27:28.9921153+00:00 ContainerStream: /    |    \/    /|  |  /|  | \/\  ___/ 
2026-07-17T14:27:28.9921175+00:00 ContainerStream: \____|__  /_____ \____/ |__|    \___  >
2026-07-17T14:27:28.9921193+00:00 ContainerStream:         \/      \/                  \/ 
2026-07-17T14:27:28.9921223+00:00 ContainerStream: A P P   S E R V I C E   O N   L I N U X
2026-07-17T14:27:28.9921240+00:00 ContainerStream: 
2026-07-17T14:27:28.9921264+00:00 ContainerStream: Documentation    : http://aka.ms/webapp-linux
2026-07-17T14:27:28.9921282+00:00 ContainerStream: NodeJS quickstart: https://aka.ms/node-qs
2026-07-17T14:27:28.9921314+00:00 ContainerStream: NodeJS Version   : v22.22.2
2026-07-17T14:27:28.9921332+00:00 ContainerStream: Instance Name    : lw1sdlwk0000OJ
2026-07-17T14:27:28.9921358+00:00 ContainerStream: Instance Id      : e853b0d521c13ae8cb31bbb09a3a1872c5b2865061d0d453c8b371a72b35cb7a
2026-07-17T14:27:28.9921374+00:00 ContainerStream: 
2026-07-17T14:27:28.9921393+00:00 ContainerStream: Note: Any data outside '/home' is not persisted
2026-07-17T14:27:33.9540635+00:00 ContainerStream: Starting OpenBSD Secure Shell server: sshd.
2026-07-17T14:27:33.9753857+00:00 ContainerStream: WEBSITES_INCLUDE_CLOUD_CERTS is not set to true.
2026-07-17T14:27:34.1244131+00:00 ContainerStream: Updating certificates in /etc/ssl/certs...
2026-07-17T14:27:56.3726715+00:00 ContainerStream: rehash: warning: skipping duplicate certificate in azl_SSL.com_TLS_ECC_Root_CA_2022.pem
2026-07-17T14:27:56.3825625+00:00 ContainerStream: rehash: warning: skipping duplicate certificate in azl_SSL.com_TLS_RSA_Root_CA_2022.pem
2026-07-17T14:27:56.6130022+00:00 ContainerStream: rehash: warning: skipping ca-certificates.crt,it does not contain exactly one certificate or CRL
2026-07-17T14:27:56.7037979+00:00 ContainerStream: 4 added, 0 removed; done.
2026-07-17T14:27:56.7115838+00:00 ContainerStream: Running hooks in /etc/ca-certificates/update.d...
2026-07-17T14:27:56.7223932+00:00 ContainerStream: done.
2026-07-17T14:27:56.7434617+00:00 ContainerStream: CA certificates copied and updated successfully.
2026-07-17T14:27:57.0928653+00:00 ContainerStream: Starting periodic command scheduler: cron.
2026-07-17T14:27:57.4426471+00:00 ContainerStream: Could not find build manifest file at '/home/site/wwwroot/oryx-manifest.toml'
2026-07-17T14:27:57.4498695+00:00 ContainerStream: Could not find operation ID in manifest. Generating an operation id...
2026-07-17T14:27:57.4499930+00:00 ContainerStream: Build Operation ID: 76b992b3-0923-4e4b-bba6-bf346c913630
2026-07-17T14:27:58.0212410+00:00 ContainerStream: Environment Variables for Application Insight's IPA Codeless Configuration exists..
2026-07-17T14:27:58.1289323+00:00 ContainerStream: Writing output script to '/opt/startup/startup.sh'
2026-07-17T14:27:58.1895496+00:00 ContainerStream: Running #!/bin/sh
2026-07-17T14:27:58.1895950+00:00 ContainerStream: 
2026-07-17T14:27:58.1896047+00:00 ContainerStream: # Enter the source directory to make sure the script runs where the user expects
2026-07-17T14:27:58.1896077+00:00 ContainerStream: cd "/home/site/wwwroot"
2026-07-17T14:27:58.1896093+00:00 ContainerStream: 
2026-07-17T14:27:58.1896111+00:00 ContainerStream: export NODE_PATH=/usr/local/lib/node_modules:$NODE_PATH
2026-07-17T14:27:58.1896128+00:00 ContainerStream: if [ -z "$PORT" ]; then
2026-07-17T14:27:58.1896144+00:00 ContainerStream: 		export PORT=8080
2026-07-17T14:27:58.1896159+00:00 ContainerStream: fi
2026-07-17T14:27:58.1896189+00:00 ContainerStream: 
2026-07-17T14:27:58.1898032+00:00 ContainerStream: PATH="$PATH:/home/site/wwwroot" pm2 serve /home/site/wwwroot --no-daemon --spa
2026-07-17T14:28:01.4365675+00:00 ContainerStream: 
2026-07-17T14:28:01.4366312+00:00 ContainerStream:                         -------------
2026-07-17T14:28:01.4366352+00:00 ContainerStream: 
2026-07-17T14:28:01.4366371+00:00 ContainerStream: __/\\\\\\\\\\\\\____/\\\\____________/\\\\____/\\\\\\\\\_____
2026-07-17T14:28:01.4366391+00:00 ContainerStream:  _\/\\\/////////\\\_\/\\\\\\________/\\\\\\__/\\\///////\\\___
2026-07-17T14:28:01.4366491+00:00 ContainerStream:   _\/\\\_______\/\\\_\/\\\//\\\____/\\\//\\\_\///______\//\\\__
2026-07-17T14:28:01.4366511+00:00 ContainerStream:    _\/\\\\\\\\\\\\\/__\/\\\\///\\\/\\\/_\/\\\___________/\\\/___
2026-07-17T14:28:01.4366531+00:00 ContainerStream:     _\/\\\/////////____\/\\\__\///\\\/___\/\\\________/\\\//_____
2026-07-17T14:28:01.4366550+00:00 ContainerStream:      _\/\\\_____________\/\\\____\///_____\/\\\_____/\\\//________
2026-07-17T14:28:01.4366568+00:00 ContainerStream:       _\/\\\_____________\/\\\_____________\/\\\___/\\\/___________
2026-07-17T14:28:01.4366588+00:00 ContainerStream:        _\/\\\_____________\/\\\_____________\/\\\__/\\\\\\\\\\\\\\\_
2026-07-17T14:28:01.4366616+00:00 ContainerStream:         _\///______________\///______________\///__\///////////////__
2026-07-17T14:28:01.4366633+00:00 ContainerStream: 
2026-07-17T14:28:01.4366648+00:00 ContainerStream: 
2026-07-17T14:28:01.4366664+00:00 ContainerStream:                           Runtime Edition
2026-07-17T14:28:01.4366680+00:00 ContainerStream: 
2026-07-17T14:28:01.4366697+00:00 ContainerStream:         PM2 is a Production Process Manager for Node.js applications
2026-07-17T14:28:01.4366741+00:00 ContainerStream:                      with a built-in Load Balancer.
2026-07-17T14:28:01.4366758+00:00 ContainerStream: 
2026-07-17T14:28:01.4366775+00:00 ContainerStream:                 Start and Daemonize any application:
2026-07-17T14:28:01.4366793+00:00 ContainerStream:                 $ pm2 start app.js
2026-07-17T14:28:01.4366808+00:00 ContainerStream: 
2026-07-17T14:28:01.4366825+00:00 ContainerStream:                 Load Balance 4 instances of api.js:
2026-07-17T14:28:01.4366842+00:00 ContainerStream:                 $ pm2 start api.js -i 4
2026-07-17T14:28:01.4366869+00:00 ContainerStream: 
2026-07-17T14:28:01.4366886+00:00 ContainerStream:                 Monitor in production:
2026-07-17T14:28:01.4366904+00:00 ContainerStream:                 $ pm2 monitor
2026-07-17T14:28:01.4366920+00:00 ContainerStream: 
2026-07-17T14:28:01.4366937+00:00 ContainerStream:                 Make pm2 auto-boot at server restart:
2026-07-17T14:28:01.4366955+00:00 ContainerStream:                 $ pm2 startup
2026-07-17T14:28:01.4366970+00:00 ContainerStream: 
2026-07-17T14:28:01.4366987+00:00 ContainerStream:                 To go further checkout:
2026-07-17T14:28:01.4367037+00:00 ContainerStream:                 http://pm2.io/
2026-07-17T14:28:01.4367082+00:00 ContainerStream: 
2026-07-17T14:28:01.4367096+00:00 ContainerStream: 
2026-07-17T14:28:01.4367112+00:00 ContainerStream:                         -------------
2026-07-17T14:28:01.4367127+00:00 ContainerStream: 
2026-07-17T14:28:01.4643312+00:00 ContainerStream: pm2 launched in no-daemon mode (you can add DEBUG="*" env variable to get more messages)
2026-07-17T14:28:02.1644438+00:00 ContainerStream: 2026-07-17T14:28:02: PM2 log: Launching in no daemon mode
2026-07-17T14:28:02.3143511+00:00 ContainerStream: 2026-07-17T14:28:02: PM2 log: [PM2] This PM2 is not UP TO DATE
2026-07-17T14:28:02.3249591+00:00 ContainerStream: 2026-07-17T14:28:02: PM2 log: [PM2] Upgrade to version 7.0.3
2026-07-17T14:28:02.4345329+00:00 ContainerStream: 2026-07-17T14:28:02: PM2 log: [PM2] Starting /usr/local/lib/node_modules/pm2/lib/API/Serve.js in fork_mode (1 instance)
2026-07-17T14:28:02.4548487+00:00 ContainerStream: 2026-07-17T14:28:02: PM2 log: App [static-page-server-8080:0] starting in -fork mode-
2026-07-17T14:28:02.5457000+00:00 ContainerStream: 2026-07-17T14:28:02: PM2 log: App [static-page-server-8080:0] online
2026-07-17T14:28:02.5643419+00:00 ContainerStream: 2026-07-17T14:28:02: PM2 log: [PM2] Done.
2026-07-17T14:28:02.6163058+00:00 ContainerStream: 2026-07-17T14:28:02: PM2 log: [PM2] Serving /home/site/wwwroot on port 8080
2026-07-17T14:28:02.9238309+00:00 ContainerStream: 2026-07-17T14:28:02: PM2 log: ┌────┬────────────────────────────┬─────────────┬─────────┬─────────┬──────────┬────────┬──────┬───────────┬──────────┬──────────┬──────────┬──────────┐
2026-07-17T14:28:02.9238945+00:00 ContainerStream: │ id │ name                       │ namespace   │ version │ mode    │ pid      │ uptime │ ↺    │ status    │ cpu      │ mem      │ user     │ watching │
2026-07-17T14:28:02.9239050+00:00 ContainerStream: ├────┼────────────────────────────┼─────────────┼─────────┼─────────┼──────────┼────────┼──────┼───────────┼──────────┼──────────┼──────────┼──────────┤
2026-07-17T14:28:02.9239081+00:00 ContainerStream: │ 0  │ static-page-server-8080    │ default     │ 6.0.5   │ fork    │ 1867     │ 0s     │ 0    │ online    │ 0%       │ 31.6mb   │ root     │ disabled │
2026-07-17T14:28:02.9239121+00:00 ContainerStream: └────┴────────────────────────────┴─────────────┴─────────┴─────────┴──────────┴────────┴──────┴───────────┴──────────┴──────────┴──────────┴──────────┘
2026-07-17T14:28:02.9249965+00:00 ContainerStream: 2026-07-17T14:28:02: PM2 log: [--no-daemon] Continue to stream logs
2026-07-17T14:28:02.9257622+00:00 ContainerStream: 2026-07-17T14:28:02: PM2 log: [--no-daemon] Exit on target PM2 exit pid=1853
2026-07-17T14:28:04.8600667+00:00 ContainerStream: 14:28:04 0|static-page-server-8080  | Exposing /home/site/wwwroot directory on 0.0.0.0:8080
2026-07-17T14:28:04.9324161+00:00 ContainerStatus: Site startup probe succeeded after 36.0996211 seconds.
2026-07-17T14:28:05.2511472+00:00 ContainerStatus: State: Starting, Action: WarmUpProbeSucceeded, LastError: , LastErrorTimestamp: 01/01/0001 00:00:00, LastErrorDetails: , Details: Site startup probe succeeded after 36.0996211 seconds., DetailsLevel: INFO
========== New Cold Start Attempt (2026-07-17T14:28:05.9700697+00:00) ==========
2026-07-17T14:28:05.9700697+00:00 ContainerStatus: Site is running with deployment version: 5feb0ef3-f308-4ab7-8bbe-65702da9ab80
2026-07-17T14:28:05.9703210+00:00 ContainerStatus: Site started.
2026-07-17T14:28:05.9703771+00:00 ContainerStatus: State: Started, Action: None, LastError: , LastErrorTimestamp: 01/01/0001 00:00:00, LastErrorDetails: , Details: Site started at 07/17/2026 14:28:05 (UTC), DetailsLevel: INFO
2026-07-17T14:28:05.9705072+00:00 ContainerStatus: Site is running with patch version NODE-22.22.2
2026-07-17T14:28:26.1376127+00:00 ContainerStatus: State: Stopping, Action: StoppingSiteContainers, LastError: VNETFailure, LastErrorTimestamp: 07/17/2026 14:11:46, LastErrorDetails: There was an issue setting up VNet., Details: Site started at 07/17/2026 14:26:55 (UTC), DetailsLevel: INFO
2026-07-17T14:28:26.1379408+00:00 ContainerStatus: Container is terminating. Grace period: 5 seconds.
2026-07-17T14:28:26.1429243+00:00 ContainerStatus: Stop and delete container. Retry count = 0
2026-07-17T14:28:26.1433407+00:00 ContainerStatus: Stopping container: 7d744e4c767d_babitk-app.
2026-07-17T14:28:31.9755652+00:00 ContainerStatus: Deleting container: 7d744e4c767d_babitk-app. Retry count = 0
2026-07-17T14:28:32.4364145+00:00 ContainerStatus: Container spec TerminationMessagePolicy  path 
2026-07-17T14:28:32.4365777+00:00 ContainerStatus: Container is terminated. Total time elapsed: 6298 ms.
2026-07-17T14:28:32.4366970+00:00 ContainerStatus: Site: babitk-app stopped.
2026-07-17T14:31:36.6497632+00:00 ContainerStatus: State: Starting, Action: EstablishingSiteNetworks, LastError: , LastErrorTimestamp: 01/01/0001 00:00:00, LastErrorDetails: , Details: , DetailsLevel: INFO
2026-07-17T14:31:38.2274741+00:00 ContainerStatus: State: Starting, Action: StartingSiteContainers, LastError: , LastErrorTimestamp: 01/01/0001 00:00:00, LastErrorDetails: , Details: , DetailsLevel: INFO
2026-07-17T14:31:38.2278823+00:00 ContainerStatus: Container start method called.
2026-07-17T14:31:38.2282715+00:00 ContainerStatus: State: Starting, Action: PullingImage, LastError: , LastErrorTimestamp: 01/01/0001 00:00:00, LastErrorDetails: , Details: Pulling image 10.1.0.6:13209/appsvc/node:22-lts_20260504.4.tuxprod for babitk-app., DetailsLevel: INFO
2026-07-17T14:31:38.2286662+00:00 ContainerStatus: Establishing network.
2026-07-17T14:31:38.2290405+00:00 ContainerStatus: Pulling image: appsvc/node:22-lts_20260504.4.tuxprod.
2026-07-17T14:31:38.5398334+00:00 ContainerStatus: Container is starting.
2026-07-17T14:31:38.5399937+00:00 ContainerStatus: State: Starting, Action: MountingVolumes, LastError: , LastErrorTimestamp: 01/01/0001 00:00:00, LastErrorDetails: , Details: Mounting volumes for babitk-app., DetailsLevel: INFO
2026-07-17T14:31:38.5400739+00:00 ContainerStatus: Establishing user namespace if not established already.
2026-07-17T14:31:38.5401509+00:00 ContainerStatus: Establishing network if not established already.
2026-07-17T14:31:38.5402364+00:00 ContainerStatus: Mounting volumes.
2026-07-17T14:31:38.5403455+00:00 ContainerStatus: Nested mountpoint 
2026-07-17T14:31:38.5504862+00:00 ContainerStatus: Nested mountpoint volatile/logs
2026-07-17T14:31:38.5697892+00:00 ContainerStatus: Nested mountpoint 
2026-07-17T14:31:38.5704345+00:00 ContainerStatus: Nested mountpoint 
2026-07-17T14:31:38.5782290+00:00 ContainerStatus: Nested mountpoint 
2026-07-17T14:31:38.5805860+00:00 ContainerStatus: Nested mountpoint 
2026-07-17T14:31:39.0061246+00:00 ContainerStatus: State: Starting, Action: CreatingContainer, LastError: , LastErrorTimestamp: 01/01/0001 00:00:00, LastErrorDetails: , Details: Finished pulling container image and mounting volumes for babitk-app. Allocatinng the rest of the container resources to finish container creation., DetailsLevel: INFO
2026-07-17T14:31:39.0078375+00:00 ContainerStatus: Creating container.
2026-07-17T14:31:39.0081814+00:00 ContainerStatus: Creating pipes for streaming container io.
2026-07-17T14:31:39.0271081+00:00 ContainerStatus: Creating stdout named pipe at /podr/container/pipe/dc81c32febd0_babitk-app/stdout_81ac30234849467ab8403781c2c18905.
2026-07-17T14:31:39.0282168+00:00 ContainerStatus: Successfully created stdout named pipe at: /podr/container/pipe/dc81c32febd0_babitk-app/stdout_81ac30234849467ab8403781c2c18905.
2026-07-17T14:31:39.0283263+00:00 ContainerStatus: Opening named pipe /podr/container/pipe/dc81c32febd0_babitk-app/stdout_81ac30234849467ab8403781c2c18905 for reading in non-blocking mode.
2026-07-17T14:31:39.0284203+00:00 ContainerStatus: Successfully opened named pipe: /podr/container/pipe/dc81c32febd0_babitk-app/stdout_81ac30234849467ab8403781c2c18905.
2026-07-17T14:31:39.0366216+00:00 ContainerStatus: Successfully removed non-blocking flag from /podr/container/pipe/dc81c32febd0_babitk-app/stdout_81ac30234849467ab8403781c2c18905.
2026-07-17T14:31:39.0370821+00:00 ContainerStatus: Creating stderr named pipe at /podr/container/pipe/dc81c32febd0_babitk-app/stderr_67fc39c2dd534fbe9efc152c246ee47c.
2026-07-17T14:31:39.0375893+00:00 ContainerStatus: Successfully created stderr named pipe at: /podr/container/pipe/dc81c32febd0_babitk-app/stderr_67fc39c2dd534fbe9efc152c246ee47c.
2026-07-17T14:31:39.0377452+00:00 ContainerStatus: Opening named pipe /podr/container/pipe/dc81c32febd0_babitk-app/stderr_67fc39c2dd534fbe9efc152c246ee47c for reading in non-blocking mode.
2026-07-17T14:31:39.0378791+00:00 ContainerStatus: Successfully opened named pipe: /podr/container/pipe/dc81c32febd0_babitk-app/stderr_67fc39c2dd534fbe9efc152c246ee47c.
2026-07-17T14:31:39.0382840+00:00 ContainerStatus: Successfully removed non-blocking flag from /podr/container/pipe/dc81c32febd0_babitk-app/stderr_67fc39c2dd534fbe9efc152c246ee47c.
2026-07-17T14:31:39.0462016+00:00 ContainerStatus: Creating container with image: appsvc/node:22-lts_20260504.4.tuxprod from registry: 10.1.0.6:13209 and fully qualified image name: 10.1.0.6:13209/appsvc/node:22-lts_20260504.4.tuxprod
2026-07-17T14:31:40.0865417+00:00 ContainerStatus: Starting container: dc81c32febd0_babitk-app.
2026-07-17T14:31:40.1352904+00:00 ContainerStatus: Starting watchers and probes.
2026-07-17T14:31:40.1453221+00:00 ContainerStatus: Starting metrics collection.
2026-07-17T14:31:40.1455527+00:00 ContainerStatus: Container is running.
2026-07-17T14:31:40.1458021+00:00 ContainerStatus: State: Starting, Action: CreatingContainer, LastError: , LastErrorTimestamp: 01/01/0001 00:00:00, LastErrorDetails: , Details: Container babitk-app successfully created and is running., DetailsLevel: INFO
2026-07-17T14:31:40.2362031+00:00 ContainerStatus: Container start method finished after 2008 ms.
2026-07-17T14:31:40.3441277+00:00 ContainerStatus: State: Starting, Action: InitiatingSiteWarmUpProbe, LastError: , LastErrorTimestamp: 01/01/0001 00:00:00, LastErrorDetails: , Details: Container babitk-app successfully created and is running., DetailsLevel: INFO
2026-07-17T14:31:40.3444470+00:00 ContainerStatus: State: Starting, Action: WaitingForSiteWarmUpProbeSuccess, LastError: , LastErrorTimestamp: 01/01/0001 00:00:00, LastErrorDetails: , Details: Pinging warmup path to ensure container is ready to receive requests., DetailsLevel: INFO
2026-07-17T14:31:40.4661220+00:00 ContainerStream:    _____                               
2026-07-17T14:31:40.4740070+00:00 ContainerStream:   /  _  \ __________ _________   ____  
2026-07-17T14:31:40.4740242+00:00 ContainerStream:  /  /_\  \\___   /  |  \_  __ \_/ __ \ 
2026-07-17T14:31:40.4740272+00:00 ContainerStream: /    |    \/    /|  |  /|  | \/\  ___/ 
2026-07-17T14:31:40.4740290+00:00 ContainerStream: \____|__  /_____ \____/ |__|    \___  >
2026-07-17T14:31:40.4740313+00:00 ContainerStream:         \/      \/                  \/ 
2026-07-17T14:31:40.4740354+00:00 ContainerStream: A P P   S E R V I C E   O N   L I N U X
2026-07-17T14:31:40.4740371+00:00 ContainerStream: 
2026-07-17T14:31:40.4740394+00:00 ContainerStream: Documentation    : http://aka.ms/webapp-linux
2026-07-17T14:31:40.4740414+00:00 ContainerStream: NodeJS quickstart: https://aka.ms/node-qs
2026-07-17T14:31:40.4740434+00:00 ContainerStream: NodeJS Version   : v22.22.2
2026-07-17T14:31:40.4740452+00:00 ContainerStream: Instance Name    : lw1sdlwk0000OJ
2026-07-17T14:31:40.4740474+00:00 ContainerStream: Instance Id      : e853b0d521c13ae8cb31bbb09a3a1872c5b2865061d0d453c8b371a72b35cb7a
2026-07-17T14:31:40.4740505+00:00 ContainerStream: 
2026-07-17T14:31:40.4740523+00:00 ContainerStream: Note: Any data outside '/home' is not persisted
2026-07-17T14:31:43.9139544+00:00 ContainerStream: Starting OpenBSD Secure Shell server: sshd.
2026-07-17T14:31:43.9257551+00:00 ContainerStream: WEBSITES_INCLUDE_CLOUD_CERTS is not set to true.
2026-07-17T14:31:43.9665352+00:00 ContainerStream: Updating certificates in /etc/ssl/certs...
2026-07-17T14:31:59.2452692+00:00 ContainerStream: rehash: warning: skipping duplicate certificate in azl_SSL.com_TLS_ECC_Root_CA_2022.pem
2026-07-17T14:31:59.2457904+00:00 ContainerStream: rehash: warning: skipping duplicate certificate in azl_SSL.com_TLS_RSA_Root_CA_2022.pem
2026-07-17T14:31:59.4745756+00:00 ContainerStream: rehash: warning: skipping ca-certificates.crt,it does not contain exactly one certificate or CRL
2026-07-17T14:31:59.5147850+00:00 ContainerStream: 4 added, 0 removed; done.
2026-07-17T14:31:59.5155478+00:00 ContainerStream: Running hooks in /etc/ca-certificates/update.d...
2026-07-17T14:31:59.5252040+00:00 ContainerStream: done.
2026-07-17T14:31:59.5441328+00:00 ContainerStream: CA certificates copied and updated successfully.
2026-07-17T14:31:59.6628020+00:00 ContainerStream: Starting periodic command scheduler: cron.
2026-07-17T14:31:59.7442475+00:00 ContainerStream: Could not find build manifest file at '/home/site/wwwroot/oryx-manifest.toml'
2026-07-17T14:31:59.7541543+00:00 ContainerStream: Could not find operation ID in manifest. Generating an operation id...
2026-07-17T14:31:59.7541799+00:00 ContainerStream: Build Operation ID: 4671c978-7871-41c1-aa9e-c052fa4bd144
2026-07-17T14:32:00.0066996+00:00 ContainerStream: Environment Variables for Application Insight's IPA Codeless Configuration exists..
2026-07-17T14:32:00.0417727+00:00 ContainerStream: Writing output script to '/opt/startup/startup.sh'
2026-07-17T14:32:00.1124686+00:00 ContainerStream: Running #!/bin/sh
2026-07-17T14:32:00.1125052+00:00 ContainerStream: 
2026-07-17T14:32:00.1125136+00:00 ContainerStream: # Enter the source directory to make sure the script runs where the user expects
2026-07-17T14:32:00.1125168+00:00 ContainerStream: cd "/home/site/wwwroot"
2026-07-17T14:32:00.1125184+00:00 ContainerStream: 
2026-07-17T14:32:00.1125202+00:00 ContainerStream: export NODE_PATH=/usr/local/lib/node_modules:$NODE_PATH
2026-07-17T14:32:00.1125222+00:00 ContainerStream: if [ -z "$PORT" ]; then
2026-07-17T14:32:00.1125239+00:00 ContainerStream: 		export PORT=8080
2026-07-17T14:32:00.1125254+00:00 ContainerStream: fi
2026-07-17T14:32:00.1125270+00:00 ContainerStream: 
2026-07-17T14:32:00.1132589+00:00 ContainerStream: PATH="$PATH:/home/site/wwwroot" pm2 serve /home/site/wwwroot --no-daemon --spa
2026-07-17T14:32:02.5809314+00:00 ContainerStream: 
2026-07-17T14:32:02.5809985+00:00 ContainerStream:                         -------------
2026-07-17T14:32:02.5810023+00:00 ContainerStream: 
2026-07-17T14:32:02.5810044+00:00 ContainerStream: __/\\\\\\\\\\\\\____/\\\\____________/\\\\____/\\\\\\\\\_____
2026-07-17T14:32:02.5810063+00:00 ContainerStream:  _\/\\\/////////\\\_\/\\\\\\________/\\\\\\__/\\\///////\\\___
2026-07-17T14:32:02.5810151+00:00 ContainerStream:   _\/\\\_______\/\\\_\/\\\//\\\____/\\\//\\\_\///______\//\\\__
2026-07-17T14:32:02.5810172+00:00 ContainerStream:    _\/\\\\\\\\\\\\\/__\/\\\\///\\\/\\\/_\/\\\___________/\\\/___
2026-07-17T14:32:02.5810192+00:00 ContainerStream:     _\/\\\/////////____\/\\\__\///\\\/___\/\\\________/\\\//_____
2026-07-17T14:32:02.5810212+00:00 ContainerStream:      _\/\\\_____________\/\\\____\///_____\/\\\_____/\\\//________
2026-07-17T14:32:02.5810231+00:00 ContainerStream:       _\/\\\_____________\/\\\_____________\/\\\___/\\\/___________
2026-07-17T14:32:02.5810251+00:00 ContainerStream:        _\/\\\_____________\/\\\_____________\/\\\__/\\\\\\\\\\\\\\\_
2026-07-17T14:32:02.5810280+00:00 ContainerStream:         _\///______________\///______________\///__\///////////////__
2026-07-17T14:32:02.5810296+00:00 ContainerStream: 
2026-07-17T14:32:02.5810310+00:00 ContainerStream: 
2026-07-17T14:32:02.5810327+00:00 ContainerStream:                           Runtime Edition
2026-07-17T14:32:02.5810343+00:00 ContainerStream: 
2026-07-17T14:32:02.5810361+00:00 ContainerStream:         PM2 is a Production Process Manager for Node.js applications
2026-07-17T14:32:02.5810395+00:00 ContainerStream:                      with a built-in Load Balancer.
2026-07-17T14:32:02.5810423+00:00 ContainerStream: 
2026-07-17T14:32:02.5810442+00:00 ContainerStream:                 Start and Daemonize any application:
2026-07-17T14:32:02.5810458+00:00 ContainerStream:                 $ pm2 start app.js
2026-07-17T14:32:02.5810474+00:00 ContainerStream: 
2026-07-17T14:32:02.5810490+00:00 ContainerStream:                 Load Balance 4 instances of api.js:
2026-07-17T14:32:02.5810508+00:00 ContainerStream:                 $ pm2 start api.js -i 4
2026-07-17T14:32:02.5810523+00:00 ContainerStream: 
2026-07-17T14:32:02.5810552+00:00 ContainerStream:                 Monitor in production:
2026-07-17T14:32:02.5810570+00:00 ContainerStream:                 $ pm2 monitor
2026-07-17T14:32:02.5810586+00:00 ContainerStream: 
2026-07-17T14:32:02.5810603+00:00 ContainerStream:                 Make pm2 auto-boot at server restart:
2026-07-17T14:32:02.5810619+00:00 ContainerStream:                 $ pm2 startup
2026-07-17T14:32:02.5810634+00:00 ContainerStream: 
2026-07-17T14:32:02.5810650+00:00 ContainerStream:                 To go further checkout:
2026-07-17T14:32:02.5810713+00:00 ContainerStream:                 http://pm2.io/
2026-07-17T14:32:02.5810734+00:00 ContainerStream: 
2026-07-17T14:32:02.5810749+00:00 ContainerStream: 
2026-07-17T14:32:02.5810766+00:00 ContainerStream:                         -------------
2026-07-17T14:32:02.5810780+00:00 ContainerStream: 
2026-07-17T14:32:02.8500821+00:00 ContainerStream: pm2 launched in no-daemon mode (you can add DEBUG="*" env variable to get more messages)
2026-07-17T14:32:04.5894333+00:00 ContainerStream: 2026-07-17T14:32:04: PM2 log: Launching in no daemon mode
2026-07-17T14:32:04.7695228+00:00 ContainerStream: 2026-07-17T14:32:04: PM2 log: [PM2] This PM2 is not UP TO DATE
2026-07-17T14:32:04.7696205+00:00 ContainerStream: 2026-07-17T14:32:04: PM2 log: [PM2] Upgrade to version 7.0.3
2026-07-17T14:32:05.2794772+00:00 ContainerStream: 2026-07-17T14:32:05: PM2 log: [PM2] Starting /usr/local/lib/node_modules/pm2/lib/API/Serve.js in fork_mode (1 instance)
2026-07-17T14:32:05.3090748+00:00 ContainerStream: 2026-07-17T14:32:05: PM2 log: App [static-page-server-8080:0] starting in -fork mode-
2026-07-17T14:32:05.6095648+00:00 ContainerStream: 2026-07-17T14:32:05: PM2 log: App [static-page-server-8080:0] online
2026-07-17T14:32:05.6782082+00:00 ContainerStream: 2026-07-17T14:32:05: PM2 log: [PM2] Done.
2026-07-17T14:32:05.6796885+00:00 ContainerStream: 2026-07-17T14:32:05: PM2 log: [PM2] Serving /home/site/wwwroot on port 8080
2026-07-17T14:32:05.7875238+00:00 ContainerStream: 2026-07-17T14:32:05: PM2 log: ┌────┬────────────────────────────┬─────────────┬─────────┬─────────┬──────────┬────────┬──────┬───────────┬──────────┬──────────┬──────────┬──────────┐
2026-07-17T14:32:05.7875849+00:00 ContainerStream: │ id │ name                       │ namespace   │ version │ mode    │ pid      │ uptime │ ↺    │ status    │ cpu      │ mem      │ user     │ watching │
2026-07-17T14:32:05.7875898+00:00 ContainerStream: ├────┼────────────────────────────┼─────────────┼─────────┼─────────┼──────────┼────────┼──────┼───────────┼──────────┼──────────┼──────────┼──────────┤
2026-07-17T14:32:05.7875928+00:00 ContainerStream: │ 0  │ static-page-server-8080    │ default     │ 6.0.5   │ fork    │ 1870     │ 0s     │ 0    │ online    │ 0%       │ 27.0mb   │ root     │ disabled │
2026-07-17T14:32:05.7875969+00:00 ContainerStream: └────┴────────────────────────────┴─────────────┴─────────┴─────────┴──────────┴────────┴──────┴───────────┴──────────┴──────────┴──────────┴──────────┘
2026-07-17T14:32:05.7883649+00:00 ContainerStream: 2026-07-17T14:32:05: PM2 log: [--no-daemon] Continue to stream logs
2026-07-17T14:32:05.7886594+00:00 ContainerStream: 2026-07-17T14:32:05: PM2 log: [--no-daemon] Exit on target PM2 exit pid=1853
2026-07-17T14:32:06.3486386+00:00 ContainerStream: 14:32:06 0|static-page-server-8080  | Exposing /home/site/wwwroot directory on 0.0.0.0:8080
2026-07-17T14:32:06.3874424+00:00 ContainerStatus: Site startup probe succeeded after 26.0421144 seconds.
2026-07-17T14:32:06.5990357+00:00 ContainerStatus: State: Starting, Action: WarmUpProbeSucceeded, LastError: , LastErrorTimestamp: 01/01/0001 00:00:00, LastErrorDetails: , Details: Site startup probe succeeded after 26.0421144 seconds., DetailsLevel: INFO
========== New Cold Start Attempt (2026-07-17T14:32:06.8906918+00:00) ==========
2026-07-17T14:32:06.8906918+00:00 ContainerStatus: Site is running with deployment version: 028f876e-6060-4807-93d5-601c2595fce4
2026-07-17T14:32:06.8915973+00:00 ContainerStatus: Site started.
2026-07-17T14:32:06.8921967+00:00 ContainerStatus: State: Started, Action: None, LastError: , LastErrorTimestamp: 01/01/0001 00:00:00, LastErrorDetails: , Details: Site started at 07/17/2026 14:32:06 (UTC), DetailsLevel: INFO
2026-07-17T14:32:06.9003253+00:00 ContainerStatus: Site is running with patch version NODE-22.22.2
2026-07-17T14:32:27.0773681+00:00 ContainerStatus: State: Stopping, Action: StoppingSiteContainers, LastError: VNETFailure, LastErrorTimestamp: 07/17/2026 14:11:46, LastErrorDetails: There was an issue setting up VNet., Details: Site started at 07/17/2026 14:28:05 (UTC), DetailsLevel: INFO
2026-07-17T14:32:27.1357582+00:00 ContainerStatus: Container is terminating. Grace period: 5 seconds.
2026-07-17T14:32:27.1853534+00:00 ContainerStatus: Stop and delete container. Retry count = 0
2026-07-17T14:32:27.2058468+00:00 ContainerStatus: Stopping container: ce36c656a130_babitk-app.
2026-07-17T14:32:33.3286466+00:00 ContainerStatus: Deleting container: ce36c656a130_babitk-app. Retry count = 0
2026-07-17T14:32:33.8178917+00:00 ContainerStatus: Container spec TerminationMessagePolicy  path 
2026-07-17T14:32:33.8183338+00:00 ContainerStatus: Container is terminated. Total time elapsed: 6682 ms.
2026-07-17T14:32:33.8184327+00:00 ContainerStatus: Site: babitk-app stopped.
2026-07-17T14:32:34.9353424+00:00 ContainerStatus: State: Starting, Action: EstablishingSiteNetworks, LastError: , LastErrorTimestamp: 01/01/0001 00:00:00, LastErrorDetails: , Details: , DetailsLevel: INFO
2026-07-17T14:32:37.1606468+00:00 ContainerStatus: State: Starting, Action: StartingSiteContainers, LastError: , LastErrorTimestamp: 01/01/0001 00:00:00, LastErrorDetails: , Details: , DetailsLevel: INFO
2026-07-17T14:32:37.1607646+00:00 ContainerStatus: Container start method called.
2026-07-17T14:32:37.1607915+00:00 ContainerStatus: State: Starting, Action: PullingImage, LastError: , LastErrorTimestamp: 01/01/0001 00:00:00, LastErrorDetails: , Details: Pulling image 10.1.0.6:13209/appsvc/node:22-lts_20260504.4.tuxprod for babitk-app., DetailsLevel: INFO
2026-07-17T14:32:37.1608502+00:00 ContainerStatus: Establishing network.
2026-07-17T14:32:37.2189170+00:00 ContainerStatus: Pulling image: appsvc/node:22-lts_20260504.4.tuxprod.
2026-07-17T14:32:37.5983063+00:00 ContainerStatus: Container is starting.
2026-07-17T14:32:37.5983893+00:00 ContainerStatus: State: Starting, Action: MountingVolumes, LastError: , LastErrorTimestamp: 01/01/0001 00:00:00, LastErrorDetails: , Details: Mounting volumes for babitk-app., DetailsLevel: INFO
2026-07-17T14:32:37.5984422+00:00 ContainerStatus: Establishing user namespace if not established already.
2026-07-17T14:32:37.5984986+00:00 ContainerStatus: Establishing network if not established already.
2026-07-17T14:32:37.5985607+00:00 ContainerStatus: Mounting volumes.
2026-07-17T14:32:37.5986478+00:00 ContainerStatus: Nested mountpoint 
2026-07-17T14:32:37.6778241+00:00 ContainerStatus: Nested mountpoint volatile/logs
2026-07-17T14:32:37.7671591+00:00 ContainerStatus: Nested mountpoint 
2026-07-17T14:32:37.7676354+00:00 ContainerStatus: Nested mountpoint 
2026-07-17T14:32:37.7875561+00:00 ContainerStatus: Nested mountpoint 
2026-07-17T14:32:37.8077214+00:00 ContainerStatus: Nested mountpoint 
2026-07-17T14:32:38.5272025+00:00 ContainerStatus: State: Starting, Action: CreatingContainer, LastError: , LastErrorTimestamp: 01/01/0001 00:00:00, LastErrorDetails: , Details: Finished pulling container image and mounting volumes for babitk-app. Allocatinng the rest of the container resources to finish container creation., DetailsLevel: INFO
2026-07-17T14:32:38.5273355+00:00 ContainerStatus: Creating container.
2026-07-17T14:32:38.5278405+00:00 ContainerStatus: Creating pipes for streaming container io.
2026-07-17T14:32:38.5279275+00:00 ContainerStatus: Creating stdout named pipe at /podr/container/pipe/0396c178d6fe_babitk-app/stdout_7f7be306393e412e8b4633b4501e86c1.
2026-07-17T14:32:38.5284461+00:00 ContainerStatus: Successfully created stdout named pipe at: /podr/container/pipe/0396c178d6fe_babitk-app/stdout_7f7be306393e412e8b4633b4501e86c1.
2026-07-17T14:32:38.5285364+00:00 ContainerStatus: Opening named pipe /podr/container/pipe/0396c178d6fe_babitk-app/stdout_7f7be306393e412e8b4633b4501e86c1 for reading in non-blocking mode.
2026-07-17T14:32:38.5286286+00:00 ContainerStatus: Successfully opened named pipe: /podr/container/pipe/0396c178d6fe_babitk-app/stdout_7f7be306393e412e8b4633b4501e86c1.
2026-07-17T14:32:38.5288923+00:00 ContainerStatus: Successfully removed non-blocking flag from /podr/container/pipe/0396c178d6fe_babitk-app/stdout_7f7be306393e412e8b4633b4501e86c1.
2026-07-17T14:32:38.5672480+00:00 ContainerStatus: Creating stderr named pipe at /podr/container/pipe/0396c178d6fe_babitk-app/stderr_36d91b836be5488f8528857870aa39c7.
2026-07-17T14:32:38.5680218+00:00 ContainerStatus: Successfully created stderr named pipe at: /podr/container/pipe/0396c178d6fe_babitk-app/stderr_36d91b836be5488f8528857870aa39c7.
2026-07-17T14:32:38.5681181+00:00 ContainerStatus: Opening named pipe /podr/container/pipe/0396c178d6fe_babitk-app/stderr_36d91b836be5488f8528857870aa39c7 for reading in non-blocking mode.
2026-07-17T14:32:38.5682146+00:00 ContainerStatus: Successfully opened named pipe: /podr/container/pipe/0396c178d6fe_babitk-app/stderr_36d91b836be5488f8528857870aa39c7.
2026-07-17T14:32:38.5682824+00:00 ContainerStatus: Successfully removed non-blocking flag from /podr/container/pipe/0396c178d6fe_babitk-app/stderr_36d91b836be5488f8528857870aa39c7.
2026-07-17T14:32:38.5687299+00:00 ContainerStatus: Creating container with image: appsvc/node:22-lts_20260504.4.tuxprod from registry: 10.1.0.6:13209 and fully qualified image name: 10.1.0.6:13209/appsvc/node:22-lts_20260504.4.tuxprod
2026-07-17T14:32:39.3572959+00:00 ContainerStatus: Starting container: 0396c178d6fe_babitk-app.
2026-07-17T14:32:39.4267583+00:00 ContainerStatus: Starting watchers and probes.
2026-07-17T14:32:39.4274069+00:00 ContainerStatus: Starting metrics collection.
2026-07-17T14:32:39.4277250+00:00 ContainerStatus: Container is running.
2026-07-17T14:32:39.4277993+00:00 ContainerStatus: State: Starting, Action: CreatingContainer, LastError: , LastErrorTimestamp: 01/01/0001 00:00:00, LastErrorDetails: , Details: Container babitk-app successfully created and is running., DetailsLevel: INFO
2026-07-17T14:32:39.7159623+00:00 ContainerStatus: Container start method finished after 2555 ms.
2026-07-17T14:32:39.7160905+00:00 ContainerStatus: State: Starting, Action: InitiatingSiteWarmUpProbe, LastError: , LastErrorTimestamp: 01/01/0001 00:00:00, LastErrorDetails: , Details: Container babitk-app successfully created and is running., DetailsLevel: INFO
2026-07-17T14:32:39.7161073+00:00 ContainerStatus: State: Starting, Action: WaitingForSiteWarmUpProbeSuccess, LastError: , LastErrorTimestamp: 01/01/0001 00:00:00, LastErrorDetails: , Details: Pinging warmup path to ensure container is ready to receive requests., DetailsLevel: INFO
2026-07-17T14:32:40.0841621+00:00 ContainerStream:    _____                               
2026-07-17T14:32:40.0843244+00:00 ContainerStream:   /  _  \ __________ _________   ____  
2026-07-17T14:32:40.0843286+00:00 ContainerStream:  /  /_\  \\___   /  |  \_  __ \_/ __ \ 
2026-07-17T14:32:40.0843340+00:00 ContainerStream: /    |    \/    /|  |  /|  | \/\  ___/ 
2026-07-17T14:32:40.0843358+00:00 ContainerStream: \____|__  /_____ \____/ |__|    \___  >
2026-07-17T14:32:40.0843382+00:00 ContainerStream:         \/      \/                  \/ 
2026-07-17T14:32:40.0843400+00:00 ContainerStream: A P P   S E R V I C E   O N   L I N U X
2026-07-17T14:32:40.0843415+00:00 ContainerStream: 
2026-07-17T14:32:40.0843439+00:00 ContainerStream: Documentation    : http://aka.ms/webapp-linux
2026-07-17T14:32:40.0843476+00:00 ContainerStream: NodeJS quickstart: https://aka.ms/node-qs
2026-07-17T14:32:40.0843494+00:00 ContainerStream: NodeJS Version   : v22.22.2
2026-07-17T14:32:40.0843512+00:00 ContainerStream: Instance Name    : lw1sdlwk0000OJ
2026-07-17T14:32:40.0843533+00:00 ContainerStream: Instance Id      : e853b0d521c13ae8cb31bbb09a3a1872c5b2865061d0d453c8b371a72b35cb7a
2026-07-17T14:32:40.0843550+00:00 ContainerStream: 
2026-07-17T14:32:40.0843567+00:00 ContainerStream: Note: Any data outside '/home' is not persisted
2026-07-17T14:32:46.4273076+00:00 ContainerStream: Starting OpenBSD Secure Shell server: sshd.
2026-07-17T14:32:46.4982098+00:00 ContainerStream: WEBSITES_INCLUDE_CLOUD_CERTS is not set to true.
2026-07-17T14:32:46.6485597+00:00 ContainerStream: Updating certificates in /etc/ssl/certs...
2026-07-17T14:33:17.3635441+00:00 ContainerStream: rehash: warning: skipping duplicate certificate in azl_SSL.com_TLS_ECC_Root_CA_2022.pem
2026-07-17T14:33:17.3640580+00:00 ContainerStream: rehash: warning: skipping duplicate certificate in azl_SSL.com_TLS_RSA_Root_CA_2022.pem
2026-07-17T14:33:17.6801476+00:00 ContainerStream: rehash: warning: skipping ca-certificates.crt,it does not contain exactly one certificate or CRL
2026-07-17T14:33:17.7586247+00:00 ContainerStream: 4 added, 0 removed; done.
2026-07-17T14:33:17.7586591+00:00 ContainerStream: Running hooks in /etc/ca-certificates/update.d...
2026-07-17T14:33:17.7887836+00:00 ContainerStream: done.
2026-07-17T14:33:17.8200490+00:00 ContainerStream: CA certificates copied and updated successfully.
2026-07-17T14:33:18.0106272+00:00 ContainerStream: Starting periodic command scheduler: cron.
2026-07-17T14:33:18.2312107+00:00 ContainerStream: Could not find build manifest file at '/home/site/wwwroot/oryx-manifest.toml'
2026-07-17T14:33:18.2320697+00:00 ContainerStream: Could not find operation ID in manifest. Generating an operation id...
2026-07-17T14:33:18.2392157+00:00 ContainerStream: Build Operation ID: d3634b93-8190-4bbe-9cbf-6430109c8551
2026-07-17T14:33:19.1399385+00:00 ContainerStream: Environment Variables for Application Insight's IPA Codeless Configuration exists..
2026-07-17T14:33:19.1793943+00:00 ContainerStream: Writing output script to '/opt/startup/startup.sh'
2026-07-17T14:33:19.2603789+00:00 ContainerStream: Running #!/bin/sh
2026-07-17T14:33:19.2604256+00:00 ContainerStream: 
2026-07-17T14:33:19.2604354+00:00 ContainerStream: # Enter the source directory to make sure the script runs where the user expects
2026-07-17T14:33:19.2604392+00:00 ContainerStream: cd "/home/site/wwwroot"
2026-07-17T14:33:19.2604409+00:00 ContainerStream: 
2026-07-17T14:33:19.2604428+00:00 ContainerStream: export NODE_PATH=/usr/local/lib/node_modules:$NODE_PATH
2026-07-17T14:33:19.2604447+00:00 ContainerStream: if [ -z "$PORT" ]; then
2026-07-17T14:33:19.2604463+00:00 ContainerStream: 		export PORT=8080
2026-07-17T14:33:19.2604479+00:00 ContainerStream: fi
2026-07-17T14:33:19.2604510+00:00 ContainerStream: 
2026-07-17T14:33:19.2612428+00:00 ContainerStream: PATH="$PATH:/home/site/wwwroot" pm2 serve /home/site/wwwroot --no-daemon --spa
2026-07-17T14:33:21.6185015+00:00 ContainerStream: 
2026-07-17T14:33:21.6185609+00:00 ContainerStream:                         -------------
2026-07-17T14:33:21.6185647+00:00 ContainerStream: 
2026-07-17T14:33:21.6185667+00:00 ContainerStream: __/\\\\\\\\\\\\\____/\\\\____________/\\\\____/\\\\\\\\\_____
2026-07-17T14:33:21.6185690+00:00 ContainerStream:  _\/\\\/////////\\\_\/\\\\\\________/\\\\\\__/\\\///////\\\___
2026-07-17T14:33:21.6185710+00:00 ContainerStream:   _\/\\\_______\/\\\_\/\\\//\\\____/\\\//\\\_\///______\//\\\__
2026-07-17T14:33:21.6185733+00:00 ContainerStream:    _\/\\\\\\\\\\\\\/__\/\\\\///\\\/\\\/_\/\\\___________/\\\/___
2026-07-17T14:33:21.6185774+00:00 ContainerStream:     _\/\\\/////////____\/\\\__\///\\\/___\/\\\________/\\\//_____
2026-07-17T14:33:21.6185795+00:00 ContainerStream:      _\/\\\_____________\/\\\____\///_____\/\\\_____/\\\//________
2026-07-17T14:33:21.6185814+00:00 ContainerStream:       _\/\\\_____________\/\\\_____________\/\\\___/\\\/___________
2026-07-17T14:33:21.6185835+00:00 ContainerStream:        _\/\\\_____________\/\\\_____________\/\\\__/\\\\\\\\\\\\\\\_
2026-07-17T14:33:21.6185855+00:00 ContainerStream:         _\///______________\///______________\///__\///////////////__
2026-07-17T14:33:21.6185872+00:00 ContainerStream: 
2026-07-17T14:33:21.6185888+00:00 ContainerStream: 
2026-07-17T14:33:21.6185924+00:00 ContainerStream:                           Runtime Edition
2026-07-17T14:33:21.6185941+00:00 ContainerStream: 
2026-07-17T14:33:21.6185960+00:00 ContainerStream:         PM2 is a Production Process Manager for Node.js applications
2026-07-17T14:33:21.6185994+00:00 ContainerStream:                      with a built-in Load Balancer.
2026-07-17T14:33:21.6186012+00:00 ContainerStream: 
2026-07-17T14:33:21.6186030+00:00 ContainerStream:                 Start and Daemonize any application:
2026-07-17T14:33:21.6186070+00:00 ContainerStream:                 $ pm2 start app.js
2026-07-17T14:33:21.6186086+00:00 ContainerStream: 
2026-07-17T14:33:21.6186106+00:00 ContainerStream:                 Load Balance 4 instances of api.js:
2026-07-17T14:33:21.6186125+00:00 ContainerStream:                 $ pm2 start api.js -i 4
2026-07-17T14:33:21.6186141+00:00 ContainerStream: 
2026-07-17T14:33:21.6186158+00:00 ContainerStream:                 Monitor in production:
2026-07-17T14:33:21.6186176+00:00 ContainerStream:                 $ pm2 monitor
2026-07-17T14:33:21.6186218+00:00 ContainerStream: 
2026-07-17T14:33:21.6186236+00:00 ContainerStream:                 Make pm2 auto-boot at server restart:
2026-07-17T14:33:21.6186254+00:00 ContainerStream:                 $ pm2 startup
2026-07-17T14:33:21.6186270+00:00 ContainerStream: 
2026-07-17T14:33:21.6186286+00:00 ContainerStream:                 To go further checkout:
2026-07-17T14:33:21.6192032+00:00 ContainerStream:                 http://pm2.io/
2026-07-17T14:33:21.6192101+00:00 ContainerStream: 
2026-07-17T14:33:21.6192132+00:00 ContainerStream: 
2026-07-17T14:33:21.6192149+00:00 ContainerStream:                         -------------
2026-07-17T14:33:21.6192166+00:00 ContainerStream: 
2026-07-17T14:33:21.6478584+00:00 ContainerStream: pm2 launched in no-daemon mode (you can add DEBUG="*" env variable to get more messages)
2026-07-17T14:33:22.2110984+00:00 ContainerStream: 2026-07-17T14:33:22: PM2 log: Launching in no daemon mode
2026-07-17T14:33:22.3588716+00:00 ContainerStream: 2026-07-17T14:33:22: PM2 log: [PM2] This PM2 is not UP TO DATE
2026-07-17T14:33:22.3681064+00:00 ContainerStream: 2026-07-17T14:33:22: PM2 log: [PM2] Upgrade to version 7.0.3
2026-07-17T14:33:22.4479736+00:00 ContainerStream: 2026-07-17T14:33:22: PM2 log: [PM2] Starting /usr/local/lib/node_modules/pm2/lib/API/Serve.js in fork_mode (1 instance)
2026-07-17T14:33:22.4672344+00:00 ContainerStream: 2026-07-17T14:33:22: PM2 log: App [static-page-server-8080:0] starting in -fork mode-
2026-07-17T14:33:22.5381703+00:00 ContainerStream: 2026-07-17T14:33:22: PM2 log: App [static-page-server-8080:0] online
2026-07-17T14:33:22.5670080+00:00 ContainerStream: 2026-07-17T14:33:22: PM2 log: [PM2] Done.
2026-07-17T14:33:22.5684117+00:00 ContainerStream: 2026-07-17T14:33:22: PM2 log: [PM2] Serving /home/site/wwwroot on port 8080
2026-07-17T14:33:22.6784733+00:00 ContainerStream: 2026-07-17T14:33:22: PM2 log: ┌────┬────────────────────────────┬─────────────┬─────────┬─────────┬──────────┬────────┬──────┬───────────┬──────────┬──────────┬──────────┬──────────┐
2026-07-17T14:33:22.6785328+00:00 ContainerStream: │ id │ name                       │ namespace   │ version │ mode    │ pid      │ uptime │ ↺    │ status    │ cpu      │ mem      │ user     │ watching │
2026-07-17T14:33:22.6785377+00:00 ContainerStream: ├────┼────────────────────────────┼─────────────┼─────────┼─────────┼──────────┼────────┼──────┼───────────┼──────────┼──────────┼──────────┼──────────┤
2026-07-17T14:33:22.6785478+00:00 ContainerStream: │ 0  │ static-page-server-8080    │ default     │ 6.0.5   │ fork    │ 1872     │ 0s     │ 0    │ online    │ 0%       │ 27.0mb   │ root     │ disabled │
2026-07-17T14:33:22.6785519+00:00 ContainerStream: └────┴────────────────────────────┴─────────────┴─────────┴─────────┴──────────┴────────┴──────┴───────────┴──────────┴──────────┴──────────┴──────────┘
2026-07-17T14:33:22.6987885+00:00 ContainerStream: 2026-07-17T14:33:22: PM2 log: [--no-daemon] Continue to stream logs
2026-07-17T14:33:22.7071147+00:00 ContainerStream: 2026-07-17T14:33:22: PM2 log: [--no-daemon] Exit on target PM2 exit pid=1853
2026-07-17T14:33:23.2166538+00:00 ContainerStream: 14:33:23 0|static-page-server-8080  | Exposing /home/site/wwwroot directory on 0.0.0.0:8080
2026-07-17T14:33:23.7639448+00:00 ContainerStatus: Site startup probe succeeded after 44.0472383 seconds.
2026-07-17T14:33:23.9415343+00:00 ContainerStatus: State: Starting, Action: WarmUpProbeSucceeded, LastError: , LastErrorTimestamp: 01/01/0001 00:00:00, LastErrorDetails: , Details: Site startup probe succeeded after 44.0472383 seconds., DetailsLevel: INFO
2026-07-17T14:33:24.3185544+00:00 ContainerStatus: Site is running with deployment version: 028f876e-6060-4807-93d5-601c2595fce4
2026-07-17T14:33:24.3224245+00:00 ContainerStatus: Site started.
2026-07-17T14:33:24.3282194+00:00 ContainerStatus: State: Started, Action: None, LastError: , LastErrorTimestamp: 01/01/0001 00:00:00, LastErrorDetails: , Details: Site started at 07/17/2026 14:33:24 (UTC), DetailsLevel: INFO
2026-07-17T14:33:24.3283968+00:00 ContainerStatus: Site is running with patch version NODE-22.22.2
========== New Cold Start Attempt (2026-07-17T14:33:44.4570900+00:00) ==========
2026-07-17T14:33:44.4570900+00:00 ContainerStatus: State: Stopping, Action: StoppingSiteContainers, LastError: VNETFailure, LastErrorTimestamp: 07/17/2026 14:11:46, LastErrorDetails: There was an issue setting up VNet., Details: Site started at 07/17/2026 14:32:06 (UTC), DetailsLevel: INFO
2026-07-17T14:33:44.4573353+00:00 ContainerStatus: Container is terminating. Grace period: 5 seconds.
2026-07-17T14:33:44.4741970+00:00 ContainerStatus: Stop and delete container. Retry count = 0
2026-07-17T14:33:44.4742760+00:00 ContainerStatus: Stopping container: dc81c32febd0_babitk-app.
2026-07-17T14:33:49.5667814+00:00 ContainerStatus: Deleting container: dc81c32febd0_babitk-app. Retry count = 0
2026-07-17T14:33:49.7470355+00:00 ContainerStatus: Container spec TerminationMessagePolicy  path 
2026-07-17T14:33:49.7475778+00:00 ContainerStatus: Container is terminated. Total time elapsed: 5289 ms.
2026-07-17T14:33:49.7476799+00:00 ContainerStatus: Site: babitk-app stopped.
2026-07-17T14:43:07.4219262+00:00 ContainerStatus: State: Starting, Action: EstablishingSiteNetworks, LastError: , LastErrorTimestamp: 01/01/0001 00:00:00, LastErrorDetails: , Details: , DetailsLevel: INFO
2026-07-17T14:43:09.2671278+00:00 ContainerStatus: State: Starting, Action: StartingSiteContainers, LastError: , LastErrorTimestamp: 01/01/0001 00:00:00, LastErrorDetails: , Details: , DetailsLevel: INFO
2026-07-17T14:43:09.2676191+00:00 ContainerStatus: Container start method called.
2026-07-17T14:43:09.2754002+00:00 ContainerStatus: State: Starting, Action: PullingImage, LastError: , LastErrorTimestamp: 01/01/0001 00:00:00, LastErrorDetails: , Details: Pulling image 10.1.0.6:13209/appsvc/node:22-lts_20260504.4.tuxprod for babitk-app., DetailsLevel: INFO
2026-07-17T14:43:09.2759283+00:00 ContainerStatus: Establishing network.
2026-07-17T14:43:09.2760941+00:00 ContainerStatus: Pulling image: appsvc/node:22-lts_20260504.4.tuxprod.
2026-07-17T14:43:09.4787049+00:00 ContainerStatus: Container is starting.
2026-07-17T14:43:09.4787972+00:00 ContainerStatus: State: Starting, Action: MountingVolumes, LastError: , LastErrorTimestamp: 01/01/0001 00:00:00, LastErrorDetails: , Details: Mounting volumes for babitk-app., DetailsLevel: INFO
2026-07-17T14:43:09.4788707+00:00 ContainerStatus: Establishing user namespace if not established already.
2026-07-17T14:43:09.4789482+00:00 ContainerStatus: Establishing network if not established already.
2026-07-17T14:43:09.4790332+00:00 ContainerStatus: Mounting volumes.
2026-07-17T14:43:09.4870103+00:00 ContainerStatus: Nested mountpoint 
2026-07-17T14:43:09.4999606+00:00 ContainerStatus: Nested mountpoint volatile/logs
2026-07-17T14:43:09.5185632+00:00 ContainerStatus: Nested mountpoint 
2026-07-17T14:43:09.5290809+00:00 ContainerStatus: Nested mountpoint 
2026-07-17T14:43:09.5373365+00:00 ContainerStatus: Nested mountpoint 
2026-07-17T14:43:09.5485273+00:00 ContainerStatus: Nested mountpoint 
2026-07-17T14:43:10.0554861+00:00 ContainerStatus: State: Starting, Action: CreatingContainer, LastError: , LastErrorTimestamp: 01/01/0001 00:00:00, LastErrorDetails: , Details: Finished pulling container image and mounting volumes for babitk-app. Allocatinng the rest of the container resources to finish container creation., DetailsLevel: INFO
2026-07-17T14:43:10.0744907+00:00 ContainerStatus: Creating container.
2026-07-17T14:43:10.0747789+00:00 ContainerStatus: Creating pipes for streaming container io.
2026-07-17T14:43:10.0749583+00:00 ContainerStatus: Creating stdout named pipe at /podr/container/pipe/6a3d92bf10d3_babitk-app/stdout_9f886a9c79fd4cac8db71ce87d524274.
2026-07-17T14:43:10.0942158+00:00 ContainerStatus: Successfully created stdout named pipe at: /podr/container/pipe/6a3d92bf10d3_babitk-app/stdout_9f886a9c79fd4cac8db71ce87d524274.
2026-07-17T14:43:10.0947971+00:00 ContainerStatus: Opening named pipe /podr/container/pipe/6a3d92bf10d3_babitk-app/stdout_9f886a9c79fd4cac8db71ce87d524274 for reading in non-blocking mode.
2026-07-17T14:43:10.1041245+00:00 ContainerStatus: Successfully opened named pipe: /podr/container/pipe/6a3d92bf10d3_babitk-app/stdout_9f886a9c79fd4cac8db71ce87d524274.
2026-07-17T14:43:10.1057253+00:00 ContainerStatus: Successfully removed non-blocking flag from /podr/container/pipe/6a3d92bf10d3_babitk-app/stdout_9f886a9c79fd4cac8db71ce87d524274.
2026-07-17T14:43:10.1059164+00:00 ContainerStatus: Creating stderr named pipe at /podr/container/pipe/6a3d92bf10d3_babitk-app/stderr_0c1f4ba1f22540c6bb3272e842e56844.
2026-07-17T14:43:10.1060568+00:00 ContainerStatus: Successfully created stderr named pipe at: /podr/container/pipe/6a3d92bf10d3_babitk-app/stderr_0c1f4ba1f22540c6bb3272e842e56844.
2026-07-17T14:43:10.1062200+00:00 ContainerStatus: Opening named pipe /podr/container/pipe/6a3d92bf10d3_babitk-app/stderr_0c1f4ba1f22540c6bb3272e842e56844 for reading in non-blocking mode.
2026-07-17T14:43:10.1063095+00:00 ContainerStatus: Successfully opened named pipe: /podr/container/pipe/6a3d92bf10d3_babitk-app/stderr_0c1f4ba1f22540c6bb3272e842e56844.
2026-07-17T14:43:10.1063815+00:00 ContainerStatus: Successfully removed non-blocking flag from /podr/container/pipe/6a3d92bf10d3_babitk-app/stderr_0c1f4ba1f22540c6bb3272e842e56844.
2026-07-17T14:43:10.1167323+00:00 ContainerStatus: Creating container with image: appsvc/node:22-lts_20260504.4.tuxprod from registry: 10.1.0.6:13209 and fully qualified image name: 10.1.0.6:13209/appsvc/node:22-lts_20260504.4.tuxprod
2026-07-17T14:43:10.9539916+00:00 ContainerStatus: Starting container: 6a3d92bf10d3_babitk-app.
2026-07-17T14:43:11.0217826+00:00 ContainerStatus: Starting watchers and probes.
2026-07-17T14:43:11.0227514+00:00 ContainerStatus: Starting metrics collection.
2026-07-17T14:43:11.0244793+00:00 ContainerStatus: Container is running.
2026-07-17T14:43:11.0446253+00:00 ContainerStatus: State: Starting, Action: CreatingContainer, LastError: , LastErrorTimestamp: 01/01/0001 00:00:00, LastErrorDetails: , Details: Container babitk-app successfully created and is running., DetailsLevel: INFO
2026-07-17T14:43:11.3112847+00:00 ContainerStatus: Container start method finished after 2043 ms.
2026-07-17T14:43:11.3114292+00:00 ContainerStatus: State: Starting, Action: InitiatingSiteWarmUpProbe, LastError: , LastErrorTimestamp: 01/01/0001 00:00:00, LastErrorDetails: , Details: Container babitk-app successfully created and is running., DetailsLevel: INFO
2026-07-17T14:43:11.3114455+00:00 ContainerStatus: State: Starting, Action: WaitingForSiteWarmUpProbeSuccess, LastError: , LastErrorTimestamp: 01/01/0001 00:00:00, LastErrorDetails: , Details: Pinging warmup path to ensure container is ready to receive requests., DetailsLevel: INFO
2026-07-17T14:43:11.6721706+00:00 ContainerStream:    _____                               
2026-07-17T14:43:11.6727864+00:00 ContainerStream:   /  _  \ __________ _________   ____  
2026-07-17T14:43:11.6727998+00:00 ContainerStream:  /  /_\  \\___   /  |  \_  __ \_/ __ \ 
2026-07-17T14:43:11.6728017+00:00 ContainerStream: /    |    \/    /|  |  /|  | \/\  ___/ 
2026-07-17T14:43:11.6728034+00:00 ContainerStream: \____|__  /_____ \____/ |__|    \___  >
2026-07-17T14:43:11.6728103+00:00 ContainerStream:         \/      \/                  \/ 
2026-07-17T14:43:11.6728120+00:00 ContainerStream: A P P   S E R V I C E   O N   L I N U X
2026-07-17T14:43:11.6728136+00:00 ContainerStream: 
2026-07-17T14:43:11.6728164+00:00 ContainerStream: Documentation    : http://aka.ms/webapp-linux
2026-07-17T14:43:11.6728184+00:00 ContainerStream: NodeJS quickstart: https://aka.ms/node-qs
2026-07-17T14:43:11.6728202+00:00 ContainerStream: NodeJS Version   : v22.22.2
2026-07-17T14:43:11.6728234+00:00 ContainerStream: Instance Name    : lw1sdlwk0000OJ
2026-07-17T14:43:11.6728258+00:00 ContainerStream: Instance Id      : e853b0d521c13ae8cb31bbb09a3a1872c5b2865061d0d453c8b371a72b35cb7a
2026-07-17T14:43:11.6728274+00:00 ContainerStream: 
2026-07-17T14:43:11.6728291+00:00 ContainerStream: Note: Any data outside '/home' is not persisted
2026-07-17T14:43:14.4069639+00:00 ContainerStream: Starting OpenBSD Secure Shell server: sshd.
2026-07-17T14:43:14.5051074+00:00 ContainerStream: WEBSITES_INCLUDE_CLOUD_CERTS is not set to true.
2026-07-17T14:43:14.6128211+00:00 ContainerStream: Updating certificates in /etc/ssl/certs...
2026-07-17T14:43:34.3936130+00:00 ContainerStream: rehash: warning: skipping duplicate certificate in azl_SSL.com_TLS_ECC_Root_CA_2022.pem
2026-07-17T14:43:34.3936531+00:00 ContainerStream: rehash: warning: skipping duplicate certificate in azl_SSL.com_TLS_RSA_Root_CA_2022.pem
2026-07-17T14:43:34.7419054+00:00 ContainerStream: rehash: warning: skipping ca-certificates.crt,it does not contain exactly one certificate or CRL
2026-07-17T14:43:34.8048904+00:00 ContainerStream: 4 added, 0 removed; done.
2026-07-17T14:43:34.8228741+00:00 ContainerStream: Running hooks in /etc/ca-certificates/update.d...
2026-07-17T14:43:34.8824152+00:00 ContainerStream: done.
2026-07-17T14:43:34.9342828+00:00 ContainerStream: CA certificates copied and updated successfully.
2026-07-17T14:43:35.1423591+00:00 ContainerStream: Starting periodic command scheduler: cron.
2026-07-17T14:43:35.3508617+00:00 ContainerStream: Could not find build manifest file at '/home/site/wwwroot/oryx-manifest.toml'
2026-07-17T14:43:35.3522467+00:00 ContainerStream: Could not find operation ID in manifest. Generating an operation id...
2026-07-17T14:43:35.3609684+00:00 ContainerStream: Build Operation ID: 5130028f-9fac-476c-a84f-422c3c6b9664
2026-07-17T14:43:35.8961924+00:00 ContainerStream: Environment Variables for Application Insight's IPA Codeless Configuration exists..
2026-07-17T14:43:35.9357131+00:00 ContainerStream: Writing output script to '/opt/startup/startup.sh'
2026-07-17T14:43:35.9976572+00:00 ContainerStream: Running #!/bin/sh
2026-07-17T14:43:36.0047850+00:00 ContainerStream: 
2026-07-17T14:43:36.0047912+00:00 ContainerStream: # Enter the source directory to make sure the script runs where the user expects
2026-07-17T14:43:36.0047945+00:00 ContainerStream: cd "/home/site/wwwroot"
2026-07-17T14:43:36.0048026+00:00 ContainerStream: 
2026-07-17T14:43:36.0048046+00:00 ContainerStream: export NODE_PATH=/usr/local/lib/node_modules:$NODE_PATH
2026-07-17T14:43:36.0048064+00:00 ContainerStream: if [ -z "$PORT" ]; then
2026-07-17T14:43:36.0048081+00:00 ContainerStream: 		export PORT=8080
2026-07-17T14:43:36.0048097+00:00 ContainerStream: fi
2026-07-17T14:43:36.0048113+00:00 ContainerStream: 
2026-07-17T14:43:36.0063526+00:00 ContainerStream: PATH="$PATH:/home/site/wwwroot" pm2 serve /home/site/wwwroot --no-daemon --spa
2026-07-17T14:43:39.8381912+00:00 ContainerStream: 
2026-07-17T14:43:39.8382497+00:00 ContainerStream:                         -------------
2026-07-17T14:43:39.8382531+00:00 ContainerStream: 
2026-07-17T14:43:39.8382551+00:00 ContainerStream: __/\\\\\\\\\\\\\____/\\\\____________/\\\\____/\\\\\\\\\_____
2026-07-17T14:43:39.8382569+00:00 ContainerStream:  _\/\\\/////////\\\_\/\\\\\\________/\\\\\\__/\\\///////\\\___
2026-07-17T14:43:39.8382588+00:00 ContainerStream:   _\/\\\_______\/\\\_\/\\\//\\\____/\\\//\\\_\///______\//\\\__
2026-07-17T14:43:39.8382608+00:00 ContainerStream:    _\/\\\\\\\\\\\\\/__\/\\\\///\\\/\\\/_\/\\\___________/\\\/___
2026-07-17T14:43:39.8382648+00:00 ContainerStream:     _\/\\\/////////____\/\\\__\///\\\/___\/\\\________/\\\//_____
2026-07-17T14:43:39.8382712+00:00 ContainerStream:      _\/\\\_____________\/\\\____\///_____\/\\\_____/\\\//________
2026-07-17T14:43:39.8382733+00:00 ContainerStream:       _\/\\\_____________\/\\\_____________\/\\\___/\\\/___________
2026-07-17T14:43:39.8382752+00:00 ContainerStream:        _\/\\\_____________\/\\\_____________\/\\\__/\\\\\\\\\\\\\\\_
2026-07-17T14:43:39.8382770+00:00 ContainerStream:         _\///______________\///______________\///__\///////////////__
2026-07-17T14:43:39.8382786+00:00 ContainerStream: 
2026-07-17T14:43:39.8382800+00:00 ContainerStream: 
2026-07-17T14:43:39.8382837+00:00 ContainerStream:                           Runtime Edition
2026-07-17T14:43:39.8382853+00:00 ContainerStream: 
2026-07-17T14:43:39.8382870+00:00 ContainerStream:         PM2 is a Production Process Manager for Node.js applications
2026-07-17T14:43:39.8382916+00:00 ContainerStream:                      with a built-in Load Balancer.
2026-07-17T14:43:39.8382932+00:00 ContainerStream: 
2026-07-17T14:43:39.8382949+00:00 ContainerStream:                 Start and Daemonize any application:
2026-07-17T14:43:39.8382982+00:00 ContainerStream:                 $ pm2 start app.js
2026-07-17T14:43:39.8382998+00:00 ContainerStream: 
2026-07-17T14:43:39.8383015+00:00 ContainerStream:                 Load Balance 4 instances of api.js:
2026-07-17T14:43:39.8383032+00:00 ContainerStream:                 $ pm2 start api.js -i 4
2026-07-17T14:43:39.8383047+00:00 ContainerStream: 
2026-07-17T14:43:39.8383063+00:00 ContainerStream:                 Monitor in production:
2026-07-17T14:43:39.8383081+00:00 ContainerStream:                 $ pm2 monitor
2026-07-17T14:43:39.8383115+00:00 ContainerStream: 
2026-07-17T14:43:39.8383133+00:00 ContainerStream:                 Make pm2 auto-boot at server restart:
2026-07-17T14:43:39.8383150+00:00 ContainerStream:                 $ pm2 startup
2026-07-17T14:43:39.8383164+00:00 ContainerStream: 
2026-07-17T14:43:39.8383180+00:00 ContainerStream:                 To go further checkout:
2026-07-17T14:43:39.8390219+00:00 ContainerStream:                 http://pm2.io/
2026-07-17T14:43:39.8390325+00:00 ContainerStream: 
2026-07-17T14:43:39.8390365+00:00 ContainerStream: 
2026-07-17T14:43:39.8390383+00:00 ContainerStream:                         -------------
2026-07-17T14:43:39.8390399+00:00 ContainerStream: 
2026-07-17T14:43:39.8664956+00:00 ContainerStream: pm2 launched in no-daemon mode (you can add DEBUG="*" env variable to get more messages)
2026-07-17T14:43:41.6936876+00:00 ContainerStream: 2026-07-17T14:43:41: PM2 log: Launching in no daemon mode
2026-07-17T14:43:42.1311737+00:00 ContainerStream: 2026-07-17T14:43:42: PM2 log: [PM2] This PM2 is not UP TO DATE
2026-07-17T14:43:42.1312355+00:00 ContainerStream: 2026-07-17T14:43:42: PM2 log: [PM2] Upgrade to version 7.0.3
2026-07-17T14:43:42.2224683+00:00 ContainerStream: 2026-07-17T14:43:42: PM2 log: [PM2] Starting /usr/local/lib/node_modules/pm2/lib/API/Serve.js in fork_mode (1 instance)
2026-07-17T14:43:42.2731335+00:00 ContainerStream: 2026-07-17T14:43:42: PM2 log: App [static-page-server-8080:0] starting in -fork mode-
2026-07-17T14:43:42.4405420+00:00 ContainerStream: 2026-07-17T14:43:42: PM2 log: App [static-page-server-8080:0] online
2026-07-17T14:43:42.5110381+00:00 ContainerStream: 2026-07-17T14:43:42: PM2 log: [PM2] Done.
2026-07-17T14:43:42.5128723+00:00 ContainerStream: 2026-07-17T14:43:42: PM2 log: [PM2] Serving /home/site/wwwroot on port 8080
2026-07-17T14:43:42.8304578+00:00 ContainerStream: 2026-07-17T14:43:42: PM2 log: ┌────┬────────────────────────────┬─────────────┬─────────┬─────────┬──────────┬────────┬──────┬───────────┬──────────┬──────────┬──────────┬──────────┐
2026-07-17T14:43:42.8305244+00:00 ContainerStream: │ id │ name                       │ namespace   │ version │ mode    │ pid      │ uptime │ ↺    │ status    │ cpu      │ mem      │ user     │ watching │
2026-07-17T14:43:42.8305311+00:00 ContainerStream: ├────┼────────────────────────────┼─────────────┼─────────┼─────────┼──────────┼────────┼──────┼───────────┼──────────┼──────────┼──────────┼──────────┤
2026-07-17T14:43:42.8305420+00:00 ContainerStream: │ 0  │ static-page-server-8080    │ default     │ 6.0.5   │ fork    │ 1868     │ 0s     │ 0    │ online    │ 0%       │ 27.1mb   │ root     │ disabled │
2026-07-17T14:43:42.8305477+00:00 ContainerStream: └────┴────────────────────────────┴─────────────┴─────────┴─────────┴──────────┴────────┴──────┴───────────┴──────────┴──────────┴──────────┴──────────┘
2026-07-17T14:43:42.8323830+00:00 ContainerStream: 2026-07-17T14:43:42: PM2 log: [--no-daemon] Continue to stream logs
2026-07-17T14:43:42.8421162+00:00 ContainerStream: 2026-07-17T14:43:42: PM2 log: [--no-daemon] Exit on target PM2 exit pid=1853
2026-07-17T14:43:44.1884921+00:00 ContainerStream: 14:43:44 0|static-page-server-8080  | Exposing /home/site/wwwroot directory on 0.0.0.0:8080
2026-07-17T14:43:44.5016699+00:00 ContainerStatus: Site startup probe succeeded after 33.0888553 seconds.
2026-07-17T14:43:44.7208963+00:00 ContainerStatus: State: Starting, Action: WarmUpProbeSucceeded, LastError: , LastErrorTimestamp: 01/01/0001 00:00:00, LastErrorDetails: , Details: Site startup probe succeeded after 33.0888553 seconds., DetailsLevel: INFO
2026-07-17T14:43:45.6508730+00:00 ContainerStatus: Site is running with deployment version: 7dc0e0a6-8f41-4a4a-9e9d-ac5420efaccc
2026-07-17T14:43:45.6582870+00:00 ContainerStatus: Site started.
2026-07-17T14:43:45.6584440+00:00 ContainerStatus: State: Started, Action: None, LastError: , LastErrorTimestamp: 01/01/0001 00:00:00, LastErrorDetails: , Details: Site started at 07/17/2026 14:43:45 (UTC), DetailsLevel: INFO
2026-07-17T14:43:45.6676798+00:00 ContainerStatus: Site is running with patch version NODE-22.22.2
========== New Cold Start Attempt (2026-07-17T14:44:06.7821309+00:00) ==========
2026-07-17T14:44:06.7821309+00:00 ContainerStatus: State: Stopping, Action: StoppingSiteContainers, LastError: VNETFailure, LastErrorTimestamp: 07/17/2026 14:11:46, LastErrorDetails: There was an issue setting up VNet., Details: Site started at 07/17/2026 14:33:24 (UTC), DetailsLevel: INFO
2026-07-17T14:44:06.7824834+00:00 ContainerStatus: Container is terminating. Grace period: 5 seconds.
2026-07-17T14:44:06.9762607+00:00 ContainerStatus: Stop and delete container. Retry count = 0
2026-07-17T14:44:06.9774189+00:00 ContainerStatus: Stopping container: 0396c178d6fe_babitk-app.
2026-07-17T14:44:12.7039409+00:00 ContainerStatus: Deleting container: 0396c178d6fe_babitk-app. Retry count = 0
2026-07-17T14:44:13.8013273+00:00 ContainerStatus: Container spec TerminationMessagePolicy  path 
2026-07-17T14:44:13.8019148+00:00 ContainerStatus: Container is terminated. Total time elapsed: 7018 ms.
2026-07-17T14:44:13.8101569+00:00 ContainerStatus: Site: babitk-app stopped.
2026-07-17T14:44:15.6898593+00:00 ContainerStatus: State: Starting, Action: EstablishingSiteNetworks, LastError: , LastErrorTimestamp: 01/01/0001 00:00:00, LastErrorDetails: , Details: , DetailsLevel: INFO
2026-07-17T14:44:18.6516051+00:00 ContainerStatus: State: Starting, Action: StartingSiteContainers, LastError: , LastErrorTimestamp: 01/01/0001 00:00:00, LastErrorDetails: , Details: , DetailsLevel: INFO
2026-07-17T14:44:18.6518762+00:00 ContainerStatus: Container start method called.
2026-07-17T14:44:18.6522019+00:00 ContainerStatus: State: Starting, Action: PullingImage, LastError: , LastErrorTimestamp: 01/01/0001 00:00:00, LastErrorDetails: , Details: Pulling image 10.1.0.4:13209/appsvc/node:22-lts_20260504.4.tuxprod for babitk-app., DetailsLevel: INFO
2026-07-17T14:44:18.6523741+00:00 ContainerStatus: Establishing network.
2026-07-17T14:44:18.6526603+00:00 ContainerStatus: Pulling image: appsvc/node:22-lts_20260504.4.tuxprod.
2026-07-17T14:44:20.1812851+00:00 ContainerStatus: Container is starting.
2026-07-17T14:44:20.1813926+00:00 ContainerStatus: State: Starting, Action: MountingVolumes, LastError: , LastErrorTimestamp: 01/01/0001 00:00:00, LastErrorDetails: , Details: Mounting volumes for babitk-app., DetailsLevel: INFO
2026-07-17T14:44:20.1899533+00:00 ContainerStatus: Establishing user namespace if not established already.
2026-07-17T14:44:20.1911825+00:00 ContainerStatus: Establishing network if not established already.
2026-07-17T14:44:20.1993018+00:00 ContainerStatus: Mounting volumes.
2026-07-17T14:44:20.1995451+00:00 ContainerStatus: Nested mountpoint 
2026-07-17T14:44:20.2994120+00:00 ContainerStatus: Nested mountpoint volatile/logs
2026-07-17T14:44:20.3100624+00:00 ContainerStatus: Nested mountpoint 
2026-07-17T14:44:20.3692293+00:00 ContainerStatus: Nested mountpoint 
2026-07-17T14:44:20.3789874+00:00 ContainerStatus: Nested mountpoint 
2026-07-17T14:44:20.3909255+00:00 ContainerStatus: Nested mountpoint 
2026-07-17T14:44:21.6795698+00:00 ContainerStatus: State: Starting, Action: CreatingContainer, LastError: , LastErrorTimestamp: 01/01/0001 00:00:00, LastErrorDetails: , Details: Finished pulling container image and mounting volumes for babitk-app. Allocatinng the rest of the container resources to finish container creation., DetailsLevel: INFO
2026-07-17T14:44:21.6797413+00:00 ContainerStatus: Creating container.
2026-07-17T14:44:21.6798497+00:00 ContainerStatus: Creating pipes for streaming container io.
2026-07-17T14:44:21.6799269+00:00 ContainerStatus: Creating stdout named pipe at /podr/container/pipe/73f30cbe3ea6_babitk-app/stdout_72844ee8bdba430687c89df2b1336cb3.
2026-07-17T14:44:21.6802123+00:00 ContainerStatus: Successfully created stdout named pipe at: /podr/container/pipe/73f30cbe3ea6_babitk-app/stdout_72844ee8bdba430687c89df2b1336cb3.
2026-07-17T14:44:21.7388574+00:00 ContainerStatus: Opening named pipe /podr/container/pipe/73f30cbe3ea6_babitk-app/stdout_72844ee8bdba430687c89df2b1336cb3 for reading in non-blocking mode.
2026-07-17T14:44:21.7392794+00:00 ContainerStatus: Successfully opened named pipe: /podr/container/pipe/73f30cbe3ea6_babitk-app/stdout_72844ee8bdba430687c89df2b1336cb3.
2026-07-17T14:44:21.7393593+00:00 ContainerStatus: Successfully removed non-blocking flag from /podr/container/pipe/73f30cbe3ea6_babitk-app/stdout_72844ee8bdba430687c89df2b1336cb3.
2026-07-17T14:44:21.7394575+00:00 ContainerStatus: Creating stderr named pipe at /podr/container/pipe/73f30cbe3ea6_babitk-app/stderr_29455462569d497b90ff19981ee02305.
2026-07-17T14:44:21.7395798+00:00 ContainerStatus: Successfully created stderr named pipe at: /podr/container/pipe/73f30cbe3ea6_babitk-app/stderr_29455462569d497b90ff19981ee02305.
2026-07-17T14:44:21.7396332+00:00 ContainerStatus: Opening named pipe /podr/container/pipe/73f30cbe3ea6_babitk-app/stderr_29455462569d497b90ff19981ee02305 for reading in non-blocking mode.
2026-07-17T14:44:21.7396918+00:00 ContainerStatus: Successfully opened named pipe: /podr/container/pipe/73f30cbe3ea6_babitk-app/stderr_29455462569d497b90ff19981ee02305.
2026-07-17T14:44:21.7397419+00:00 ContainerStatus: Successfully removed non-blocking flag from /podr/container/pipe/73f30cbe3ea6_babitk-app/stderr_29455462569d497b90ff19981ee02305.
2026-07-17T14:44:21.7398077+00:00 ContainerStatus: Creating container with image: appsvc/node:22-lts_20260504.4.tuxprod from registry: 10.1.0.4:13209 and fully qualified image name: 10.1.0.4:13209/appsvc/node:22-lts_20260504.4.tuxprod
2026-07-17T14:44:22.9791556+00:00 ContainerStatus: Starting container: 73f30cbe3ea6_babitk-app.
2026-07-17T14:44:23.1466165+00:00 ContainerStatus: Starting watchers and probes.
2026-07-17T14:44:23.1487664+00:00 ContainerStatus: Starting metrics collection.
2026-07-17T14:44:23.1572465+00:00 ContainerStatus: Container is running.
2026-07-17T14:44:23.1574089+00:00 ContainerStatus: State: Starting, Action: CreatingContainer, LastError: , LastErrorTimestamp: 01/01/0001 00:00:00, LastErrorDetails: , Details: Container babitk-app successfully created and is running., DetailsLevel: INFO
2026-07-17T14:44:23.4075197+00:00 ContainerStatus: Container start method finished after 4755 ms.
2026-07-17T14:44:23.4076497+00:00 ContainerStatus: State: Starting, Action: InitiatingSiteWarmUpProbe, LastError: , LastErrorTimestamp: 01/01/0001 00:00:00, LastErrorDetails: , Details: Container babitk-app successfully created and is running., DetailsLevel: INFO
2026-07-17T14:44:23.4083000+00:00 ContainerStatus: State: Starting, Action: WaitingForSiteWarmUpProbeSuccess, LastError: , LastErrorTimestamp: 01/01/0001 00:00:00, LastErrorDetails: , Details: Pinging warmup path to ensure container is ready to receive requests., DetailsLevel: INFO
2026-07-17T14:44:24.7119791+00:00 ContainerStream:    _____                               
2026-07-17T14:44:24.7121451+00:00 ContainerStream:   /  _  \ __________ _________   ____  
2026-07-17T14:44:24.7121488+00:00 ContainerStream:  /  /_\  \\___   /  |  \_  __ \_/ __ \ 
2026-07-17T14:44:24.7121506+00:00 ContainerStream: /    |    \/    /|  |  /|  | \/\  ___/ 
2026-07-17T14:44:24.7121523+00:00 ContainerStream: \____|__  /_____ \____/ |__|    \___  >
2026-07-17T14:44:24.7121605+00:00 ContainerStream:         \/      \/                  \/ 
2026-07-17T14:44:24.7121627+00:00 ContainerStream: A P P   S E R V I C E   O N   L I N U X
2026-07-17T14:44:24.7121643+00:00 ContainerStream: 
2026-07-17T14:44:24.7121665+00:00 ContainerStream: Documentation    : http://aka.ms/webapp-linux
2026-07-17T14:44:24.7121685+00:00 ContainerStream: NodeJS quickstart: https://aka.ms/node-qs
2026-07-17T14:44:24.7121702+00:00 ContainerStream: NodeJS Version   : v22.22.2
2026-07-17T14:44:24.7121719+00:00 ContainerStream: Instance Name    : lw1sdlwk0000OJ
2026-07-17T14:44:24.7121761+00:00 ContainerStream: Instance Id      : e853b0d521c13ae8cb31bbb09a3a1872c5b2865061d0d453c8b371a72b35cb7a
2026-07-17T14:44:24.7121777+00:00 ContainerStream: 
2026-07-17T14:44:24.7121795+00:00 ContainerStream: Note: Any data outside '/home' is not persisted
2026-07-17T14:44:35.6041625+00:00 ContainerStream: Starting OpenBSD Secure Shell server: sshd.
2026-07-17T14:44:35.6324814+00:00 ContainerStream: WEBSITES_INCLUDE_CLOUD_CERTS is not set to true.
2026-07-17T14:44:35.7146134+00:00 ContainerStream: Updating certificates in /etc/ssl/certs...
2026-07-17T14:44:58.0772203+00:00 ContainerStream: rehash: warning: skipping duplicate certificate in azl_SSL.com_TLS_ECC_Root_CA_2022.pem
2026-07-17T14:44:58.0847257+00:00 ContainerStream: rehash: warning: skipping duplicate certificate in azl_SSL.com_TLS_RSA_Root_CA_2022.pem
2026-07-17T14:44:58.2463069+00:00 ContainerStream: rehash: warning: skipping ca-certificates.crt,it does not contain exactly one certificate or CRL
2026-07-17T14:44:58.2845851+00:00 ContainerStream: 4 added, 0 removed; done.
2026-07-17T14:44:58.2849416+00:00 ContainerStream: Running hooks in /etc/ca-certificates/update.d...
2026-07-17T14:44:58.2943168+00:00 ContainerStream: done.
2026-07-17T14:44:58.3066022+00:00 ContainerStream: CA certificates copied and updated successfully.
2026-07-17T14:44:58.5462107+00:00 ContainerStream: Starting periodic command scheduler: cron.
2026-07-17T14:44:58.7942012+00:00 ContainerStream: Could not find build manifest file at '/home/site/wwwroot/oryx-manifest.toml'
2026-07-17T14:44:58.7949955+00:00 ContainerStream: Could not find operation ID in manifest. Generating an operation id...
2026-07-17T14:44:58.7954759+00:00 ContainerStream: Build Operation ID: 48cb6df8-47a9-483c-b5d1-45b4e88455a1
2026-07-17T14:44:59.3237392+00:00 ContainerStream: Environment Variables for Application Insight's IPA Codeless Configuration exists..
2026-07-17T14:44:59.3558123+00:00 ContainerStream: Writing output script to '/opt/startup/startup.sh'
2026-07-17T14:44:59.5054829+00:00 ContainerStream: Running #!/bin/sh
2026-07-17T14:44:59.5055358+00:00 ContainerStream: 
2026-07-17T14:44:59.5055441+00:00 ContainerStream: # Enter the source directory to make sure the script runs where the user expects
2026-07-17T14:44:59.5055469+00:00 ContainerStream: cd "/home/site/wwwroot"
2026-07-17T14:44:59.5055484+00:00 ContainerStream: 
2026-07-17T14:44:59.5055502+00:00 ContainerStream: export NODE_PATH=/usr/local/lib/node_modules:$NODE_PATH
2026-07-17T14:44:59.5055520+00:00 ContainerStream: if [ -z "$PORT" ]; then
2026-07-17T14:44:59.5055536+00:00 ContainerStream: 		export PORT=8080
2026-07-17T14:44:59.5055551+00:00 ContainerStream: fi
2026-07-17T14:44:59.5055585+00:00 ContainerStream: 
2026-07-17T14:44:59.5131280+00:00 ContainerStream: PATH="$PATH:/home/site/wwwroot" pm2 serve /home/site/wwwroot --no-daemon --spa
2026-07-17T14:45:02.9823630+00:00 ContainerStream: 
2026-07-17T14:45:02.9824313+00:00 ContainerStream:                         -------------
2026-07-17T14:45:02.9824346+00:00 ContainerStream: 
2026-07-17T14:45:02.9824366+00:00 ContainerStream: __/\\\\\\\\\\\\\____/\\\\____________/\\\\____/\\\\\\\\\_____
2026-07-17T14:45:02.9824390+00:00 ContainerStream:  _\/\\\/////////\\\_\/\\\\\\________/\\\\\\__/\\\///////\\\___
2026-07-17T14:45:02.9824495+00:00 ContainerStream:   _\/\\\_______\/\\\_\/\\\//\\\____/\\\//\\\_\///______\//\\\__
2026-07-17T14:45:02.9824515+00:00 ContainerStream:    _\/\\\\\\\\\\\\\/__\/\\\\///\\\/\\\/_\/\\\___________/\\\/___
2026-07-17T14:45:02.9824534+00:00 ContainerStream:     _\/\\\/////////____\/\\\__\///\\\/___\/\\\________/\\\//_____
2026-07-17T14:45:02.9824553+00:00 ContainerStream:      _\/\\\_____________\/\\\____\///_____\/\\\_____/\\\//________
2026-07-17T14:45:02.9824574+00:00 ContainerStream:       _\/\\\_____________\/\\\_____________\/\\\___/\\\/___________
2026-07-17T14:45:02.9824593+00:00 ContainerStream:        _\/\\\_____________\/\\\_____________\/\\\__/\\\\\\\\\\\\\\\_
2026-07-17T14:45:02.9824626+00:00 ContainerStream:         _\///______________\///______________\///__\///////////////__
2026-07-17T14:45:02.9824642+00:00 ContainerStream: 
2026-07-17T14:45:02.9824657+00:00 ContainerStream: 
2026-07-17T14:45:02.9824674+00:00 ContainerStream:                           Runtime Edition
2026-07-17T14:45:02.9824690+00:00 ContainerStream: 
2026-07-17T14:45:02.9824707+00:00 ContainerStream:         PM2 is a Production Process Manager for Node.js applications
2026-07-17T14:45:02.9824760+00:00 ContainerStream:                      with a built-in Load Balancer.
2026-07-17T14:45:02.9824777+00:00 ContainerStream: 
2026-07-17T14:45:02.9824794+00:00 ContainerStream:                 Start and Daemonize any application:
2026-07-17T14:45:02.9824811+00:00 ContainerStream:                 $ pm2 start app.js
2026-07-17T14:45:02.9824826+00:00 ContainerStream: 
2026-07-17T14:45:02.9824843+00:00 ContainerStream:                 Load Balance 4 instances of api.js:
2026-07-17T14:45:02.9824860+00:00 ContainerStream:                 $ pm2 start api.js -i 4
2026-07-17T14:45:02.9824983+00:00 ContainerStream: 
2026-07-17T14:45:02.9825000+00:00 ContainerStream:                 Monitor in production:
2026-07-17T14:45:02.9825017+00:00 ContainerStream:                 $ pm2 monitor
2026-07-17T14:45:02.9825034+00:00 ContainerStream: 
2026-07-17T14:45:02.9825052+00:00 ContainerStream:                 Make pm2 auto-boot at server restart:
2026-07-17T14:45:02.9825068+00:00 ContainerStream:                 $ pm2 startup
2026-07-17T14:45:02.9825083+00:00 ContainerStream: 
2026-07-17T14:45:02.9825098+00:00 ContainerStream:                 To go further checkout:
2026-07-17T14:45:02.9901230+00:00 ContainerStream:                 http://pm2.io/
2026-07-17T14:45:02.9901415+00:00 ContainerStream: 
2026-07-17T14:45:02.9901436+00:00 ContainerStream: 
2026-07-17T14:45:02.9901459+00:00 ContainerStream:                         -------------
2026-07-17T14:45:02.9901482+00:00 ContainerStream: 
2026-07-17T14:45:03.0316439+00:00 ContainerStream: pm2 launched in no-daemon mode (you can add DEBUG="*" env variable to get more messages)
2026-07-17T14:45:04.1710107+00:00 ContainerStream: 2026-07-17T14:45:04: PM2 log: Launching in no daemon mode
2026-07-17T14:45:04.4620850+00:00 ContainerStream: 2026-07-17T14:45:04: PM2 log: [PM2] This PM2 is not UP TO DATE
2026-07-17T14:45:04.4813542+00:00 ContainerStream: 2026-07-17T14:45:04: PM2 log: [PM2] Upgrade to version 7.0.3
2026-07-17T14:45:04.5014092+00:00 ContainerStream: 2026-07-17T14:45:04: PM2 log: [PM2] Starting /usr/local/lib/node_modules/pm2/lib/API/Serve.js in fork_mode (1 instance)
2026-07-17T14:45:04.5122373+00:00 ContainerStream: 2026-07-17T14:45:04: PM2 log: App [static-page-server-8080:0] starting in -fork mode-
2026-07-17T14:45:04.6622158+00:00 ContainerStream: 2026-07-17T14:45:04: PM2 log: App [static-page-server-8080:0] online
2026-07-17T14:45:04.6800888+00:00 ContainerStream: 2026-07-17T14:45:04: PM2 log: [PM2] Done.
2026-07-17T14:45:04.6808720+00:00 ContainerStream: 2026-07-17T14:45:04: PM2 log: [PM2] Serving /home/site/wwwroot on port 8080
2026-07-17T14:45:04.9201015+00:00 ContainerStream: 2026-07-17T14:45:04: PM2 log: ┌────┬────────────────────────────┬─────────────┬─────────┬─────────┬──────────┬────────┬──────┬───────────┬──────────┬──────────┬──────────┬──────────┐
2026-07-17T14:45:04.9201740+00:00 ContainerStream: │ id │ name                       │ namespace   │ version │ mode    │ pid      │ uptime │ ↺    │ status    │ cpu      │ mem      │ user     │ watching │
2026-07-17T14:45:04.9201789+00:00 ContainerStream: ├────┼────────────────────────────┼─────────────┼─────────┼─────────┼──────────┼────────┼──────┼───────────┼──────────┼──────────┼──────────┼──────────┤
2026-07-17T14:45:04.9201821+00:00 ContainerStream: │ 0  │ static-page-server-8080    │ default     │ 6.0.5   │ fork    │ 1876     │ 0s     │ 0    │ online    │ 0%       │ 33.1mb   │ root     │ disabled │
2026-07-17T14:45:04.9201859+00:00 ContainerStream: └────┴────────────────────────────┴─────────────┴─────────┴─────────┴──────────┴────────┴──────┴───────────┴──────────┴──────────┴──────────┴──────────┘
2026-07-17T14:45:04.9295636+00:00 ContainerStream: 2026-07-17T14:45:04: PM2 log: [--no-daemon] Continue to stream logs
2026-07-17T14:45:04.9299321+00:00 ContainerStream: 2026-07-17T14:45:04: PM2 log: [--no-daemon] Exit on target PM2 exit pid=1852
2026-07-17T14:45:05.8501651+00:00 ContainerStream: 14:45:05 0|static-page-server-8080  | Exposing /home/site/wwwroot directory on 0.0.0.0:8080
2026-07-17T14:45:06.4465745+00:00 ContainerStatus: Site startup probe succeeded after 43.0378357 seconds.
2026-07-17T14:45:06.6867179+00:00 ContainerStatus: State: Starting, Action: WarmUpProbeSucceeded, LastError: , LastErrorTimestamp: 01/01/0001 00:00:00, LastErrorDetails: , Details: Site startup probe succeeded after 43.0378357 seconds., DetailsLevel: INFO
2026-07-17T14:45:07.0959697+00:00 ContainerStatus: Site is running with deployment version: 7dc0e0a6-8f41-4a4a-9e9d-ac5420efaccc
2026-07-17T14:45:07.0963949+00:00 ContainerStatus: Site started.
2026-07-17T14:45:07.0967591+00:00 ContainerStatus: State: Started, Action: None, LastError: , LastErrorTimestamp: 01/01/0001 00:00:00, LastErrorDetails: , Details: Site started at 07/17/2026 14:45:07 (UTC), DetailsLevel: INFO
2026-07-17T14:45:07.0969910+00:00 ContainerStatus: Site is running with patch version NODE-22.22.2
